Date,AAPL,MSFT,GOOGL,AMZN,NVDA,SPY
2021-01-04,125.63249206542969,207.5653839111328,85.49298095703125,159.3314971923828,13.046195983886719,341.58868408203125
2021-01-05,127.1858139038086,207.76564025878906,86.18241119384766,160.92550659179688,13.335952758789062,343.9413757324219
2021-01-06,122.90451049804688,202.37841796875,85.33200073242188,156.91900634765625,12.549758911132812,345.9975891113281
2021-01-07,127.09842681884766,208.13751220703125,87.8807601928711,158.10800170898438,13.2755126953125,351.1382751464844
2021-01-08,128.19549560546875,209.40557861328125,89.044189453125,159.13499450683594,13.20860767364502,353.1389465332031
2021-01-11,125.21501922607422,207.3747100830078,86.98676300048828,155.7104949951172,13.55158805847168,350.7584228515625
2021-01-12,125.04031372070312,204.9337615966797,86.0526351928711,156.04150390625,13.415542602539062,350.83251953125
2021-01-13,127.06930541992188,206.27816772460938,86.53901672363281,158.29449462890625,13.462302207946777,351.7773742675781
2021-01-14,125.1471176147461,203.11253356933594,85.73023223876953,156.37350463867188,13.132501602172852,350.54541015625
2021-01-15,123.42877197265625,202.759765625,85.56676483154297,155.21249389648438,12.793501853942871,347.989013671875
2021-01-19,124.0986099243164,206.37350463867188,88.38248443603516,156.03799438476562,12.95840072631836,350.721435546875
2021-01-20,128.17601013183594,213.90609741210938,93.117431640625,163.16900634765625,13.297154426574707,355.574951171875
2021-01-21,132.87477111816406,214.50680541992188,93.31950378417969,165.34950256347656,13.796329498291016,355.899169921875
2021-01-22,135.01052856445312,215.44122314453125,93.73603820800781,164.6114959716797,13.642122268676758,354.6394348144531
2021-01-25,138.7481231689453,218.85470581054688,93.82121276855469,164.6999969482422,13.58317756652832,356.0380554199219
2021-01-26,138.98114013671875,221.5244598388672,94.498291015625,166.30650329589844,13.366296768188477,355.4823303222656
2021-01-27,137.9132537841797,222.06796264648438,90.08972930908203,161.62899780273438,12.851452827453613,346.79412841796875
2021-01-28,133.08828735351562,227.81752014160156,91.78659057617188,161.88099670410156,12.984018325805664,349.77667236328125
2021-01-29,128.1080322265625,221.17172241210938,90.50676727294922,160.30999755859375,12.92308235168457,342.7742919921875
2021-02-01,130.2244110107422,228.5040283203125,93.76129913330078,167.1439971923828,13.16906452178955,348.4798889160156
2021-02-02,131.0496368408203,228.37051391601562,95.05150604248047,169.0,13.487171173095703,353.4075622558594
2021-02-03,130.03028869628906,231.69825744628906,101.9736557006836,165.62649536132812,13.46105670928955,353.6853942871094
2021-02-04,133.3795928955078,230.75425720214844,101.713623046875,166.5500030517578,13.594120025634766,357.70538330078125
2021-02-05,132.9663543701172,230.93544006347656,103.45703887939453,167.6074981689453,13.521247863769531,359.1131286621094
2021-02-08,133.11216735839844,231.19285583496094,103.24356079101562,166.14700317382812,14.364646911621094,361.7066650390625
2021-02-09,132.2371368408203,232.4324493408203,102.7913589477539,165.25,14.190047264099121,361.4657897949219
2021-02-10,131.63429260253906,231.526611328125,103.34062194824219,164.32899475097656,14.6884765625,361.308349609375
2021-02-11,131.38157653808594,233.118896484375,103.45306396484375,163.10650634765625,15.172478675842285,361.8919372558594
2021-02-12,131.6148681640625,233.5956268310547,103.76412963867188,163.885498046875,14.884465217590332,363.67962646484375
2021-02-16,129.49539184570312,232.36566162109375,104.54023742675781,163.44749450683594,15.251570701599121,363.3645935058594
2021-02-17,127.2105484008789,233.37869262695312,104.9324951171875,165.4320068359375,14.829499244689941,363.447998046875
2021-02-18,126.1119155883789,232.98683166503906,104.29802703857422,166.4114990234375,14.75289249420166,361.90118408203125
2021-02-19,126.26749420166016,230.29180908203125,103.45603942871094,162.4949951171875,14.849893569946289,361.26202392578125
2021-02-22,122.50483703613281,224.1180877685547,101.74482727050781,159.03700256347656,14.282072067260742,358.4833679199219
2021-02-23,122.36869812011719,222.93299865722656,102.0350570678711,159.72500610351562,14.06942081451416,358.91864013671875
2021-02-24,121.87284851074219,224.15631103515625,103.20838165283203,157.97650146484375,14.42458724975586,362.87371826171875
2021-02-25,117.63378143310547,218.8427276611328,99.84738159179688,152.85800170898438,13.239200592041016,354.1299743652344
2021-02-26,117.89630126953125,222.08248901367188,100.14257049560547,154.64649963378906,13.644113540649414,352.3052673339844
2021-03-01,124.24517822265625,226.44036865234375,102.507568359375,157.3070068359375,13.770711898803711,360.8453063964844
2021-03-02,121.64923095703125,223.5064697265625,102.25100708007812,154.72650146484375,13.337446212768555,358.0295104980469
2021-03-03,118.67410278320312,217.47605895996094,99.62252044677734,150.25,12.739033699035645,353.2871398925781
2021-03-04,116.79765319824219,216.6828155517578,100.7379150390625,148.8784942626953,12.306764602661133,348.915283203125
2021-03-05,118.0518569946289,221.33705139160156,103.86515045166016,150.0229949951172,12.397543907165527,355.33416748046875
2021-03-08,113.13221740722656,217.3135986328125,99.42886352539062,147.59750366210938,11.533751487731934,353.56500244140625
2021-03-09,117.73102569580078,223.4204559326172,101.05638122558594,153.1425018310547,12.460291862487793,358.6130065917969
2021-03-10,116.65182495117188,222.12066650390625,100.84983825683594,152.8820037841797,12.408543586730957,360.8453063964844
2021-03-11,118.576904296875,226.62200927734375,104.0370101928711,155.67950439453125,12.931278228759766,364.5038757324219
2021-03-12,117.67268371582031,225.3031463623047,101.53382873535156,154.47450256347656,12.79443359375,364.9949035644531
2021-03-15,120.55057525634766,224.40478515625,101.75373840332031,154.08399963378906,13.128076553344727,367.17144775390625
2021-03-16,122.08676147460938,227.17628479003906,103.2123794555664,154.59300231933594,13.22760009765625,366.7084045410156
2021-03-17,121.29922485351562,226.5359649658203,103.12964630126953,156.7864990234375,13.277359962463379,367.95880126953125
2021-03-18,117.1865463256836,220.4960479736328,100.11433410644531,151.39950561523438,12.66157341003418,362.60516357421875
2021-03-19,116.66153717041016,220.14242553710938,100.3927001953125,153.7480010986328,12.784233093261719,361.93426513671875
2021-03-22,119.96722412109375,225.5325469970703,100.57743072509766,155.5435028076172,13.123100280761719,364.82421875
2021-03-23,119.14080047607422,227.0520477294922,101.10442352294922,156.875,13.00815486907959,361.95281982421875
2021-03-24,116.75875854492188,225.0260009765625,100.66857147216797,154.35350036621094,12.582452774047852,360.11279296875
2021-03-25,117.2448959350586,222.0442657470703,100.66510009765625,152.31300354003906,12.475220680236816,362.1386413574219
2021-03-26,117.84769439697266,226.00079345703125,100.2822494506836,152.60150146484375,12.777761459350586,367.9744567871094
2021-03-29,118.02269744873047,224.8157196044922,101.3253173828125,153.7864990234375,12.886242866516113,367.7886047363281
2021-03-30,116.57403564453125,221.57594299316406,101.35899353027344,152.76449584960938,12.810108184814453,366.8128356933594
2021-03-31,118.7616195678711,225.32225036621094,102.15393829345703,154.70399475097656,13.284326553344727,368.29974365234375
2021-04-01,119.58804321289062,231.6106414794922,105.48523712158203,158.0500030517578,13.745607376098633,372.2769775390625
2021-04-05,122.40760040283203,238.03294372558594,109.90218353271484,161.3365020751953,13.920514106750488,377.620361328125
2021-04-06,122.70899963378906,236.8765106201172,109.4217758178711,161.1909942626953,13.79511833190918,377.3973388671875
2021-04-07,124.35212707519531,238.8260955810547,110.89624786376953,163.96949768066406,14.07576847076416,377.8340759277344
2021-04-08,126.74388122558594,242.0276641845703,111.46086120605469,164.96499633789062,14.248438835144043,379.62762451171875
2021-04-09,129.31065368652344,244.51248168945312,112.46334075927734,168.61000061035156,14.331040382385254,382.3875732421875
2021-04-12,127.5994873046875,244.56979370117188,111.1731185913086,168.96949768066406,15.136163711547852,382.5269470214844
2021-04-13,130.70098876953125,247.03546142578125,111.65897369384766,170.0,15.604413986206055,383.66058349609375
2021-04-14,128.36756896972656,244.26394653320312,111.03888702392578,166.64999389648438,15.203842163085938,382.3503723144531
2021-04-15,130.76904296875,248.00064086914062,113.18545532226562,168.95449829101562,16.05997085571289,386.4577331542969
2021-04-16,130.4384765625,249.18572998046875,113.06163787841797,169.9720001220703,15.836296081542969,387.74945068359375
2021-04-19,131.099609375,247.2743682861328,113.40882873535156,168.60049438476562,15.288182258605957,385.8445129394531
2021-04-20,129.4176025390625,246.8156280517578,112.87640380859375,166.7344970703125,15.098594665527344,383.01953125
2021-04-21,129.7967529296875,249.03286743164062,112.84371185302734,168.1009979248047,15.286940574645996,386.6435546875
2021-04-22,128.28004455566406,245.77392578125,111.56439208984375,165.45199584960938,14.779132843017578,383.11236572265625
2021-04-23,130.59400939941406,249.5775604248047,113.91253662109375,167.04400634765625,15.192145347595215,387.26617431640625
2021-04-26,130.9829559326172,249.95982360839844,114.40782928466797,170.4499969482422,15.403874397277832,388.07464599609375
2021-04-27,130.66209411621094,250.36131286621094,113.4692611694336,170.8715057373047,15.308087348937988,387.9910583496094
2021-04-28,129.8745880126953,243.2795867919922,116.84017944335938,172.9250030517578,15.203591346740723,387.87957763671875
2021-04-29,129.77732849121094,241.3204345703125,118.51028442382812,173.5655059814453,15.251361846923828,390.3514404296875
2021-04-30,127.81339263916016,241.0050811767578,116.5657958984375,173.37100219726562,14.9376220703125,387.78668212890625
2021-05-03,128.86341857910156,240.6992645263672,116.04972076416016,169.32449340820312,14.765697479248047,388.6230163574219
2021-05-04,124.30350494384766,236.8096160888672,114.25428771972656,165.593505859375,14.282520294189453,386.22552490234375
2021-05-05,124.54657745361328,235.54811096191406,114.64754486083984,163.52699279785156,14.389259338378906,386.34619140625
2021-05-06,126.14105987548828,238.66363525390625,115.76590728759766,165.31849670410156,14.453449249267578,389.4315185546875
2021-05-07,126.81307983398438,241.27264404296875,116.48802947998047,164.58050537109375,14.741315841674805,392.2657775878906
2021-05-10,123.54074096679688,236.2266082763672,113.50740051269531,159.52450561523438,14.197434425354004,388.3814392089844
2021-05-11,122.62525939941406,235.3187255859375,112.43311309814453,161.19549560546875,14.237735748291016,384.9151611328125
2021-05-12,119.5671615600586,228.40911865234375,108.97550964355469,157.5970001220703,13.692610740661621,376.7375183105469
2021-05-13,121.70977783203125,232.2605438232422,110.4014663696289,158.07350158691406,13.599808692932129,381.26312255859375
2021-05-14,124.12508392333984,237.15362548828125,112.84519958496094,161.14500427246094,14.174792289733887,387.1175537109375
2021-05-17,122.97586059570312,234.31529235839844,113.36722564697266,163.51950073242188,14.097661972045898,386.132568359375
2021-05-18,121.59290313720703,232.30831909179688,112.05718994140625,161.61399841308594,13.948629379272461,382.80572509765625
2021-05-19,121.43707275390625,232.883056640625,112.50443267822266,161.58999633789062,13.99838924407959,381.8020935058594
2021-05-20,123.98873901367188,236.1016082763672,114.26024627685547,162.38400268554688,14.542522430419922,385.90948486328125
2021-05-21,122.15778350830078,234.8467559814453,113.62528228759766,160.1540069580078,14.91995620727539,385.59344482421875
2021-05-24,123.78421020507812,240.2205810546875,116.93925476074219,162.24949645996094,15.53723430633545,389.5244140625
2021-05-25,123.58941650390625,241.1210174560547,117.0298843383789,162.95249938964844,15.572815895080566,388.6601867675781
2021-05-26,123.54074096679688,240.90066528320312,117.89366149902344,163.25799560546875,15.6248140335083,389.4315185546875
2021-05-27,122.01168060302734,238.81246948242188,117.02047729492188,161.5054931640625,15.413829803466797,389.6359558105469
2021-05-28,121.35916137695312,239.16680908203125,116.7317123413086,161.15350341796875,16.166706085205078,390.3328857421875
2021-06-01,121.03776550292969,236.98284912109375,117.93675231933594,160.9324951171875,16.186609268188477,389.9890441894531
2021-06-02,121.79743194580078,236.88706970214844,117.41223907470703,161.69949340820312,16.69790267944336,390.60235595703125
2021-06-03,120.31710815429688,235.364013671875,116.27257537841797,159.35049438476562,16.88848304748535,389.1526794433594
2021-06-04,122.60577392578125,240.23004150390625,118.55040740966797,160.31100463867188,17.49407196044922,392.7117614746094
2021-06-07,122.61550903320312,243.12294006347656,118.98280334472656,159.90049743652344,17.534626007080078,392.330810546875
2021-06-08,123.43360137939453,241.93516540527344,118.7916030883789,163.20550537109375,17.373403549194336,392.41436767578125
2021-06-09,123.81343078613281,242.91220092773438,119.26214599609375,164.0574951171875,17.27907943725586,391.8289489746094
2021-06-10,122.82003021240234,246.40846252441406,120.60883331298828,167.4824981689453,17.345523834228516,393.650390625
2021-06-11,124.02769470214844,247.03114318847656,120.36466217041016,167.3415069580078,17.743955612182617,394.30072021484375
2021-06-14,127.07600402832031,248.9469451904297,121.29132843017578,169.19349670410156,17.93657112121582,395.1836242675781
2021-06-15,126.2579574584961,247.48135375976562,120.27500915527344,169.156494140625,17.707365036010742,394.4588623046875
2021-06-16,126.75463104248047,246.54263305664062,119.63408660888672,170.7624969482422,17.729022979736328,392.2565002441406
2021-06-17,128.35183715820312,249.91444396972656,120.59595489501953,174.46200561523438,18.572154998779297,392.1263732910156
2021-06-18,127.05655670166016,248.5063018798828,118.97883605957031,174.34500122070312,18.553743362426758,386.83636474609375
2021-06-21,128.84852600097656,251.57154846191406,120.6642837524414,172.697998046875,18.34320068359375,392.37432861328125
2021-06-22,130.48472595214844,254.33026123046875,121.17741394042969,175.27200317382812,18.800613403320312,394.47210693359375
2021-06-23,130.21197509765625,254.10037231445312,120.97583770751953,175.1909942626953,18.970333099365234,393.9965515136719
2021-06-24,129.92962646484375,255.46058654785156,121.3453140258789,172.45399475097656,19.11790657043457,396.3273620605469
2021-06-25,129.637451171875,253.8608856201172,121.3537368774414,170.072998046875,18.9442081451416,397.7351379394531
2021-06-28,131.2638397216797,257.40509033203125,121.3809814453125,172.1945037841797,19.89385223388672,398.53692626953125
2021-06-29,132.77340698242188,259.97235107421875,121.11996459960938,172.40699768066406,19.93541145324707,398.7514343261719
2021-06-30,133.3870086669922,259.4932861328125,120.93868255615234,172.00799560546875,19.911273956298828,399.08697509765625
2021-07-01,133.6888885498047,260.1639099121094,121.29033660888672,171.64849853515625,20.119813919067383,401.2966003417969
2021-07-02,136.30870056152344,265.9590759277344,124.07682037353516,175.5489959716797,20.39356231689453,404.36395263671875
2021-07-06,138.31500244140625,265.9687194824219,125.00053405761719,183.78700256347656,20.604093551635742,403.6274108886719
2021-07-07,140.7984619140625,268.14312744140625,125.2818603515625,184.82899475097656,20.278833389282227,405.0538330078125
2021-07-08,139.50311279296875,265.7388000488281,123.86534118652344,186.57049560546875,19.81197738647461,401.7534484863281
2021-07-09,141.3243865966797,266.2369384765625,124.3353500366211,185.9669952392578,19.95880126953125,406.04205322265625
2021-07-12,140.73028564453125,265.6430969238281,125.77863311767578,185.92750549316406,20.4189453125,407.4964904785156
2021-07-13,141.84048461914062,269.14892578125,126.14118194580078,183.8679962158203,20.15764617919922,406.1073303222656
2021-07-14,145.25897216796875,270.614501953125,127.02822875976562,184.08399963378906,19.751005172729492,406.7134094238281
2021-07-15,144.60646057128906,269.19677734375,125.80785369873047,181.55999755859375,18.879749298095703,405.3242492675781
2021-07-16,142.57093811035156,268.9285583496094,125.773193359375,178.68150329589844,18.078168869018555,402.1449890136719
2021-07-19,138.73374938964844,265.3461608886719,123.40372467041016,177.47950744628906,18.694101333618164,396.2062683105469
2021-07-20,142.33721923828125,267.5587158203125,125.01985168457031,178.6595001220703,18.527111053466797,401.8839416503906
2021-07-21,141.6068115234375,269.5511779785156,126.34672546386719,179.25999450683594,19.32147789001465,405.13775634765625
2021-07-22,142.9702911376953,274.0916442871094,127.21100616455078,181.90150451660156,19.504634857177734,405.986083984375
2021-07-23,144.68438720703125,277.4730224609375,131.76119995117188,182.83200073242188,19.468799591064453,410.1629333496094
2021-07-26,145.10313415527344,276.8790588378906,132.7716064453125,184.99099731445312,19.206008911132812,411.1697998046875
2021-07-27,142.94102478027344,274.4747619628906,130.65672302246094,181.3195037841797,19.120393753051758,409.2959289550781
2021-07-28,141.19775390625,274.16827392578125,134.81117248535156,181.51600646972656,19.414051055908203,409.1280212402344
2021-07-29,141.84048461914062,274.4364929199219,134.49766540527344,179.99600219726562,19.572328567504883,410.82489013671875
2021-07-30,142.0547637939453,272.9134216308594,133.45655822753906,166.37950134277344,19.410070419311523,408.8297424316406
2021-08-02,141.7236785888672,272.8272399902344,133.58335876464844,166.57400512695312,19.659921646118164,407.97198486328125
2021-08-03,143.51565551757812,275.03045654296875,134.3515625,168.31199645996094,19.72462272644043,411.2909851074219
2021-08-04,143.11636352539062,274.446044921875,133.85179138183594,167.73599243164062,20.18153953552246,409.2679138183594
2021-08-05,143.22349548339844,277.3293151855469,134.96717834472656,168.79949951171875,20.542877197265625,411.8597717285156
2021-08-06,142.54074096679688,277.2718505859375,134.4590301513672,167.2469940185547,20.27311134338379,412.5403137207031
2021-08-09,142.49195861816406,276.189453125,135.62245178222656,167.093505859375,20.202436447143555,412.2047119140625
2021-08-10,142.0140380859375,274.3790588378906,135.51748657226562,166.03399658203125,19.84507942199707,412.71746826171875
2021-08-11,142.26759338378906,274.8675842285156,134.99444580078125,164.60549926757812,19.609155654907227,413.7430114746094
2021-08-12,145.22296142578125,277.6070861816406,135.9008026123047,165.1750030517578,19.8142147064209,414.98297119140625
2021-08-13,145.42784118652344,280.51898193359375,136.42926025390625,164.69850158691406,20.09592628479004,415.7381896972656
2021-08-16,147.39808654785156,282.1954040527344,137.0057830810547,164.94949340820312,19.859012603759766,416.7170104980469
2021-08-17,146.49099731445312,280.7394104003906,135.3733367919922,162.09800720214844,19.3692569732666,413.9853820800781
2021-08-18,142.7552947998047,279.021484375,134.17225646972656,160.06100463867188,18.953161239624023,409.4543151855469
2021-08-19,143.08694458007812,284.8182373046875,134.40106201171875,159.3874969482422,19.707704544067383,410.0882873535156
2021-08-20,144.54022216796875,292.1025695800781,136.13409423828125,159.99749755859375,20.721065521240234,413.3514099121094
2021-08-23,146.02279663085938,292.3808898925781,138.72146606445312,163.2935028076172,21.857851028442383,416.987548828125
2021-08-24,145.93504333496094,290.4326171875,139.9299774169922,165.28900146484375,21.693605422973633,417.6493835449219
2021-08-25,144.70608520507812,289.8472595214844,140.73976135253906,164.95899963378906,22.111690521240234,418.52587890625
2021-08-26,143.90626525878906,287.0447692871094,140.1072998046875,165.8000030517578,21.967350006103516,416.0551452636719
2021-08-27,144.9401397705078,287.6494140625,142.64663696289062,167.48150634765625,22.53276252746582,419.7750549316406
2021-08-30,149.34881591796875,291.36358642578125,143.2275848388672,171.07850646972656,22.584524154663086,421.6211242675781
2021-08-31,148.09059143066406,289.7225036621094,143.33358764648438,173.5395050048828,22.286834716796875,420.9963684082031
2021-09-01,148.7538604736328,289.6745300292969,143.84671020507812,173.9499969482422,22.34259033203125,421.2201843261719
2021-09-02,149.86578369140625,289.0218200683594,141.93638610839844,173.156005859375,22.297788619995117,422.5160827636719
2021-09-03,150.49974060058594,289.0123291015625,142.38462829589844,173.90249633789062,22.742826461791992,422.41357421875
2021-09-07,152.83091735839844,288.0909423828125,142.92051696777344,175.46449279785156,22.562625885009766,420.9031982421875
2021-09-08,151.28982543945312,288.1196594238281,142.33656311035156,176.27499389648438,22.24103546142578,420.3904724121094
2021-09-09,150.2754364013672,285.2789611816406,142.18795776367188,174.20799255371094,22.079748153686523,418.5910949707031
2021-09-10,145.3010711669922,283.80096435546875,139.54812622070312,173.45750427246094,22.379432678222656,415.290771484375
2021-09-13,145.86676025390625,285.0294189453125,140.9908905029297,172.85850524902344,22.054859161376953,416.353515625
2021-09-14,144.47198486328125,287.7166442871094,141.2008819580078,172.5,22.144468307495117,414.1066589355469
2021-09-15,145.35955810546875,292.5440979003906,143.06809997558594,173.7895050048828,22.243024826049805,417.5655212402344
2021-09-16,145.12545776367188,292.9280090332031,142.25631713867188,174.41200256347656,22.144468307495117,416.903564453125
2021-09-17,142.4626922607422,287.79339599609375,139.47283935546875,173.12600708007812,21.80396270751953,412.84246826171875
2021-09-20,139.41957092285156,282.4476623535156,137.41195678710938,167.7864990234375,21.020416259765625,405.95867919921875
2021-09-21,139.89747619628906,282.9275817871094,137.72247314453125,167.18150329589844,21.15283203125,405.5751647949219
2021-09-22,142.25782775878906,286.555419921875,138.96116638183594,169.00250244140625,21.844785690307617,409.531494140625
2021-09-23,143.21372985839844,287.4959411621094,139.8848876953125,170.8000030517578,22.383407592773438,414.50732421875
2021-09-24,143.30149841308594,287.29443359375,140.87448120117188,171.2760009765625,21.984172821044922,415.19012451171875
2021-09-27,141.7897186279297,282.322998046875,139.7422637939453,170.2899932861328,21.565019607543945,414.00225830078125
2021-09-28,138.41493225097656,272.10186767578125,134.54969787597656,165.79800415039062,20.60822868347168,405.659423828125
2021-09-29,139.31222534179688,272.5626220703125,133.0870819091797,165.05599975585938,20.427026748657227,406.34222412109375
2021-09-30,138.01499938964844,270.5663146972656,132.41600036621094,164.2519989013672,20.625150680541992,401.3756408691406
2021-10-01,139.13668823242188,277.4571533203125,135.25596618652344,164.16299438476562,20.651039123535156,406.1457824707031
2021-10-04,135.71315002441406,271.7083435058594,132.39964294433594,159.48899841308594,19.645469665527344,400.90802001953125
2021-10-05,137.6346435546875,277.1308288574219,134.74082946777344,161.0500030517578,20.36132049560547,405.07952880859375
2021-10-06,138.5027313232422,281.3056335449219,136.268310546875,163.10049438476562,20.609224319458008,406.7630310058594
2021-10-07,139.76089477539062,282.9755554199219,137.91268920898438,165.1215057373047,20.982582092285156,410.2796936035156
2021-10-08,139.38050842285156,282.9755554199219,138.46788024902344,164.43099975585938,20.73965072631836,409.531494140625
2021-10-11,139.29270935058594,282.3805236816406,137.60459899902344,162.31500244140625,20.6042423248291,406.566650390625
2021-10-12,138.02474975585938,281.0849304199219,135.16282653808594,162.3665008544922,20.58034896850586,405.56585693359375
2021-10-13,137.43951416015625,284.376708984375,136.28514099121094,164.21400451660156,20.847177505493164,407.02490234375
2021-10-14,140.21934509277344,290.5574035644531,139.82049560546875,164.9929962158203,21.650636672973633,413.871337890625
2021-10-15,141.27273559570312,291.9585876464844,140.03546142578125,170.4510040283203,21.76612663269043,417.02325439453125
2021-10-18,142.94061279296875,294.91461181640625,141.43215942382812,172.33700561523438,22.124549865722656,418.2579345703125
2021-10-19,145.09619140625,295.8167419433594,141.88685607910156,172.20750427246094,22.19225311279297,421.4847106933594
2021-10-20,145.58387756347656,295.0297546386719,140.4326934814453,170.7530059814453,22.006072998046875,423.1401672363281
2021-10-21,145.7984619140625,298.2448425292969,140.54856872558594,171.75050354003906,22.592487335205078,424.24383544921875
2021-10-22,145.02793884277344,296.709228515625,136.26979064941406,166.77749633789062,22.626338958740234,423.80419921875
2021-10-25,144.97918701171875,295.7207946777344,136.1514129638672,166.01849365234375,23.064411163330078,426.0771179199219
2021-10-26,145.64239501953125,297.6210632324219,137.99539184570312,168.80349731445312,24.60860824584961,426.46044921875
2021-10-27,145.18397521972656,310.1549987792969,144.83924865722656,169.62449645996094,24.343778610229492,424.5711669921875
2021-10-28,148.8123779296875,311.28759765625,144.4742431640625,172.32850646972656,24.831621170043945,428.6678161621094
2021-10-29,146.110595703125,318.2647399902344,146.65052795410156,168.6215057373047,25.454879760742188,429.5377197265625
2021-11-01,145.2913055419922,316.1053466796875,142.14439392089844,165.90550231933594,25.713735580444336,430.27655029296875
2021-11-02,146.32516479492188,319.71392822265625,144.0616455078125,165.6374969482422,26.28522491455078,432.0161437988281
2021-11-03,147.75897216796875,320.5489196777344,145.21617126464844,169.1999969482422,26.481359481811523,434.6537170410156
2021-11-04,147.24203491210938,322.89068603515625,146.86993408203125,173.85000610351562,29.670316696166992,436.7021484375
2021-11-05,147.76947021484375,322.52587890625,147.44891357421875,175.94949340820312,29.621530532836914,438.2171936035156
2021-11-08,146.948974609375,323.4185791015625,147.62625122070312,174.44900512695312,30.668914794921875,438.5914001464844
2021-11-09,147.3103790283203,322.42041015625,147.51478576660156,178.81149291992188,30.52256202697754,437.14166259765625
2021-11-10,144.48745727539062,317.47772216796875,144.51829528808594,174.1024932861328,29.32981300354004,433.6248779296875
2021-11-11,144.43861389160156,319.04205322265625,144.39248657226562,173.625,30.256731033325195,433.7651672363281
2021-11-12,146.50941467285156,323.15936279296875,147.27651977539062,176.25750732421875,30.256731033325195,437.0386962890625
2021-11-15,146.5192108154297,322.5356140136719,147.0526885986328,177.28399658203125,29.89333152770996,437.1884460449219
2021-11-16,147.4959716796875,325.8370361328125,146.48211669921875,177.03500366210938,30.07054901123047,438.91876220703125
2021-11-17,149.92822265625,326.0581359863281,146.65150451660156,177.4499969482422,29.132680892944336,437.8525390625
2021-11-18,154.20655822753906,328.1252746582031,148.42613220214844,184.80299377441406,31.53609848022461,439.3396301269531
2021-11-19,156.8243408203125,329.8944091796875,147.52273559570312,183.82850646972656,32.84035110473633,438.553955078125
2021-11-22,157.2834930419922,326.7408752441406,144.9229736328125,178.6284942626953,31.81586265563965,437.3193054199219
2021-11-23,157.6644744873047,324.673583984375,144.4078369140625,179.0019989013672,31.60678482055664,437.8993225097656
2021-11-24,158.18211364746094,324.894775390625,144.74266052246094,179.02049255371094,32.53070831298828,439.068359375
2021-11-26,153.171142578125,316.9817199707031,140.84278869628906,175.22799682617188,31.36484718322754,429.2757873535156
2021-11-29,156.52157592773438,323.6640319824219,144.15872192382812,178.07850646972656,33.22963333129883,434.5415344238281
2021-11-30,161.46417236328125,317.8566589355469,140.5599822998047,175.35350036621094,32.5327033996582,426.0864562988281
2021-12-01,160.94644165039062,317.3663024902344,139.72195434570312,172.18600463867188,31.30097770690918,421.3537292480469
2021-12-02,159.95986938476562,316.7990417480469,141.618408203125,171.8679962158203,31.989036560058594,427.807373046875
2021-12-03,158.08445739746094,310.5686950683594,140.66299438476562,169.489501953125,30.562145233154297,424.0848083496094
2021-12-06,161.4836883544922,313.6260986328125,141.8056182861328,171.36849975585938,29.908939361572266,429.1073913574219
2021-12-07,167.20770263671875,322.0199890136719,145.88133239746094,176.1645050048828,32.28875732421875,437.9833984375
2021-12-08,171.01718139648438,322.0679931640625,146.7896728515625,176.1580047607422,31.690317153930664,439.1431884765625
2021-12-09,170.50924682617188,320.2700500488281,146.2468719482422,174.17100524902344,30.360010147094727,436.1782531738281
2021-12-10,175.2858123779297,329.346435546875,146.6064453125,172.21200561523438,30.069250106811523,440.28424072265625
2021-12-13,171.66189575195312,326.327392578125,144.4519500732422,169.5675048828125,28.040935516357422,436.3841247558594
2021-12-14,170.2846221923828,315.69342041015625,142.55052185058594,169.0915069580078,28.2161865234375,433.3818054199219
2021-12-15,175.1392822265625,321.76031494140625,145.0606689453125,173.31500244140625,30.329139709472656,440.1533203125
2021-12-16,168.2626190185547,312.38580322265625,143.08346557617188,168.87100219726562,28.26597785949707,436.2718505859375
2021-12-17,167.16864013671875,311.3281555175781,140.3891143798828,170.0175018310547,27.68247413635254,431.628662109375
2021-12-20,165.81089782714844,307.5880432128906,140.272216796875,167.07899475097656,27.60082244873047,427.0389404296875
2021-12-21,168.97569274902344,314.68377685546875,142.12010192871094,170.41700744628906,28.9510440826416,434.6227111816406
2021-12-22,171.56419372558594,320.3662414550781,145.034912109375,171.03700256347656,29.2746524810791,438.9684753417969
2021-12-23,172.18934631347656,321.7987976074219,145.5316619873047,171.06849670410156,29.513635635375977,441.6996765136719
2021-12-27,176.14537048339844,329.2598876953125,146.5123291015625,169.66949462890625,30.813068389892578,447.9508056640625
2021-12-28,175.12950134277344,328.1061096191406,145.3043212890625,170.66099548339844,30.192724227905273,447.584716796875
2021-12-29,175.21742248535156,328.7791442871094,145.27264404296875,169.2010040283203,29.873092651367188,448.15716552734375
2021-12-30,174.06475830078125,326.2504577636719,144.8224334716797,168.64450073242188,29.459867477416992,446.91827392578125
2021-12-31,173.44940185546875,323.3659973144531,143.48663330078125,166.7169952392578,29.28561019897461,445.79193115234375
2022-01-03,177.786376953125,321.8564453125,143.6248016357422,170.4044952392578,29.992582321166992,448.3730163574219
2022-01-04,175.52996826171875,316.3376159667969,143.0383758544922,167.52200317382812,29.165124893188477,448.2229309082031
2022-01-05,170.8608856201172,304.1940612792969,136.47630310058594,164.35699462890625,27.48631477355957,439.6160583496094
2022-01-06,168.0086669921875,301.7903747558594,136.44906616210938,163.25399780273438,28.057863235473633,439.20306396484375
2022-01-07,168.17474365234375,301.94415283203125,135.72544860839844,162.5540008544922,27.130830764770508,437.46661376953125
2022-01-10,168.19430541992188,302.165283203125,137.3623809814453,161.48599243164062,27.283184051513672,436.9223327636719
2022-01-11,171.01718139648438,302.8479919433594,138.4188232421875,165.36199951171875,27.698406219482422,440.90191650390625
2022-01-12,171.456787109375,306.01123046875,140.0973663330078,165.20700073242188,27.87962532043457,442.0938720703125
2022-01-13,168.19430541992188,293.0600891113281,137.2806854248047,161.21400451660156,26.461700439453125,436.00244140625
2022-01-14,169.0538787841797,298.2520751953125,138.16575622558594,162.13800048828125,26.82713508605957,436.1807556152344
2022-01-18,165.85972595214844,290.9927673339844,134.71609497070312,158.91749572753906,25.79256820678711,428.4562683105469
2022-01-19,162.37254333496094,291.6466979980469,133.84288024902344,156.2989959716797,24.960128784179688,424.00732421875
2022-01-20,160.69248962402344,289.9832763671875,132.0509490966797,151.66749572753906,24.04703712463379,419.3143310546875
2022-01-21,158.64120483398438,284.62786865234375,129.12281799316406,142.64300537109375,23.27435302734375,411.08294677734375
2022-01-24,157.86952209472656,284.95477294921875,129.571044921875,144.54400634765625,23.272357940673828,412.8287048339844
2022-01-25,156.07225036621094,277.37823486328125,125.73851013183594,139.98599243164062,22.22882652282715,407.7885437011719
2022-01-26,155.9843292236328,285.28167724609375,128.0148468017578,138.87249755859375,22.674909591674805,406.7655334472656
2022-01-27,155.5252227783203,288.2911071777344,127.78900909423828,139.6374969482422,21.850448608398438,404.7568359375
2022-01-28,166.37742614746094,296.3867492675781,132.0940399169922,143.97799682617188,22.74262237548828,414.80914306640625
2022-01-31,170.72418212890625,299.0020446777344,134.0281219482422,149.57350158691406,24.381607055664062,422.2802734375
2022-02-01,170.55812072753906,296.8675537109375,136.34657287597656,151.19349670410156,24.532958984375,425.1336669921875
2022-02-02,171.7595672607422,301.3864440917969,146.60494995117188,150.6125030517578,25.134387969970703,429.2634582519531
2022-02-03,168.88775634765625,289.6467590332031,141.74122619628906,138.8455047607422,23.845901489257812,419.1735534667969
2022-02-04,168.6041717529297,294.1560974121094,141.9423370361328,157.63949584960938,24.215314865112305,421.1446533203125
2022-02-07,167.8902130126953,289.3583984375,137.88890075683594,157.9355010986328,24.622575759887695,419.7929992675781
2022-02-08,170.9906005859375,292.82928466796875,138.0850372314453,161.4134979248047,25.000947952270508,423.2470397949219
2022-02-09,172.40875244140625,299.22314453125,140.25735473632812,161.1894989013672,26.591148376464844,429.4417419433594
2022-02-10,168.340087890625,290.73321533203125,137.3133544921875,159.0034942626953,25.713899612426758,421.7265319824219
2022-02-11,164.93649291992188,283.6759338378906,133.01673889160156,153.2935028076172,23.846895217895508,413.41064453125
2022-02-14,165.1712646484375,283.637451171875,134.24853515625,155.16700744628906,24.163543701171875,412.05908203125
2022-02-15,168.99534606933594,288.8968811035156,135.32083129882812,156.510498046875,26.382043838500977,418.7042541503906
2022-02-16,168.7606658935547,288.5596008300781,136.43968200683594,158.10049438476562,26.397977828979492,419.1735534667969
2022-02-17,165.1712646484375,280.10992431640625,131.28968811035156,154.65249633789062,24.402515411376953,410.2194519042969
2022-02-18,163.6259765625,277.4122619628906,129.17379760742188,152.60150146484375,23.54120635986328,407.563232421875
2022-02-22,160.7113800048828,277.2099609375,128.58985900878906,150.19749450683594,23.2902774810791,403.189453125
2022-02-23,156.5547637939453,270.03204345703125,126.3853530883789,144.82699584960938,22.291553497314453,396.03741455078125
2022-02-24,159.1660919189453,283.8289489746094,131.4402618408203,151.35800170898438,23.64675521850586,401.9974060058594
2022-02-25,161.22976684570312,286.4495849609375,133.1920928955078,153.7884979248047,24.05400848388672,410.8670959472656
2022-02-28,161.4938507080078,287.87554931640625,133.78395080566406,153.56300354003906,24.281036376953125,409.8158874511719
2022-03-01,159.61599731445312,284.17584228515625,132.79783630371094,151.14199829101562,23.376911163330078,403.57427978515625
2022-03-02,162.9022216796875,289.2243957519531,133.30303955078125,152.05250549316406,24.120851516723633,410.99847412109375
2022-03-03,162.57945251464844,285.1103820800781,132.6373748779297,147.89849853515625,23.616924285888672,408.9523620605469
2022-03-04,159.58665466308594,279.2717590332031,130.6631317138672,145.64100646972656,22.84210777282715,405.6297912597656
2022-03-07,155.8016357421875,268.7216796875,125.187255859375,137.4530029296875,21.264591217041016,393.6720886230469
2022-03-08,153.98248291015625,265.7735290527344,125.90641021728516,136.01449584960938,21.425928115844727,390.6874084472656
2022-03-09,159.37147521972656,277.9613952636719,132.16238403320312,139.2790069580078,22.919784545898438,401.16204833984375
2022-03-10,155.03878784179688,275.1578063964844,131.1812286376953,146.8175048828125,22.56524658203125,399.3505554199219
2022-03-11,151.33200073242188,269.8393859863281,128.64634704589844,145.52450561523438,22.009531021118164,394.2728576660156
2022-03-14,147.31224060058594,266.34197998046875,124.76377868652344,141.85299682617188,21.24268341064453,391.3913269042969
2022-03-15,151.68406677246094,276.6606750488281,127.98016357421875,147.3665008544922,22.87895393371582,399.99822998046875
2022-03-16,156.08526611328125,283.6363525390625,132.0242156982422,153.10400390625,24.395715713500977,408.86785888671875
2022-03-17,157.09263610839844,284.43603515625,132.57742309570312,157.23899841308594,24.66461753845215,413.9831848144531
2022-03-18,160.37889099121094,289.45562744140625,134.84237670898438,161.25050354003906,26.344707489013672,418.5174255371094
2022-03-21,161.74810791015625,288.23199462890625,134.818603515625,161.4915008544922,26.624553680419922,418.39508056640625
2022-03-22,165.11253356933594,292.95306396484375,138.54962158203125,164.88900756835938,26.41541862487793,423.2908630371094
2022-03-23,166.47206115722656,288.5499267578125,136.9721221923828,163.4080047607422,25.52906036376953,417.839599609375
2022-03-24,170.24728393554688,292.9916076660156,140.23756408691406,163.64950561523438,28.034761428833008,424.13818359375
2022-03-25,170.88299560546875,292.5869140625,140.3376007080078,164.77349853515625,27.578636169433594,426.20953369140625
2022-03-28,171.7436981201172,299.3504638671875,140.1221466064453,168.99049377441406,28.10348129272461,429.2412414550781
2022-03-29,175.02989196777344,303.8884582519531,141.1622314453125,169.31500244140625,28.5386905670166,434.5512390136719
2022-03-30,173.86599731445312,302.39501953125,140.6005859375,166.30099487304688,27.576642990112305,431.8680114746094
2022-03-31,170.7754364013672,297.0477294921875,137.7566680908203,162.99749755859375,27.174299240112305,425.22100830078125
2022-04-01,170.4819793701172,298.1172790527344,138.82943725585938,163.55999755859375,26.60264778137207,426.4260559082031
2022-04-04,174.5213165283203,303.4644470214844,141.6238555908203,168.34649658203125,27.247995376586914,430.0791015625
2022-04-05,171.21556091308594,299.5240173339844,139.2657928466797,164.05499267578125,25.824846267700195,424.64666748046875
2022-04-06,168.0564422607422,288.5596008300781,135.2609100341797,158.75599670410156,24.307083129882812,420.4005126953125
2022-04-07,168.35968017578125,290.361328125,134.60760498046875,157.7845001220703,24.108901977539062,422.51885986328125
2022-04-08,166.3546905517578,286.12200927734375,132.0311279296875,154.4604949951172,23.024356842041016,421.3891296386719
2022-04-11,162.11000061035156,274.8397521972656,127.6092300415039,151.1219940185547,21.827272415161133,414.1865539550781
2022-04-12,163.97804260253906,271.7567138671875,126.51065826416016,150.78750610351562,21.415969848632812,412.65185546875
2022-04-13,166.65786743164062,277.1136169433594,128.6696014404297,155.54100036621094,22.11210823059082,417.3782653808594
2022-04-14,161.66006469726562,269.6081237792969,125.53544616699219,151.7064971923828,21.170974731445312,412.18109130859375
2022-04-18,161.44491577148438,270.27294921875,126.47303009033203,152.78500366210938,21.693824768066406,412.3506164550781
2022-04-19,163.72377014160156,274.87835693359375,128.7835693359375,158.11549377441406,22.10712432861328,419.00701904296875
2022-04-20,163.55746459960938,275.89959716796875,126.83308410644531,153.9980010986328,21.394060134887695,418.6963195800781
2022-04-21,162.76527404785156,270.5524597167969,123.63800048828125,148.29600524902344,20.10037612915039,412.43536376953125
2022-04-22,158.2369384765625,264.0200500488281,118.50782012939453,144.35000610351562,19.435110092163086,401.1184997558594
2022-04-25,159.3030242919922,270.4656677246094,121.91390228271484,146.07400512695312,19.820528030395508,403.4440612792969
2022-04-26,153.3565673828125,260.3492431640625,117.53160858154297,139.39100646972656,18.71108627319336,391.7598571777344
2022-04-27,153.13157653808594,272.874267578125,113.2171630859375,138.16700744628906,18.339614868164062,392.8614501953125
2022-04-28,160.0463409423828,279.0501403808594,117.4052963256836,144.59649658203125,19.70101547241211,402.7849426269531
2022-04-29,154.18789672851562,267.382568359375,113.03390502929688,124.28150177001953,18.4710750579834,387.8997497558594
2022-05-02,154.49105834960938,274.07867431640625,115.48408508300781,124.5,19.453044891357422,390.2347106933594
2022-05-03,155.97769165039062,271.4869689941406,116.22801208496094,124.25350189208984,19.521757125854492,392.0235900878906
2022-05-04,162.3740692138672,279.38739013671875,121.10857391357422,125.92849731445312,20.250757217407227,403.9618225097656
2022-05-05,153.32723999023438,267.2187805175781,115.40731048583984,116.40699768066406,18.766857147216797,389.6038513183594
2022-05-06,154.05201721191406,264.6944580078125,114.65547943115234,114.77249908447266,18.59855079650879,387.2783203125
2022-05-09,148.93914794921875,254.91517639160156,111.45047760009766,108.78900146484375,16.880615234375,374.8786926269531
2022-05-10,151.33885192871094,259.65545654296875,113.31670379638672,108.85900115966797,17.522974014282227,375.744873046875
2022-05-11,143.49325561523438,251.03244018554688,112.53169250488281,105.37200164794922,16.56191635131836,369.7757873535156
2022-05-12,139.6341094970703,246.0223846435547,111.78033447265625,106.93049621582031,16.108787536621094,369.3897705078125
2022-05-13,144.0907440185547,251.58157348632812,114.95660400390625,113.05500030517578,17.633512496948242,378.2210693359375
2022-05-16,142.55294799804688,251.94775390625,113.3662338256836,110.81050109863281,17.19332504272461,376.6864013671875
2022-05-17,146.177001953125,257.0733337402344,115.37512969970703,115.36849975585938,18.10258674621582,384.43499755859375
2022-05-18,137.92984008789062,245.36895751953125,110.84473419189453,107.11250305175781,16.868656158447266,368.9378662109375
2022-05-19,134.53106689453125,244.4611358642578,109.34352111816406,107.31900024414062,17.053903579711914,366.6781921386719
2022-05-20,134.76609802246094,243.90101623535156,107.88142395019531,107.59100341796875,16.625659942626953,366.8382873535156
2022-05-23,140.1728515625,251.71363830566406,110.43711853027344,107.55699920654297,16.828824996948242,373.701904296875
2022-05-24,137.47926330566406,250.71900939941406,104.97113037109375,104.0999984741211,16.08786964416504,370.8491516113281
2022-05-25,137.63601684570312,253.51951599121094,104.80768585205078,106.7750015258789,16.90550994873047,374.12554931640625
2022-05-26,140.82911682128906,256.7836608886719,106.77645111083984,111.07749938964844,17.777921676635742,381.6011047363281
2022-05-27,146.56878662109375,263.8719482421875,111.25779724121094,115.14649963378906,18.73399543762207,390.968994140625
2022-05-31,145.78518676757812,262.5490417480469,112.68968963623047,120.20950317382812,18.595561981201172,388.775390625
2022-06-01,145.65789794921875,263.0801086425781,112.81845092773438,121.68399810791016,18.244997024536133,385.63067626953125
2022-06-02,148.10659790039062,265.166015625,116.51378631591797,125.51100158691406,19.511791229248047,392.9744567871094
2022-06-03,142.3962860107422,260.7624206542969,113.46133422851562,122.3499984741211,18.64336585998535,386.52520751953125
2022-06-06,143.14065551757812,259.5359191894531,115.7193603515625,124.79000091552734,18.709096908569336,387.70208740234375
2022-06-07,145.65789794921875,263.15740966796875,116.04523468017578,123.0,18.84851837158203,391.4209899902344
2022-06-08,144.92330932617188,261.1390380859375,116.08934783935547,121.18000030517578,18.575590133666992,387.1654052734375
2022-06-09,139.71250915527344,255.71173095703125,113.75305938720703,116.1500015258789,17.97791862487793,377.95745849609375
2022-06-10,134.31561279296875,244.31626892089844,110.11370086669922,109.6500015258789,16.90808868408203,366.99835205078125
2022-06-13,129.17330932617188,233.9541778564453,105.38964080810547,103.66999816894531,15.586240768432617,353.0640869140625
2022-06-14,130.03526306152344,236.1077117919922,105.70958709716797,102.30999755859375,15.774506568908691,352.000244140625
2022-06-15,132.6504669189453,243.1284942626953,108.72986602783203,107.66999816894531,16.46282386779785,357.0184020996094
2022-06-16,127.39066314697266,236.5712432861328,105.0340347290039,103.66000366210938,15.540419578552246,345.2025146484375
2022-06-17,128.8599090576172,239.1593780517578,106.1335678100586,106.22000122070312,15.818333625793457,345.9466552734375
2022-06-21,133.08145141601562,245.0405731201172,110.49258422851562,108.68000030517578,16.50166893005371,354.6553649902344
2022-06-22,132.5721435546875,244.4514923095703,110.43663024902344,108.94999694824219,16.29646873474121,354.012451171875
2022-06-23,135.43218994140625,249.9850616455078,111.18400573730469,112.44000244140625,16.1619930267334,357.48260498046875
2022-06-24,138.75257873535156,258.52197265625,116.86296081542969,116.45999908447266,17.059492111206055,368.8484191894531
2022-06-27,138.75257873535156,255.80831909179688,114.74165344238281,113.22000122070312,16.803495407104492,367.4395446777344
2022-06-28,134.6191864013672,247.6866455078125,110.95171356201172,107.4000015258789,15.919939994812012,359.93170166015625
2022-06-29,136.37245178222656,251.3370819091797,110.64859771728516,108.91999816894531,15.481645584106445,359.6385192871094
2022-06-30,133.9139862060547,248.024658203125,107.9359130859375,106.20999908447266,15.100135803222656,356.7167053222656
2022-07-01,136.07861328125,250.6802978515625,107.71255493164062,109.55999755859375,14.466604232788086,360.4895324707031
2022-07-05,138.6546630859375,253.83827209472656,112.19537353515625,113.5,14.905893325805664,361.1703796386719
2022-07-06,139.98670959472656,257.08306884765625,113.49203491210938,114.33000183105469,15.071246147155762,362.39019775390625
2022-07-07,143.34634399414062,259.19793701171875,117.6633529663086,116.33000183105469,15.79642105102539,367.8177185058594
2022-07-08,144.02215576171875,258.4833984375,118.22847747802734,115.54000091552734,15.776497840881348,367.51519775390625
2022-07-11,141.89669799804688,255.44134521484375,114.58613586425781,111.75,15.093161582946777,363.3168640136719
2022-07-12,142.8663787841797,244.97299194335938,112.94573974609375,109.22000122070312,15.023433685302734,360.1018981933594
2022-07-13,142.50399780273438,244.05557250976562,110.30388641357422,110.4000015258789,15.10511302947998,358.2107849121094
2022-07-14,145.4228515625,245.36895751953125,109.3271713256836,110.62999725341797,15.31230640411377,357.3408508300781
2022-07-15,147.08795166015625,247.91839599609375,110.72388458251953,113.55000305175781,15.70079231262207,364.1678771972656
2022-07-18,144.05157470703125,245.53309631347656,108.00228118896484,113.76000213623047,16.038480758666992,361.1609191894531
2022-07-19,147.90086364746094,250.63206481933594,112.73723602294922,118.20999908447266,16.926015853881836,370.91925048828125
2022-07-20,149.89903259277344,253.27809143066406,112.82638549804688,122.7699966430664,17.737850189208984,373.28314208984375
2022-07-21,152.16163635253906,255.76007080078125,113.26222229003906,124.62999725341797,17.979909896850586,377.08441162109375
2022-07-22,150.92747497558594,251.43357849121094,106.88294219970703,122.41999816894531,17.251747131347656,373.585693359375
2022-07-25,149.8108673095703,249.9560546875,106.4966049194336,121.13999938964844,16.95789337158203,374.03961181640625
2022-07-26,148.4886016845703,243.2636260986328,104.03009033203125,114.80999755859375,16.468801498413086,369.6143798828125
2022-07-27,153.5720672607422,259.52630615234375,111.99429321289062,120.97000122070312,17.720918655395508,379.2119140625
2022-07-28,154.12057495117188,266.9333190917969,113.14337158203125,122.27999877929688,17.91416358947754,383.9681091308594
2022-07-29,159.17469787597656,271.1148376464844,115.22356414794922,134.9499969482422,18.092470169067383,389.56591796875
2022-08-01,158.19517517089844,268.47845458984375,113.77733612060547,135.38999938964844,18.36939239501953,388.412353515625
2022-08-02,156.72596740722656,265.39788818359375,114.04478454589844,134.16000366210938,18.454057693481445,385.84979248046875
2022-08-03,162.7203826904297,272.78558349609375,116.96697998046875,139.52000427246094,18.81963348388672,391.8919677734375
2022-08-04,162.40695190429688,273.92510986328125,117.07594299316406,142.57000732421875,19.140384674072266,391.6272277832031
2022-08-05,162.18138122558594,273.2104797363281,116.36272430419922,140.8000030517578,18.91526222229004,390.96533203125
2022-08-08,161.7105255126953,270.70928955078125,116.1943359375,139.41000366210938,17.72390365600586,390.5114440917969
2022-08-09,161.75958251953125,272.6213684082031,115.53064727783203,137.8300018310547,17.0196533203125,388.96075439453125
2022-08-10,165.9967803955078,279.2461242675781,118.57170104980469,142.69000244140625,18.0267276763916,397.1304626464844
2022-08-11,165.26116943359375,277.1795654296875,117.71981048583984,140.63999938964844,17.87232780456543,397.1304626464844
2022-08-12,168.80198669433594,281.9019470214844,120.53304290771484,143.5500030517578,18.636350631713867,403.853515625
2022-08-15,169.87112426757812,283.4084777832031,120.92926788330078,143.17999267578125,18.95809555053711,405.5176696777344
2022-08-16,169.71417236328125,282.674560546875,120.55284881591797,144.77999877929688,18.805688858032227,406.31201171875
2022-08-17,171.20501708984375,281.9293518066406,118.42313385009766,142.10000610351562,18.2637996673584,403.427978515625
2022-08-18,170.8126983642578,280.81646728515625,119.03726959228516,142.3000030517578,18.700103759765625,404.6004943847656
2022-08-19,168.2331085205078,276.92596435546875,116.10516357421875,138.22999572753906,17.77968978881836,399.1634826660156
2022-08-22,164.35879516601562,268.79681396484375,113.1631851196289,133.22000122070312,16.967859268188477,390.8518981933594
2022-08-23,164.0253448486328,267.52899169921875,112.78675842285156,133.6199951171875,17.114282608032227,389.9062805175781
2022-08-24,164.31961059570312,266.89996337890625,112.61835479736328,133.8000030517578,17.155126571655273,391.15447998046875
2022-08-25,166.77166748046875,269.86126708984375,115.55046081542969,137.27999877929688,17.84343719482422,396.67657470703125
2022-08-26,160.4844970703125,259.4481506347656,109.29993438720703,130.75,16.196861267089844,383.2495422363281
2022-08-29,158.2874298095703,256.6803283691406,108.38861083984375,129.7899932861328,15.739642143249512,380.7153015136719
2022-08-30,155.86477661132812,254.4931640625,107.91313934326172,128.72999572753906,15.407934188842773,376.535888671875
2022-08-31,154.20712280273438,253.04153442382812,107.19992065429688,126.7699966430664,15.035387992858887,373.67083740234375
2022-09-01,154.93296813964844,252.0060272216797,108.70558166503906,127.81999969482422,13.882879257202148,374.8433837890625
2022-09-02,152.8241729736328,247.80592346191406,106.83340454101562,127.51000213623047,13.59400749206543,370.8908386230469
2022-09-06,151.56869506835938,245.0864715576172,105.80320739746094,126.11000061035156,13.412712097167969,369.4914855957031
2022-09-07,152.9712677001953,249.77049255371094,108.41832733154297,129.47999572753906,13.664806365966797,376.1293640136719
2022-09-08,151.50003051757812,250.1865997314453,107.35840606689453,129.82000732421875,13.939813613891602,378.5877990722656
2022-09-09,154.35426330566406,255.9351348876953,109.60702514648438,133.27000427246094,14.3353910446167,384.46923828125
2022-09-12,160.2981414794922,258.0545349121094,109.81502532958984,136.4499969482422,14.452966690063477,388.6014404296875
2022-09-13,150.8918914794922,243.86712646484375,103.336669921875,126.81999969482422,13.08389663696289,371.7040710449219
2022-09-14,152.33375549316406,244.08969116210938,104.01026153564453,128.5500030517578,13.080907821655273,373.12237548828125
2022-09-15,149.45010375976562,237.47019958496094,101.93997192382812,126.27999877929688,12.88261890411377,368.88623046875
2022-09-16,147.81210327148438,236.8507843017578,101.83101654052734,123.52999877929688,13.150653839111328,366.07208251953125
2022-09-19,151.51963806152344,236.63787841796875,102.09845733642578,124.66000366210938,13.333995819091797,368.910888671875
2022-09-20,153.89328002929688,234.63462829589844,100.18666076660156,122.19000244140625,13.12873363494873,364.6763610839844
2022-09-21,150.77423095703125,231.24746704101562,98.34419250488281,118.54000091552734,13.213430404663086,358.3149719238281
2022-09-22,149.81298828125,233.21202087402344,99.19609069824219,117.30999755859375,12.515941619873047,355.3052673339844
2022-09-23,147.5472869873047,230.25062561035156,97.80928039550781,113.77999877929688,12.471100807189941,349.3521728515625
2022-09-26,147.88079833984375,229.7958221435547,97.24464416503906,115.1500015258789,12.184135437011719,345.8961181640625
2022-09-27,148.85174560546875,228.7893524169922,96.5809555053711,114.41000366210938,12.368474006652832,345.01312255859375
2022-09-28,146.96856689453125,233.29910278320312,99.10692596435547,118.01000213623047,12.690313339233398,351.8017272949219
2022-09-29,139.74957275390625,229.84422302246094,96.501708984375,114.80000305175781,12.176166534423828,344.45294189453125
2022-09-30,135.55160522460938,225.39247131347656,94.74839782714844,113.0,12.095453262329102,339.12646484375
2022-10-03,139.7201690673828,232.9797821044922,97.71022033691406,115.87999725341797,12.467117309570312,348.07989501953125
2022-10-04,143.30026245117188,240.85739135742188,100.68195343017578,121.08999633789062,13.119770050048828,358.86572265625
2022-10-05,143.594482421875,241.16705322265625,100.47392272949219,120.94999694824219,13.161616325378418,358.03021240234375
2022-10-06,142.64306640625,238.83474731445312,100.46402740478516,120.30000305175781,13.082900047302246,354.3367919921875
2022-10-07,137.4053955078125,226.68930053710938,97.74984741210938,114.55999755859375,12.03268051147461,344.45294189453125
2022-10-10,137.72909545898438,221.8601531982422,96.93757629394531,113.66999816894531,11.62813663482666,341.8229675292969
2022-10-11,136.31668090820312,218.14393615722656,96.26397705078125,112.20999908447266,11.544441223144531,339.65814208984375
2022-10-12,135.68894958496094,218.47293090820312,96.64038848876953,112.9000015258789,11.458746910095215,338.537841796875
2022-10-13,140.2498321533203,226.68930053710938,98.12626647949219,112.52999877929688,11.917097091674805,347.4721984863281
2022-10-14,135.72816467285156,221.1923828125,95.64981842041016,106.9000015258789,11.186726570129395,339.5536804199219
2022-10-17,139.6809539794922,229.87319946289062,99.02767944335938,113.79000091552734,11.845355033874512,348.279296875
2022-10-18,140.99525451660156,230.81192016601562,99.82015228271484,116.36000061035156,11.924073219299316,352.3714599609375
2022-10-19,141.10316467285156,228.85707092285156,98.69087982177734,115.06999969482422,12.007771492004395,349.8742980957031
2022-10-20,140.64218139648438,228.53770446777344,99.02767944335938,115.25,12.150257110595703,346.9405212402344
2022-10-21,144.4478302001953,234.3152618408203,100.1767349243164,119.31999969482422,12.421281814575195,355.3717346191406
2022-10-24,146.58602905273438,239.2799072265625,101.55364227294922,119.81999969482422,12.553805351257324,359.72021484375
2022-10-25,149.42066955566406,242.57997131347656,103.49517822265625,120.5999984741211,13.213430404663086,365.4643859863281
2022-10-26,146.48794555664062,223.8634033203125,94.03519439697266,115.66000366210938,12.849738121032715,362.7109680175781
2022-10-27,142.025146484375,219.44073486328125,91.35074615478516,110.95999908447266,13.12873363494873,360.7741394042969
2022-10-28,152.75552368164062,228.26673889160156,95.38238525390625,103.41000366210938,13.784374237060547,369.357177734375
2022-10-31,150.40147399902344,224.6472930908203,93.61915588378906,102.44000244140625,13.448582649230957,366.6892395019531
2022-11-01,147.7630615234375,220.81497192382812,89.61721801757812,96.79000091552734,13.49441909790039,365.0846252441406
2022-11-02,142.25074768066406,213.0050811767578,86.15021514892578,92.12000274658203,13.171581268310547,355.9223937988281
2022-11-03,136.21861267089844,207.3436737060547,82.64360046386719,89.30000305175781,13.372856140136719,352.2575378417969
2022-11-04,135.9533233642578,214.2534942626953,85.76390838623047,90.9800033569336,14.105219841003418,357.3275451660156
2022-11-07,136.48385620117188,220.52462768554688,87.6558837890625,90.52999877929688,14.249699592590332,360.74560546875
2022-11-08,137.0537109375,221.4923858642578,88.06204223632812,89.9800033569336,14.5496187210083,362.6919860839844
2022-11-09,132.5049285888672,217.27291870117188,86.49691772460938,86.13999938964844,13.726584434509277,355.2198181152344
2022-11-10,144.29446411132812,235.14755249023438,93.05453491210938,96.62999725341797,15.693500518798828,374.7406005859375
2022-11-11,147.0748291015625,239.14442443847656,95.50125885009766,100.79000091552734,16.2684268951416,378.36749267578125
2022-11-14,145.67970275878906,233.763671875,94.79792785644531,98.48999786376953,16.236547470092773,375.1488342285156
2022-11-15,147.40884399414062,234.1700439453125,97.51211547851562,98.94000244140625,16.606216430664062,378.34857177734375
2022-11-16,146.18080139160156,234.5971221923828,97.91824340820312,97.12000274658203,15.852927207946777,375.4621887207031
2022-11-17,148.07693481445312,234.548583984375,97.432861328125,94.8499984741211,15.620763778686523,374.3133544921875
2022-11-18,148.63694763183594,234.10215759277344,96.51162719726562,94.13999938964844,15.35372543334961,376.0127868652344
2022-11-21,145.41444396972656,234.90768432617188,94.69886779785156,92.45999908447266,15.262053489685059,374.6456298828125
2022-11-22,147.54640197753906,237.7997283935547,96.13520812988281,93.19999694824219,15.98047161102295,379.687255859375
2022-11-23,148.42079162597656,240.27452087402344,97.53192138671875,94.12999725341797,16.459741592407227,382.0798645019531
2022-11-25,145.51272583007812,240.1871337890625,96.54132843017578,93.41000366210938,16.211633682250977,381.994384765625
2022-11-28,141.69091796875,234.62620544433594,95.14463806152344,93.94999694824219,15.77022647857666,375.8989562988281
2022-11-29,138.69439697265625,233.23841857910156,94.29275512695312,92.41999816894531,15.582897186279297,375.2532653808594
2022-11-30,145.4341278076172,247.61138916015625,100.03807067871094,96.54000091552734,16.866609573364258,387.07403564453125
2022-12-01,145.70916748046875,247.17471313476562,100.03807067871094,95.5,17.077899932861328,386.7890930175781
2022-12-02,145.21798706054688,247.49497985839844,99.49325561523438,94.12999725341797,16.819766998291016,386.34295654296875
2022-12-05,144.0586700439453,242.81716918945312,98.54230499267578,91.01000213623047,16.554649353027344,379.3929443359375
2022-12-06,140.4038848876953,237.8870849609375,96.06585693359375,88.25,15.933727264404297,373.9240417480469
2022-12-07,138.4684600830078,237.15921020507812,94.04509735107422,88.45999908447266,16.066286087036133,373.2879943847656
2022-12-08,140.1484832763672,240.09979248046875,92.8266830444336,90.3499984741211,17.111791610717773,376.2122497558594
2022-12-09,139.66705322265625,238.17822265625,91.95498657226562,89.08999633789062,16.94434928894043,373.40185546875
2022-12-12,141.9561767578125,245.0590362548828,92.43046569824219,90.55000305175781,17.47657012939453,378.7853088378906
2022-12-13,142.91900634765625,249.33888244628906,94.72859191894531,92.48999786376953,18.011775970458984,381.6526184082031
2022-12-14,140.69862365722656,249.63003540039062,94.17387390136719,91.58000183105469,17.61510467529297,379.2125244140625
2022-12-15,134.10629272460938,241.6623077392578,90.0035629272461,88.44999694824219,16.895511627197266,369.93634033203125
2022-12-16,132.15122985839844,237.4697723388672,89.40921783447266,87.86000061035156,16.515783309936523,365.56878662109375
2022-12-19,130.04872131347656,233.35488891601562,87.60636901855469,84.91999816894531,16.1998348236084,362.46893310546875
2022-12-20,129.97996520996094,234.6650390625,88.180908203125,85.19000244140625,16.03139877319336,362.9649353027344
2022-12-21,133.07470703125,237.21742248535156,88.7356185913086,86.7699966430664,16.446014404296875,368.3921203613281
2022-12-22,129.9111785888672,231.1615753173828,86.93277740478516,83.79000091552734,15.287885665893555,363.1365966796875
2022-12-23,129.54769897460938,231.68563842773438,88.388916015625,85.25,15.155329704284668,365.2254943847656
2022-12-27,127.749755859375,229.96791076660156,86.56626892089844,83.04000091552734,14.073945999145508,363.7851867675781
2022-12-28,123.82972717285156,227.6095428466797,85.20916748046875,81.81999969482422,13.989228248596191,359.26409912109375
2022-12-29,127.33710479736328,233.8983612060547,87.61625671386719,84.18000030517578,14.554337501525879,365.7309875488281
2022-12-30,127.65150451660156,232.7434844970703,87.39834594726562,84.0,14.565300941467285,364.767578125
2023-01-03,122.87673950195312,232.51052856445312,88.27996063232422,85.81999969482422,14.267297744750977,363.23199462890625
2023-01-04,124.14413452148438,222.33978271484375,87.249755859375,85.13999938964844,14.69985294342041,366.0361328125
2023-01-05,122.82762145996094,215.75013732910156,85.38748168945312,83.12000274658203,14.217467308044434,361.8584289550781
2023-01-06,127.34695434570312,218.29283142089844,86.51673126220703,86.08000183105469,14.80948543548584,370.15673828125
2023-01-09,127.86763000488281,220.418212890625,87.19032287597656,87.36000061035156,15.575922966003418,369.94683837890625
2023-01-10,128.43748474121094,222.09718322753906,87.5865478515625,89.87000274658203,15.855987548828125,372.54119873046875
2023-01-11,131.14910888671875,228.81300354003906,90.65733337402344,95.08999633789062,15.947680473327637,377.2530822753906
2023-01-12,131.0704803466797,231.4721221923828,90.27101135253906,95.2699966430664,16.45598030090332,378.62652587890625
2023-01-13,132.39682006835938,232.1708984375,91.25167846679688,98.12000274658203,16.84269142150879,380.0954895019531
2023-01-17,133.55612182617188,233.2578582763672,90.42951202392578,96.05000305175781,17.643009185791016,379.39910888671875
2023-01-18,132.8389434814453,228.851806640625,90.26111602783203,95.45999908447266,17.319095611572266,373.4092712402344
2023-01-19,132.8978729248047,225.08627319335938,92.17291259765625,93.68000030517578,16.70913314819336,370.6907653808594
2023-01-20,135.45228576660156,233.13169860839844,97.09605407714844,97.25,17.77955436706543,377.5964660644531
2023-01-23,138.6354522705078,235.42205810546875,98.8493881225586,97.5199966430664,19.129043579101562,382.1270751953125
2023-01-24,140.03054809570312,234.89797973632812,96.7790756225586,96.31999969482422,19.200803756713867,381.7168884277344
2023-01-25,139.37229919433594,233.5101776123047,94.32245635986328,97.18000030517578,19.25860595703125,381.85992431640625
2023-01-26,141.43553161621094,240.68206787109375,96.60076904296875,99.22000122070312,19.736013412475586,386.0567626953125
2023-01-27,143.3708953857422,240.83740234375,98.43333435058594,102.23999786376953,20.29714012145996,386.9438781738281
2023-01-30,140.4923095703125,235.54818725585938,96.02623748779297,100.55000305175781,19.098148345947266,382.0888977050781
2023-01-31,141.75965881347656,240.49771118164062,97.90833282470703,103.12999725341797,19.47189712524414,387.70684814453125
2023-02-01,142.8796844482422,245.2919464111328,99.48333740234375,105.1500015258789,20.873218536376953,391.8273620605469
2023-02-02,148.17520141601562,256.7922058105469,106.72444152832031,112.91000366210938,21.63665771484375,397.53118896484375
2023-02-03,151.79063415527344,250.72669982910156,103.7923355102539,103.38999938964844,21.029691696166992,393.3056945800781
2023-02-06,149.0692138671875,249.1933135986328,101.93006134033203,102.18000030517578,21.018722534179688,390.90216064453125
2023-02-07,151.93801879882812,259.6648864746094,106.62538146972656,102.11000061035156,22.099109649658203,396.0146179199219
2023-02-08,149.25588989257812,258.8594055175781,98.43333435058594,100.05000305175781,22.131010055541992,391.6842956542969
2023-02-09,148.2242889404297,255.84115600585938,94.11443328857422,98.23999786376953,22.262561798095703,388.2886047363281
2023-02-10,148.58836364746094,255.33657836914062,93.67858123779297,97.61000061035156,21.194137573242188,389.1948547363281
2023-02-13,151.38284301757812,263.3139343261719,93.71820831298828,99.54000091552734,21.71540069580078,393.7635803222656
2023-02-14,150.74322509765625,264.1388854980469,93.78755187988281,99.69999694824219,22.894454956054688,393.5824279785156
2023-02-15,152.83909606933594,262.0276794433594,96.02623748779297,101.16000366210938,22.68814468383789,394.8605041503906
2023-02-16,151.24510192871094,255.05177307128906,94.6097183227539,98.1500015258789,21.928686141967773,389.4237976074219
2023-02-17,150.1037139892578,251.0725555419922,93.46066284179688,97.19999694824219,21.31673240661621,388.4508361816406
2023-02-21,146.09893798828125,245.82846069335938,90.92479705810547,94.58000183105469,20.586172103881836,380.6581726074219
2023-02-22,146.5220184326172,244.69989013671875,90.7861099243164,95.79000091552734,20.68483543395996,380.1335754394531
2023-02-23,147.0041961669922,247.8716278076172,90.03326416015625,95.81999969482422,23.585145950317383,382.1556701660156
2023-02-24,144.35733032226562,242.47190856933594,88.28985595703125,93.5,23.208402633666992,378.0733337402344
2023-02-27,145.5479278564453,243.38644409179688,89.02288818359375,93.76000213623047,23.422683715820312,379.3609619140625
2023-02-28,145.0460968017578,242.66648864746094,89.21109771728516,94.2300033569336,23.13863754272461,377.9589538574219
2023-03-01,142.97979736328125,239.60177612304688,89.50827026367188,92.16999816894531,22.62236785888672,376.50909423828125
2023-03-02,143.57017517089844,244.31072998046875,91.13280487060547,92.12999725341797,23.236309051513672,379.43731689453125
2023-03-03,148.60804748535156,248.37754821777344,92.76725006103516,94.9000015258789,23.81039047241211,385.52264404296875
2023-03-06,151.3631591796875,249.9147491455078,94.2332992553711,93.75,23.475515365600586,385.7897644042969
2023-03-07,149.16893005371094,247.26840209960938,92.97528839111328,93.55000305175781,23.214338302612305,379.87603759765625
2023-03-08,150.41856384277344,246.8306121826172,93.36160278320312,93.91999816894531,24.10451889038086,380.49609375
2023-03-09,148.17510986328125,245.48797607421875,91.44979095458984,92.25,23.361873626708984,373.47589111328125
2023-03-10,146.11862182617188,241.85894775390625,89.77571868896484,90.7300033569336,22.892362594604492,368.0869445800781
2023-03-13,148.05702209472656,247.04461669921875,90.25120544433594,92.43000030517578,22.893360137939453,367.5622863769531
2023-03-14,150.14305114746094,253.72865295410156,93.08424377441406,94.87999725341797,23.98689079284668,373.63812255859375
2023-03-15,150.53663635253906,258.2527160644531,95.20405578613281,96.19999694824219,24.151369094848633,371.3012390136719
2023-03-16,153.35076904296875,268.7214050292969,99.3743896484375,100.04000091552734,25.460216522216797,377.8157653808594
2023-03-17,152.51437377929688,271.8638916015625,100.66213989257812,98.94999694824219,25.64362907409668,373.39813232421875
2023-03-20,154.8759002685547,264.85888671875,100.2658920288086,97.70999908447266,25.818077087402344,376.98858642578125
2023-03-21,156.72573852539062,266.36688232421875,103.93102264404297,100.61000061035156,26.116134643554688,381.93865966796875
2023-03-22,155.29901123046875,264.917236328125,102.39563751220703,98.69999694824219,26.3842830657959,375.427978515625
2023-03-23,156.38137817382812,270.1418151855469,104.6046142578125,98.70999908447266,27.104997634887695,376.44281005859375
2023-03-24,157.68023681640625,272.9731140136719,104.44612884521484,98.12999725341797,26.694299697875977,378.9130554199219
2023-03-27,155.74179077148438,268.8965148925781,101.49421691894531,98.04000091552734,26.447084426879883,379.6216125488281
2023-03-28,155.1219024658203,267.7776794433594,100.07768249511719,97.23999786376953,26.326465606689453,378.7694396972656
2023-03-29,158.19189453125,272.9146423339844,100.43429565429688,100.25,26.898649215698242,384.2747802734375
2023-03-30,159.75636291503906,276.35882568359375,99.93901824951172,102.0,27.296388626098633,386.52490234375
2023-03-31,162.25559997558594,280.4936828613281,102.75223541259766,103.29000091552734,27.68914031982422,391.9727478027344
2023-04-03,163.50526428222656,279.4527282714844,103.37630462646484,102.41000366210938,27.87654685974121,393.4664306640625
2023-04-04,162.97398376464844,279.404052734375,103.73291015625,103.94999694824219,27.366167068481445,391.28338623046875
2023-04-05,161.13394165039062,276.64093017578125,103.48528289794922,101.0999984741211,26.795976638793945,390.2589111328125
2023-04-06,162.01950073242188,283.704345703125,107.39802551269531,102.05999755859375,26.95148277282715,391.78131103515625
2023-04-10,159.43162536621094,281.55426025390625,105.43669891357422,102.16999816894531,27.49176597595215,392.1833801269531
2023-04-11,158.2213592529297,275.1719055175781,104.35697174072266,99.91999816894531,27.08306312561035,392.2886962890625
2023-04-12,157.5326385498047,275.81396484375,103.65364837646484,97.83000183105469,26.411195755004883,390.6897277832031
2023-04-13,162.90505981445312,281.9920349121094,106.41736602783203,102.4000015258789,26.379295349121094,395.8791809082031
2023-04-14,162.5606689453125,278.3922119140625,107.84379577636719,102.51000213623047,26.673364639282227,394.912109375
2023-04-17,162.5803680419922,280.9801940917969,104.97113037109375,102.73999786376953,26.91659164428711,396.3291931152344
2023-04-18,163.8004608154297,280.56182861328125,103.51497650146484,102.30000305175781,27.579486846923828,396.5876770019531
2023-04-19,164.94187927246094,280.6396484375,103.19799041748047,104.30000305175781,27.842655181884766,396.52069091796875
2023-04-20,163.9775390625,278.363037109375,104.29753112792969,103.80999755859375,27.018272399902344,394.3568420410156
2023-04-21,162.3737030029297,278.0225524902344,104.41639709472656,106.95999908447266,27.03322410583496,394.6632080078125
2023-04-24,162.6787109375,274.1405029296875,104.97113037109375,106.20999908447266,26.956464767456055,395.0749206542969
2023-04-25,161.1437530517578,267.9625244140625,102.87110137939453,102.56999969482422,26.15799903869629,388.8035888671875
2023-04-26,161.13394165039062,287.372314453125,102.73242950439453,104.9800033569336,26.87073516845703,387.15673828125
2023-04-27,165.70936584472656,296.5762023925781,106.57586669921875,109.81999969482422,27.139881134033203,394.86431884765625
2023-04-28,166.958984375,298.94036865234375,106.32821655273438,105.44999694824219,27.661231994628906,398.2344970703125
2023-05-01,166.8704071044922,297.2864685058594,106.18952941894531,102.05000305175781,28.818559646606445,397.8324279785156
2023-05-02,165.83726501464844,297.14044189453125,104.32726287841797,103.62999725341797,28.120771408081055,393.36114501953125
2023-05-03,164.76473999023438,296.1578063964844,104.41639709472656,103.6500015258789,27.714059829711914,390.6610107421875
2023-05-04,163.13136291503906,297.14044189453125,103.70319366455078,104.0,27.474822998046875,387.8940124511719
2023-05-05,170.78662109375,302.23858642578125,104.57490539550781,105.66000366210938,28.589284896850586,395.0749206542969
2023-05-08,170.7176971435547,300.292724609375,106.754150390625,105.83000183105469,29.058792114257812,395.1802978515625
2023-05-09,169.0155029296875,298.6874084472656,106.33812713623047,106.62000274658203,28.480628967285156,393.44720458984375
2023-05-10,170.77674865722656,303.8536071777344,110.69664764404297,110.19000244140625,28.793638229370117,395.2856140136719
2023-05-11,170.96371459960938,301.713134765625,115.4712142944336,112.18000030517578,28.48760414123535,394.59619140625
2023-05-12,170.03750610351562,300.6041259765625,116.4023666381836,110.26000213623047,28.250362396240234,394.07916259765625
2023-05-15,169.54483032226562,301.080810546875,115.41178131103516,111.19999694824219,28.861421585083008,395.438720703125
2023-05-16,169.54483032226562,303.29901123046875,118.38350677490234,113.4000015258789,29.1205997467041,392.7962341308594
2023-05-17,170.15576171875,306.16571044921875,119.70095825195312,115.5,30.082544326782227,397.5643310546875
2023-05-18,172.48114013671875,310.5728759765625,121.67220306396484,118.1500015258789,31.577800750732422,401.3941650390625
2023-05-19,172.58950805664062,310.3974304199219,121.60285949707031,116.25,31.165109634399414,400.81011962890625
2023-05-22,171.64358520507812,313.1665344238281,123.87129211425781,115.01000213623047,31.077388763427734,400.9728698730469
2023-05-23,169.04234313964844,307.39434814453125,121.40474700927734,114.98999786376953,30.59093475341797,396.4727783203125
2023-05-24,169.3182373046875,306.0194091796875,119.7603988647461,116.75,30.4414119720459,393.6004333496094
2023-05-25,170.45135498046875,317.7882995605469,122.31607055664062,115.0,37.85987091064453,397.0089111328125
2023-05-26,172.8555145263672,324.58441162109375,123.43543243408203,120.11000061035156,38.822818756103516,402.1505432128906
2023-05-30,174.6981201171875,322.94635009765625,122.50428771972656,121.66000366210938,39.98413848876953,402.3036804199219
2023-05-31,174.64883422851562,320.1966857910156,121.71183013916016,120.58000183105469,37.71432876586914,400.07293701171875
2023-06-01,177.4471435546875,324.2820739746094,122.55380249023438,122.7699966430664,39.644203186035156,403.8739013671875
2023-06-02,178.29449462890625,327.0317077636719,123.49485778808594,124.25,39.20261001586914,409.7144470214844
2023-06-05,176.9446563720703,327.55828857421875,124.82222747802734,125.30000305175781,39.04710388183594,408.92938232421875
2023-06-06,176.58006286621094,325.354736328125,126.10997009277344,126.61000061035156,38.531734466552734,409.81976318359375
2023-06-07,175.21046447753906,315.3116760253906,121.3453140258789,121.2300033569336,37.36033248901367,408.4026794433594
2023-06-08,177.92010498046875,317.14471435546875,120.98871612548828,124.25,38.39216613769531,410.8729553222656
2023-06-09,178.30438232421875,318.6365661621094,121.0778579711914,123.43000030517578,38.651371002197266,411.6102294921875
2023-06-12,181.0928192138672,323.5703430175781,122.47457122802734,126.56999969482422,39.36119079589844,415.3442077636719
2023-06-13,180.61990356445312,325.949462890625,122.66278839111328,126.66000366210938,40.89647674560547,418.08258056640625
2023-06-14,181.25048828125,328.9233093261719,122.50428771972656,126.41999816894531,42.86543655395508,418.5804138183594
2023-06-15,183.2802734375,339.4149169921875,123.91089630126953,127.11000061035156,42.522491455078125,423.7698974609375
2023-06-16,182.20626831054688,333.78887939453125,122.36561584472656,125.48999786376953,42.56137466430664,422.3264465332031
2023-06-20,182.2949676513672,329.6156311035156,121.93966674804688,125.77999877929688,43.673954010009766,420.1352844238281
2023-06-21,181.2603302001953,325.2377014160156,119.41370391845703,124.83000183105469,42.91328811645508,417.982666015625
2023-06-22,184.2557373046875,331.2342834472656,121.98918914794922,130.14999389648438,42.893348693847656,419.4914855957031
2023-06-23,183.94044494628906,326.66119384765625,121.18682098388672,129.3300018310547,42.07985305786133,416.32012939453125
2023-06-26,182.5511474609375,320.4014587402344,117.22452545166016,127.33000183105469,40.50767517089844,414.61907958984375
2023-06-27,185.30018615722656,326.2224426269531,117.2146224975586,129.17999267578125,41.74787139892578,419.16473388671875
2023-06-28,186.47271728515625,327.4706115722656,119.04718780517578,129.0399932861328,40.991188049316406,419.3760986328125
2023-06-29,186.80772399902344,326.6904602050781,117.97737121582031,127.9000015258789,40.69709396362305,421.0290222167969
2023-06-30,191.12344360351562,332.04351806640625,118.57170104980469,130.36000061035156,42.17256546020508,425.99749755859375
2023-07-03,189.63563537597656,329.55712890625,118.76982116699219,130.22000122070312,42.28322219848633,426.4875793457031
2023-07-05,188.522216796875,329.71319580078125,120.6023941040039,130.3800048828125,42.18751525878906,425.8533020019531
2023-07-06,188.9951629638672,332.7553405761719,118.97783660888672,128.36000061035156,41.97417068481445,422.5186767578125
2023-07-07,187.88174438476562,328.8064270019531,118.35377502441406,129.77999877929688,42.372947692871094,421.4518737792969
2023-07-10,185.8420867919922,323.5508117675781,115.35234832763672,127.12999725341797,42.05093002319336,422.5186767578125
2023-07-11,185.31988525390625,324.17486572265625,116.03584289550781,128.77999877929688,42.275245666503906,425.2094421386719
2023-07-12,186.985107421875,328.78692626953125,117.80895233154297,130.8000030517578,43.767669677734375,428.63067626953125
2023-07-13,187.74380493164062,334.1106872558594,123.36607360839844,134.3000030517578,45.83631896972656,432.0326232910156
2023-07-14,187.89157104492188,336.626220703125,124.23778533935547,134.67999267578125,45.32987594604492,431.76361083984375
2023-07-17,191.14320373535156,337.1040954589844,123.47505187988281,133.55999755859375,46.318824768066406,433.2626953125
2023-07-18,190.88697814941406,350.520751953125,122.59342956542969,132.8300018310547,47.34867858886719,436.4821472167969
2023-07-19,192.2368621826172,346.220703125,120.87974548339844,135.36000061035156,46.93294906616211,437.4527893066406
2023-07-20,190.29579162597656,338.215576171875,118.07643127441406,129.9600067138672,45.38072204589844,434.5505065917969
2023-07-21,189.1232452392578,335.1929626464844,118.88868713378906,130.0,44.17342758178711,434.5505065917969
2023-07-24,189.92137145996094,336.49945068359375,120.38446044921875,128.8000030517578,44.475494384765625,436.49176025390625
2023-07-25,190.77859497070312,342.22308349609375,121.05804443359375,129.1300048828125,45.53923034667969,437.68341064453125
2023-07-26,191.6456756591797,329.3426208496094,128.05152893066406,128.14999389648438,45.31292724609375,437.75067138671875
2023-07-27,190.38446044921875,322.468505859375,128.18026733398438,128.25,45.75955581665039,434.848388671875
2023-07-28,192.9561767578125,329.92767333984375,131.33029174804688,132.2100067138672,46.606956481933594,439.105712890625
2023-07-31,193.56704711914062,327.538818359375,131.46900939941406,133.67999267578125,46.586021423339844,439.9417724609375
2023-08-01,192.73941040039062,327.9483642578125,130.3100128173828,131.69000244140625,46.364688873291016,438.682861328125
2023-08-02,189.7538604736328,319.328857421875,127.1698989868164,128.2100067138672,44.133544921875,432.58038330078125
2023-08-03,188.36456298828125,318.5098571777344,127.23922729492188,128.91000366210938,44.3787841796875,431.3406982421875
2023-08-04,179.31927490234375,319.6018981933594,126.9024429321289,139.57000732421875,44.54328536987305,429.3898620605469
2023-08-07,176.22535705566406,321.8737487792969,130.29017639160156,142.22000122070312,45.27803039550781,433.1377868652344
2023-08-08,177.16140747070312,317.9150695800781,130.16143798828125,139.94000244140625,44.52733612060547,431.25421142578125
2023-08-09,175.57504272460938,314.19036865234375,128.43783569335938,137.85000610351562,42.42379379272461,428.37115478515625
2023-08-10,175.35826110839844,314.8728942871094,128.467529296875,138.55999755859375,42.25829315185547,428.52490234375
2023-08-11,175.41744995117188,313.0008239746094,128.33876037597656,138.41000366210938,40.7299919128418,428.27508544921875
2023-08-14,177.06520080566406,315.9551696777344,130.0920867919922,140.57000732421875,43.61912536621094,430.6391296386719
2023-08-15,175.0819854736328,313.82958984375,128.55673217773438,137.6699981689453,43.80554962158203,425.6227722167969
2023-08-16,174.21372985839844,313.0674133300781,127.48686981201172,135.07000732421875,43.35293960571289,422.49951171875
2023-08-17,171.6780242919922,309.6280822753906,128.6953582763672,133.97999572753906,43.21137237548828,419.280029296875
2023-08-18,172.1614990234375,309.2371520996094,126.25857543945312,133.22000122070312,43.16650390625,419.4818420410156
2023-08-21,173.4934844970703,314.5136413574219,127.15998077392578,134.67999267578125,46.82329177856445,422.21112060546875
2023-08-22,174.86492919921875,315.080322265625,127.86328887939453,134.25,45.528263092041016,421.0674133300781
2023-08-23,178.70301818847656,319.5164489746094,131.12228393554688,135.52000427246094,46.971824645996094,425.75726318359375
2023-08-24,174.0262908935547,312.6472473144531,128.55673217773438,131.83999633789062,47.01869201660156,419.85662841796875
2023-08-25,176.22653198242188,315.5885009765625,128.65574645996094,133.25999450683594,45.877193450927734,422.81658935546875
2023-08-28,177.7854461669922,316.29193115234375,129.7751007080078,133.13999938964844,46.691688537597656,425.4977722167969
2023-08-29,181.66299438476562,320.8941345214844,133.30157470703125,134.91000366210938,48.63473129272461,431.6482849121094
2023-08-30,185.14584350585938,321.2655029296875,134.59918212890625,135.07000732421875,49.11325454711914,433.4261169433594
2023-08-31,185.3629608154297,320.2590637207031,134.88644409179688,138.00999450683594,49.203983306884766,432.7918395996094
2023-09-01,186.93174743652344,321.1384582519531,134.38124084472656,138.1199951171875,48.360565185546875,433.5990905761719
2023-09-05,187.16851806640625,325.9164733886719,134.490234375,137.27000427246094,48.39944839477539,431.7251281738281
2023-09-06,180.46914672851562,325.2618408203125,133.19259643554688,135.36000061035156,46.920867919921875,428.8228759765625
2023-09-07,175.19053649902344,322.35980224609375,133.98501586914062,137.85000610351562,46.103302001953125,427.50634765625
2023-09-08,175.80223083496094,326.62005615234375,135.094482421875,138.22999572753906,45.43629455566406,428.150146484375
2023-09-11,176.96652221679688,330.20599365234375,135.62940979003906,143.10000610351562,45.04347610473633,430.9659423828125
2023-09-12,173.9473114013672,324.1772155761719,134.06427001953125,141.22999572753906,44.73638916015625,428.601806640625
2023-09-13,171.88523864746094,328.3690185546875,135.42135620117188,144.85000610351562,45.349552154541016,429.1015930175781
2023-09-14,173.3948211669922,330.9486389160156,136.79827880859375,144.72000122070312,45.445274353027344,432.8014221191406
2023-09-15,172.67454528808594,322.6627197265625,136.1048583984375,140.38999938964844,43.76927947998047,427.5868835449219
2023-09-18,175.59506225585938,321.529296875,136.90725708007812,139.97999572753906,43.8350830078125,427.8376770019531
2023-09-19,176.68038940429688,321.1286315917969,136.7388153076172,137.6300048828125,43.390411376953125,426.95037841796875
2023-09-20,173.14817810058594,313.4289855957031,132.47938537597656,135.2899932861328,42.11322021484375,423.0253601074219
2023-09-21,171.60894775390625,312.21734619140625,129.21046447753906,129.3300018310547,40.89485549926758,416.0333251953125
2023-09-22,172.45750427246094,309.7550354003906,129.0222930908203,129.1199951171875,41.486106872558594,415.09796142578125
2023-09-25,173.7303009033203,310.2729797363281,129.87416076660156,131.27000427246094,42.09627151489258,416.843505859375
2023-09-26,169.66526794433594,304.9964904785156,127.35809326171875,125.9800033569336,41.78619384765625,410.71954345703125
2023-09-27,168.15567016601562,305.63165283203125,129.30953979492188,125.9800033569336,42.34153747558594,410.88348388671875
2023-09-28,168.4121856689453,306.4622802734375,131.06283569335938,125.9800033569336,42.960697174072266,413.2655334472656
2023-09-29,168.92527770996094,308.52386474609375,129.6265106201172,127.12000274658203,43.369476318359375,412.2625732421875
2023-10-02,171.43136596679688,314.4353942871094,132.90533447265625,129.4600067138672,44.64864730834961,412.0986328125
2023-10-03,170.09938049316406,306.2178955078125,131.1817169189453,124.72000122070312,43.38741683959961,406.5822448730469
2023-10-04,171.34259033203125,311.6603698730469,133.96524047851562,127.0,43.90985870361328,409.54296875
2023-10-05,172.57589721679688,312.0512390136719,133.7968292236328,125.95999908447266,44.554935455322266,409.3886413574219
2023-10-06,175.12147521972656,319.7704772949219,136.2831573486328,127.95999908447266,45.625732421875,414.2492980957031
2023-10-09,176.60147094726562,322.27191162109375,137.11526489257812,128.25999450683594,45.138187408447266,416.9013366699219
2023-10-10,176.00946044921875,320.8746032714844,136.75865173339844,129.47999572753906,45.661624908447266,419.07122802734375
2023-10-11,177.40061950683594,324.8123779296875,139.2251739501953,131.8300018310547,46.6666259765625,420.78790283203125
2023-10-12,178.29852294921875,323.5812072753906,137.66006469726562,132.3300018310547,46.805206298828125,418.2225646972656
2023-10-13,176.4633026123047,320.2297668457031,136.06524658203125,129.7899932861328,45.32563400268555,416.13946533203125
2023-10-16,176.3350372314453,325.02734375,137.78883361816406,132.5500030517578,45.957740783691406,420.51788330078125
2023-10-17,174.7860107421875,324.4606018066406,138.4029998779297,131.47000122070312,43.80716323852539,420.4985656738281
2023-10-18,173.4934844970703,322.5552062988281,136.65960693359375,128.1300048828125,42.07035827636719,414.8954162597656
2023-10-19,173.11859130859375,323.7376403808594,136.45155334472656,128.39999389648438,41.97563552856445,411.2499084472656
2023-10-20,170.572998046875,319.1940002441406,134.3218536376953,125.16999816894531,41.26376724243164,406.196533203125
2023-10-23,170.69139099121094,321.7833557128906,135.21334838867188,126.55999755859375,42.84703063964844,405.492431640625
2023-10-24,171.12550354003906,322.9656677246094,137.50157165527344,128.55999755859375,43.53297805786133,408.5496520996094
2023-10-25,168.8167266845703,332.87359619140625,124.42601776123047,121.38999938964844,41.65459442138672,402.6861267089844
2023-10-26,164.6629180908203,320.38604736328125,121.12739562988281,119.56999969482422,40.20592498779297,397.8640441894531
2023-10-27,165.97518920898438,322.2621154785156,121.01842498779297,127.73999786376953,40.37940216064453,396.0606384277344
2023-10-30,168.01754760742188,329.5904235839844,123.2868423461914,132.7100067138672,41.038429260253906,400.7958068847656
2023-10-31,168.4911346435547,330.37213134765625,122.9104232788086,133.08999633789062,40.658573150634766,403.3129577636719
2023-11-01,171.64842224121094,338.14996337890625,125.2580795288086,137.0,42.198970794677734,407.6141357421875
2023-11-02,175.20040893554688,340.3485107421875,126.28827667236328,138.07000732421875,43.3764533996582,415.42578125
2023-11-03,174.2926788330078,344.7259521484375,127.88314056396484,138.60000610351562,44.87099075317383,419.2159423828125
2023-11-06,176.83822631835938,348.3706359863281,129.0222930908203,139.74000549316406,45.614768981933594,420.1803283691406
2023-11-07,179.39370727539062,352.27899169921875,129.73548889160156,142.7100067138672,45.81816482543945,421.37615966796875
2023-11-08,180.44940185546875,354.8879699707031,130.59725952148438,142.0800018310547,46.4353141784668,421.6847839355469
2023-11-09,179.975830078125,352.4353942871094,129.01234436035156,140.60000610351562,46.81019592285156,418.3961486816406
2023-11-10,184.1548614501953,361.2099304199219,131.3402099609375,143.55999755859375,48.191062927246094,424.9252014160156
2023-11-13,182.5741424560547,358.2883605957031,130.84490966796875,142.58999633789062,48.475223541259766,424.5201721191406
2023-11-14,185.1823272705078,361.7961730957031,132.36048889160156,145.8000030517578,49.50813293457031,432.75616455078125
2023-11-15,185.74545288085938,361.94305419921875,133.35107421875,143.1999969482422,48.74242401123047,433.67230224609375
2023-11-16,187.4250030517578,368.30718994140625,135.6392822265625,142.8300018310547,49.33266830444336,434.20269775390625
2023-11-17,187.40524291992188,362.1192626953125,134.03457641601562,145.17999267578125,49.151206970214844,434.7427978515625
2023-11-20,189.1439971923828,369.5506286621094,134.9656982421875,146.1300048828125,50.2588996887207,438.0893249511719
2023-11-21,188.3437957763672,365.27197265625,135.6789093017578,143.89999389648438,49.79528045654297,437.13446044921875
2023-11-22,189.00570678710938,369.9520263671875,137.1846160888672,146.7100067138672,48.57093811035156,438.82220458984375
2023-11-24,187.68185424804688,369.5408020019531,135.40155029296875,146.74000549316406,47.63373947143555,439.09228515625
2023-11-27,187.50401306152344,370.6961364746094,135.12420654296875,147.72999572753906,48.098350524902344,438.3014221191406
2023-11-28,188.106689453125,374.7006530761719,135.90676879882812,147.02999877929688,47.6786003112793,438.73541259765625
2023-11-29,187.08908081054688,370.9311218261719,133.7175750732422,146.32000732421875,47.99665451049805,438.4267883300781
2023-11-30,187.66209411621094,370.9898986816406,131.28077697753906,146.08999633789062,46.630733489990234,440.153076171875
2023-12-01,188.93658447265625,366.681884765625,130.61709594726562,147.02999877929688,46.6257438659668,442.7569885253906
2023-12-04,187.1483612060547,361.4241027832031,128.05152893066406,144.83999633789062,45.37448501586914,440.4327697753906
2023-12-05,191.09031677246094,364.7334289550781,129.7552947998047,146.8800048828125,46.43141555786133,440.345947265625
2023-12-06,190.00357055664062,361.0911865234375,128.79444885253906,144.52000427246094,45.37149429321289,438.5715026855469
2023-12-07,191.9300994873047,363.1963195800781,135.6392822265625,146.8800048828125,46.461334228515625,441.91790771484375
2023-12-08,193.35272216796875,366.40771484375,133.7175750732422,147.4199981689453,47.368709564208984,443.81781005859375
2023-12-11,190.85317993164062,363.5389099121094,132.03359985351562,145.88999938964844,46.492244720458984,445.5440673828125
2023-12-12,192.36474609375,366.5545654296875,131.2708740234375,147.47999572753906,47.51927185058594,447.5789794921875
2023-12-13,195.5756378173828,366.54473876953125,131.32041931152344,148.83999633789062,47.94902038574219,453.75115966796875
2023-12-14,195.72381591796875,358.2812194824219,130.69631958007812,147.4199981689453,48.210269927978516,455.20745849609375
2023-12-15,195.19032287597656,362.98089599609375,131.35011291503906,149.97000122070312,48.74870300292969,454.4579772949219
2023-12-18,193.53053283691406,364.8607177734375,134.5199432373047,154.07000732421875,49.93227767944336,457.0142517089844
2023-12-19,194.56788635253906,365.4580383300781,135.36195373535156,153.7899932861328,49.46063995361328,459.7933654785156
2023-12-20,192.48330688476562,362.87310791015625,137.0360107421875,152.1199951171875,47.971954345703125,453.42181396484375
2023-12-21,192.3351287841797,365.7321472167969,139.096435546875,153.83999633789062,48.848419189453125,457.72113037109375
2023-12-22,191.2681427001953,366.7503967285156,140.1563262939453,153.4199981689453,48.688873291015625,458.6409606933594
2023-12-26,190.7247314453125,366.8287658691406,140.18605041503906,153.41000366210938,49.13657760620117,460.57763671875
2023-12-27,190.82354736328125,366.2511291503906,139.04685974121094,153.33999633789062,49.2741813659668,461.410400390625
2023-12-28,191.24838256835938,367.43572998046875,138.90818786621094,153.3800048828125,49.37887954711914,461.5846862792969
2023-12-29,190.21104431152344,368.1798095703125,138.37327575683594,151.94000244140625,49.37887954711914,460.2484130859375
2024-01-02,183.40399169921875,363.11785888671875,136.8675994873047,149.92999267578125,48.02878952026367,457.6726989746094
2024-01-03,182.03074645996094,362.8535461425781,137.61056518554688,148.47000122070312,47.43152618408203,453.9350280761719
2024-01-04,179.71893310546875,360.2491149902344,135.10438537597656,144.57000732421875,47.85927963256836,452.4728698730469
2024-01-05,178.9977264404297,360.0631103515625,134.45059204101562,145.24000549316406,48.95510482788086,453.0925598144531
2024-01-08,183.32496643066406,366.8581237792969,137.53131103515625,149.10000610351562,52.10198211669922,459.5609436035156
2024-01-09,182.9100341796875,367.93511962890625,139.62139892578125,151.3699951171875,52.98642349243164,458.86376953125
2024-01-10,183.94737243652344,374.7691345214844,140.93885803222656,153.72999572753906,54.19292449951172,461.4588317871094
2024-01-11,183.35459899902344,376.5903625488281,140.74075317382812,155.17999267578125,54.6635627746582,461.2554931640625
2024-01-12,183.68063354492188,380.35003662109375,141.3053741455078,154.6199951171875,54.5518798828125,461.57501220703125
2024-01-16,181.41822814941406,382.1123962402344,141.14691162109375,153.16000366210938,56.21905517578125,459.88043212890625
2024-01-17,180.47964477539062,381.32916259765625,140.1365203857422,151.7100067138672,55.89100646972656,457.3241271972656
2024-01-18,186.35800170898438,385.6371765136719,142.1275634765625,153.5,56.94196319580078,461.3910217285156
2024-01-19,189.2527313232422,390.3368225097656,145.00022888183594,155.33999633789062,59.31907272338867,467.1427917480469
2024-01-22,191.55465698242188,388.2220153808594,144.61390686035156,154.77999877929688,59.481597900390625,468.1305236816406
2024-01-23,192.8291015625,390.56201171875,145.65399169921875,156.02000427246094,59.69996643066406,469.49578857421875
2024-01-24,192.15728759765625,394.14556884765625,147.29832458496094,156.8699951171875,61.184661865234375,470.009033203125
2024-01-25,191.83128356933594,396.4072570800781,150.43846130371094,157.75,61.43892288208008,472.5653991699219
2024-01-26,190.1023712158203,395.4869079589844,150.75546264648438,159.1199951171875,60.854618072509766,471.9649963378906
2024-01-29,189.42063903808594,401.1558532714844,152.06301879882812,161.25999450683594,62.28447341918945,475.70269775390625
2024-01-30,185.7751007080078,400.04949951171875,150.0323486328125,159.0,62.59257507324219,475.3347473144531
2024-01-31,182.178955078125,389.2696533203125,138.77940368652344,155.1999969482422,61.34918212890625,467.5785217285156
2024-02-01,184.6093292236328,395.3401184082031,139.82945251464844,159.27999877929688,62.844852447509766,473.69830322265625
2024-02-02,183.61148071289062,402.62457275390625,141.03794860839844,171.80999755859375,65.96880340576172,478.6850891113281
2024-02-05,185.41944885253906,397.17095947265625,142.32565307617188,170.30999755859375,69.13163757324219,476.9421081542969
2024-02-06,187.01991271972656,397.0142517089844,142.74172973632812,169.14999389648438,68.02583312988281,478.3268737792969
2024-02-07,187.1286163330078,405.3953552246094,144.16812133789062,170.52999877929688,69.89640045166016,482.3162536621094
2024-02-08,186.0517120361328,405.4541015625,144.53463745117188,169.83999633789062,69.43973541259766,482.529296875
2024-02-09,186.81341552734375,411.75946044921875,147.5955352783203,174.4499969482422,71.9245376586914,485.31805419921875
2024-02-12,185.1317596435547,406.5800476074219,146.1393585205078,172.33999633789062,72.03919219970703,485.1050109863281
2024-02-13,183.0445098876953,397.82696533203125,143.7718963623047,168.63999938964844,71.91954803466797,478.42364501953125
2024-02-14,182.1641082763672,401.6720886230469,144.5643768310547,170.97999572753906,73.68643188476562,482.77142333984375
2024-02-15,181.8772430419922,398.7980651855469,141.4242706298828,169.8000030517578,72.4480209350586,486.1023864746094
2024-02-16,180.34396362304688,396.34576416015625,139.19546508789062,169.50999450683594,72.40314483642578,483.681640625
2024-02-20,179.60206604003906,395.10003662109375,139.78977966308594,167.0800018310547,69.25128173828125,481.01873779296875
2024-02-21,180.35385131835938,394.5016784667969,141.20632934570312,168.58999633789062,67.27701568603516,481.4544677734375
2024-02-22,182.38174438476562,403.7908630371094,142.73178100585938,174.5800018310547,78.31102752685547,491.4184265136719
2024-02-23,180.5517120361328,402.5058898925781,142.60304260253906,174.99000549316406,78.58921813964844,491.75732421875
2024-02-26,179.2063446044922,399.75927734375,136.27330017089844,174.72999572753906,78.8634262084961,489.95623779296875
2024-02-27,180.66050720214844,399.70050048828125,137.57093811035156,173.5399932861328,78.47354125976562,490.86639404296875
2024-02-28,179.4635467529297,399.9359130859375,135.094482421875,173.16000366210938,77.43854522705078,490.2176818847656
2024-02-29,178.80076599121094,405.7428894042969,137.15489196777344,176.75999450683594,78.88336944580078,491.97998046875
2024-03-01,177.72251892089844,407.5673828125,135.84732055664062,178.22000122070312,82.04121398925781,496.5988464355469
2024-03-04,173.2117156982422,406.99853515625,132.09304809570312,177.5800018310547,84.99065399169922,496.0662841796875
2024-03-05,168.285400390625,394.9626770019531,131.41946411132812,174.1199951171875,85.7195816040039,491.1085510253906
2024-03-06,167.29617309570312,394.4133605957031,130.16143798828125,173.50999450683594,88.44780731201172,493.5971374511719
2024-03-07,167.177490234375,401.32879638671875,133.11334228515625,176.82000732421875,92.405517578125,498.4967956542969
2024-03-08,168.88882446289062,398.4645080566406,134.13363647460938,175.35000610351562,87.27913665771484,495.5046691894531
2024-03-11,170.8870391845703,396.7969055175781,136.37232971191406,171.9600067138672,85.53011322021484,495.0786437988281
2024-03-12,171.36187744140625,407.3515319824219,137.19448852539062,175.38999938964844,91.65167236328125,500.4043273925781
2024-03-13,169.28453063964844,407.17498779296875,138.4723358154297,176.55999755859375,90.62957763671875,499.6199951171875
2024-03-14,171.13433837890625,417.1018371582031,141.7511444091797,178.75,87.69396209716797,498.6323547363281
2024-03-15,170.75843811035156,408.4698181152344,139.8492431640625,174.4199981689453,87.5872573852539,495.20843505859375
2024-03-18,171.84658813476562,409.3526306152344,146.28797912597656,174.47999572753906,88.2034912109375,498.1515197753906
2024-03-19,174.18115234375,413.36456298828125,145.64410400390625,175.89999389648438,89.14381408691406,500.9197998046875
2024-03-20,176.74319458007812,417.111572265625,147.33799743652344,178.14999389648438,90.11506652832031,505.5530090332031
2024-03-21,169.5219268798828,421.1725158691406,146.20872497558594,178.14999389648438,91.1750259399414,507.2236022949219
2024-03-22,170.42213439941406,420.5545959472656,149.34886169433594,178.8699951171875,94.02092742919922,506.26214599609375
2024-03-25,169.00755310058594,414.7867736816406,148.65545654296875,179.7100067138672,94.73188018798828,504.8633117675781
2024-03-26,167.87985229492188,413.5999450683594,149.2498016357422,178.3000030517578,92.29781341552734,503.9308776855469
2024-03-27,171.44102478027344,413.38409423828125,149.44790649414062,179.8300018310547,89.9933853149414,508.1658630371094
2024-03-28,169.63072204589844,412.68768310546875,149.50732421875,180.3800048828125,90.09910583496094,508.0687255859375
2024-04-01,168.19639587402344,416.46417236328125,154.02435302734375,180.97000122070312,90.10608673095703,507.1847229003906
2024-04-02,167.0192108154297,413.3939514160156,153.10311889648438,180.69000244140625,89.19766998291016,503.9600524902344
2024-04-03,167.8204803466797,412.4228820800781,153.45973205566406,182.41000366210938,88.7110595703125,504.5136413574219
2024-04-04,166.99945068359375,409.9019470214844,149.11111450195312,180.0,85.6607437133789,498.3554992675781
2024-04-05,167.75123596191406,417.3960266113281,151.06256103515625,185.07000732421875,87.75776672363281,503.5617370605469
2024-04-08,166.6334228515625,416.48382568359375,153.390380859375,185.19000244140625,86.88526153564453,503.84344482421875
2024-04-09,167.8402557373047,418.1415100097656,155.12388610839844,185.6699981689453,85.11131286621094,504.42633056640625
2024-04-10,165.9706268310547,415.17919921875,154.66822814941406,185.9499969482422,86.7915267944336,499.3753356933594
2024-04-11,173.15232849121094,419.7600402832031,157.9074249267578,189.0500030517578,90.35836029052734,503.14410400390625
2024-04-12,174.6460723876953,413.8451843261719,156.2432098388672,186.1300048828125,87.93525695800781,496.19915771484375
2024-04-15,170.82769775390625,405.7428894042969,153.40029907226562,183.6199951171875,85.75647735595703,489.9826965332031
2024-04-16,167.5533905029297,406.6649475097656,152.94461059570312,183.32000732421875,87.16645812988281,489.089111328125
2024-04-17,166.18826293945312,403.9772033691406,154.00454711914062,181.27999877929688,83.79607391357422,486.1946105957031
2024-04-18,165.23861694335938,396.5517578125,154.53941345214844,179.22000122070312,84.43025207519531,485.194091796875
2024-04-19,163.2206268310547,391.5000915527344,152.63754272460938,174.6300048828125,75.98333740234375,480.9591979980469
2024-04-22,164.0515594482422,393.3049621582031,154.80690002441406,177.22999572753906,79.29190826416016,485.3883972167969
2024-04-23,165.10011291503906,399.7887878417969,156.76824951171875,179.5399932861328,82.18864440917969,491.1482849121094
2024-04-24,167.19728088378906,401.250244140625,157.6300506591797,176.58999633789062,79.45045471191406,490.9151611328125
2024-04-25,168.05787658691406,391.421630859375,154.529541015625,173.6699981689453,82.39706420898438,489.05023193359375
2024-04-26,167.47427368164062,398.5626525878906,170.32919311523438,179.6199951171875,87.48554229736328,493.6834716796875
2024-04-29,171.6289520263672,394.5703125,164.58387756347656,180.9600067138672,87.50749206542969,495.4318542480469
2024-04-30,168.49313354492188,381.89697265625,161.24563598632812,175.0,86.15633392333984,487.58355712890625
2024-05-01,167.47427368164062,387.3999328613281,162.31544494628906,179.0,82.80488586425781,486.00030517578125
2024-05-02,171.1640167236328,390.2445068359375,165.0494384765625,184.72000122070312,85.57300567626953,490.54608154296875
2024-05-03,181.4024200439453,398.8961486816406,165.6636199951172,186.2100067138672,88.53655242919922,496.6264953613281
2024-05-06,179.75042724609375,405.6448059082031,166.5155029296875,188.6999969482422,91.87802124023438,501.7550964355469
2024-05-07,180.43295288085938,401.5249328613281,169.6357879638672,188.75999450683594,90.29652404785156,502.3088073730469
2024-05-08,180.76931762695312,402.70208740234375,167.78343200683594,188.0,90.15493774414062,502.3573913574219
2024-05-09,182.57958984375,404.44805908203125,168.3579559326172,189.5,88.49466705322266,505.25189208984375
2024-05-10,181.32156372070312,406.8218688964844,167.06031799316406,187.47999572753906,89.62244415283203,505.9027099609375
2024-05-13,184.5210723876953,405.8212890625,167.54568481445312,186.57000732421875,90.14197540283203,505.9706726074219
2024-05-14,185.6602020263672,408.6071472167969,168.734375,187.07000732421875,91.09626007080078,508.292236328125
2024-05-15,187.92860412597656,415.7511901855469,170.88389587402344,185.99000549316406,94.36092376708984,514.5862426757812
2024-05-16,188.04745483398438,413.6974182128906,172.5381622314453,183.6300048828125,94.09070587158203,513.5274658203125
2024-05-17,188.07716369628906,412.930908203125,174.40045166015625,184.6999969482422,92.21604919433594,514.2657470703125
2024-05-20,189.2361297607422,417.97198486328125,175.2523193359375,183.5399932861328,94.510498046875,514.8582763671875
2024-05-21,190.53378295898438,421.6080017089844,176.17359924316406,183.14999389648438,95.11479949951172,516.120849609375
2024-05-22,189.09742736816406,423.06231689453125,174.71742248535156,183.1300048828125,94.68003845214844,514.6348876953125
2024-05-23,185.11541748046875,419.603271484375,171.91412353515625,181.0500030517578,103.5038833618164,510.87579345703125
2024-05-24,188.18614196777344,422.7085876464844,173.34056091308594,180.75,106.1662826538086,514.2559814453125
2024-05-28,188.196044921875,422.86578369140625,174.73727416992188,182.14999389648438,113.5771484375,514.615478515625
2024-05-29,188.4932098388672,421.7356872558594,174.241943359375,182.02000427246094,114.49852752685547,511.01190185546875
2024-05-30,189.4837646484375,407.4869384765625,170.48768615722656,179.32000732421875,110.18582153320312,507.62188720703125
2024-05-31,190.43470764160156,407.93896484375,170.8740234375,176.44000244140625,109.32128143310547,512.245361328125
2024-06-03,192.19790649414062,406.35675048828125,171.5377197265625,178.33999633789062,114.67301940917969,512.6629638671875
2024-06-04,192.514892578125,408.8627014160156,172.15187072753906,179.33999633789062,116.10594940185547,513.2361450195312
2024-06-05,194.02052307128906,416.66510009765625,173.75660705566406,181.27999877929688,122.09185791015625,519.3359985351562
2024-06-06,192.64366149902344,417.166259765625,175.0641632080078,185.0,120.65396118164062,519.3263549804688
2024-06-07,195.0308837890625,416.5078430175781,172.81553649902344,184.3000030517578,120.5442886352539,518.6948852539062
2024-06-10,191.29649353027344,420.458251953125,173.55931091308594,187.05999755859375,121.4437255859375,520.297607421875
2024-06-11,205.1939697265625,425.1849060058594,175.1559600830078,187.22999572753906,120.57612609863281,521.5505981445312
2024-06-12,211.05813598632812,433.4197082519531,176.31626892089844,186.88999938964844,124.8542709350586,525.8341064453125
2024-06-13,212.21707153320312,433.9307556152344,173.70806884765625,183.8300018310547,129.25209045410156,526.8928833007812
2024-06-14,210.48361206054688,434.9035949707031,175.32455444335938,183.66000366210938,131.51583862304688,527.2134399414062
2024-06-17,214.6240997314453,440.6031188964844,175.77085876464844,184.05999755859375,130.6183319091797,531.4096069335938
2024-06-18,212.26658630371094,438.6082458496094,173.6386260986328,182.80999755859375,135.2056121826172,532.7597045898438
2024-06-20,207.7001190185547,437.9793701171875,174.838623046875,186.10000610351562,130.41885375976562,531.3123779296875
2024-06-21,205.5308074951172,441.9886474609375,178.14102172851562,189.0800018310547,126.2204818725586,530.60009765625
2024-06-24,206.1746826171875,439.9151916503906,177.73440551757812,185.57000732421875,117.78384399414062,528.8753051757812
2024-06-25,207.0959014892578,443.138427734375,182.50454711914062,186.33999633789062,125.74181365966797,530.911865234375
2024-06-26,211.23643493652344,444.3274841308594,182.35580444335938,193.61000061035156,126.05096435546875,531.57470703125
2024-06-27,212.07838439941406,445.0055236816406,183.87310791015625,197.85000610351562,123.6476058959961,532.4126586914062
2024-06-28,208.63125610351562,439.20770263671875,180.64015197753906,193.25,123.19886016845703,530.3175048828125
2024-07-01,214.70335388183594,448.8182678222656,181.47317504882812,197.1999969482422,123.95677185058594,531.408935546875
2024-07-02,218.1901397705078,451.32415771484375,183.7045440673828,200.0,122.33126068115234,534.985107421875
2024-07-03,219.45803833007812,452.7882995605469,184.2797088623047,197.58999633789062,127.92578125,537.3724975585938
2024-07-05,224.2028045654297,459.4607238769531,189.02008056640625,200.0,125.48253631591797,540.4713134765625
2024-07-08,225.66883850097656,458.1636047363281,187.46311950683594,199.2899932861328,127.84598541259766,541.0950927734375
2024-07-09,226.52073669433594,451.5796203613281,187.41351318359375,199.33999633789062,131.01722717285156,541.6212158203125
2024-07-10,230.7801055908203,458.17333984375,189.5952911376953,199.7899932861328,134.5374755859375,546.9805297851562
2024-07-11,225.42120361328125,446.8234558105469,184.03179931640625,195.0500030517578,127.0482177734375,542.2642822265625
2024-07-12,228.36317443847656,445.6933898925781,183.5359649658203,194.49000549316406,128.88314819335938,545.6846313476562
2024-07-15,232.18670654296875,446.0962829589844,184.98382568359375,192.72000122070312,128.08534240722656,547.1853637695312
2024-07-16,232.60275268554688,441.7331848144531,182.39547729492188,193.02000427246094,126.01107025146484,550.4302368164062
2024-07-17,226.71884155273438,435.83709716796875,179.51950073242188,187.92999267578125,117.66416931152344,542.7125244140625
2024-07-18,222.06321716308594,432.74169921875,176.21710205078125,183.75,120.75560760498047,538.5419311523438
2024-07-19,222.19198608398438,429.5381164550781,176.18734741210938,183.1300048828125,117.60436248779297,534.9656372070312
2024-07-22,221.84530639648438,435.2671203613281,180.16412353515625,182.5500030517578,123.19886016845703,540.481201171875
2024-07-23,222.88536071777344,437.1440734863281,180.2831268310547,186.41000366210938,122.2514877319336,539.63330078125
2024-07-24,216.47645568847656,421.4703674316406,171.19903564453125,180.8300018310547,113.93450164794922,527.40380859375
2024-07-25,215.43638610839844,411.1523132324219,165.8933868408203,179.85000610351562,111.96995544433594,524.6558227539062
2024-07-26,215.90194702148438,417.90325927734375,165.61570739746094,182.5,112.74779510498047,530.53173828125
2024-07-29,216.17930603027344,419.3380126953125,168.12474060058594,183.1999969482422,111.28185272216797,530.84375
2024-07-30,216.73403930664062,415.593994140625,168.87844848632812,181.7100067138672,103.44355773925781,528.1542358398438
2024-07-31,219.9830322265625,411.1031494140625,170.11807250976562,186.97999572753906,116.69684600830078,536.7390747070312
2024-08-01,216.29815673828125,409.88458251953125,169.3445587158203,184.07000732421875,108.9084243774414,529.1383666992188
2024-08-02,217.78399658203125,401.4139099121094,165.2785186767578,167.89999389648438,106.97377014160156,519.2868041992188
2024-08-05,207.29400634765625,388.3050231933594,157.92996215820312,161.02000427246094,100.17261505126953,504.16314697265625
2024-08-06,205.2732391357422,392.68780517578125,156.9779052734375,161.92999267578125,103.96212005615234,508.8113098144531
2024-08-07,207.8388214111328,391.52813720703125,157.62252807617188,162.77000427246094,98.63687896728516,505.4104309082031
2024-08-08,211.2958221435547,395.71441650390625,160.68690490722656,165.8000030517578,104.68013000488281,517.0942993164062
2024-08-09,214.19821166992188,398.9866943359375,162.31329345703125,166.94000244140625,104.46075439453125,519.3744506835938
2024-08-12,215.72540283203125,399.7630310058594,160.94476318359375,166.8000030517578,108.71894836425781,519.6472778320312
2024-08-13,219.43438720703125,406.83831787109375,162.79925537109375,170.22999572753906,115.81929016113281,528.1931762695312
2024-08-14,219.88067626953125,409.6389465332031,159.04067993164062,170.10000610351562,117.75395202636719,529.8594360351562
2024-08-15,222.8557586669922,414.482421875,159.9629669189453,177.58999633789062,122.52074432373047,538.9413452148438
2024-08-16,224.1747283935547,411.9622802734375,161.6092071533203,177.05999755859375,124.23599243164062,540.1497192382812
2024-08-19,224.0160369873047,414.97467041015625,165.2884521484375,178.22000122070312,129.64102172851562,545.3143310546875
2024-08-20,224.6309051513672,418.1938171386719,165.79421997070312,178.8800048828125,126.89862060546875,544.4276733398438
2024-08-21,224.5218505859375,417.5440673828125,164.47525024414062,180.11000061035156,128.14517211914062,546.2984619140625
2024-08-22,222.66734313964844,409.087646484375,162.44223022460938,176.1300048828125,123.39830780029297,542.0109252929688
2024-08-23,224.9581756591797,410.30841064453125,164.24716186523438,177.0399932861328,129.01275634765625,547.77001953125
2024-08-26,225.29534912109375,407.0596923828125,164.7826690673828,175.5,126.11078643798828,546.4641723632812
2024-08-27,226.13829040527344,407.4042663574219,163.31491088867188,173.1199951171875,127.94573211669922,547.2145385742188
2024-08-28,224.61109924316406,404.214599609375,161.5001220703125,170.8000030517578,125.26314544677734,544.037841796875
2024-08-29,227.8837127685547,406.6954040527344,160.43899536132812,172.1199951171875,117.2652816772461,544.0865478515625
2024-08-30,227.1002655029297,410.6529235839844,162.02574157714844,178.5,119.04037475585938,549.2804565429688
2024-09-03,220.92193603515625,403.07269287109375,156.05560302734375,176.25,107.70177459716797,537.976806640625
2024-09-04,219.0178680419922,402.5411071777344,155.15316772460938,173.3300018310547,105.91671752929688,536.875732421875
2024-09-05,220.53518676757812,402.03900146484375,155.93661499023438,177.88999938964844,106.91394805908203,535.5697631835938
2024-09-06,218.98812866210938,395.4530334472656,149.6690216064453,171.38999938964844,102.54605102539062,526.5560913085938
2024-09-09,219.07737731933594,399.4105224609375,147.67303466796875,175.39999389648438,106.1760025024414,532.4515380859375
2024-09-10,218.2840118408203,407.7586669921875,147.62338256835938,179.5500030517578,107.8014907836914,534.7706909179688
2024-09-11,220.8128662109375,416.461181640625,150.10595703125,184.52000427246094,116.587158203125,540.2569580078125
2024-09-12,220.92193603515625,420.3596496582031,153.61131286621094,187.0,118.82118225097656,544.8075561523438
2024-09-13,220.65419006347656,423.8937683105469,156.36199951171875,186.49000549316406,118.7812728881836,547.6530151367188
2024-09-16,214.52545166015625,424.632080078125,156.9578094482422,184.88999938964844,116.46748352050781,548.4619140625
2024-09-17,214.9915771484375,428.3828430175781,158.20904541015625,186.8800048828125,115.28067016601562,548.6859741210938
2024-09-18,218.85922241210938,424.1103210449219,158.6956329345703,186.42999267578125,113.06661224365234,547.0586547851562
2024-09-19,226.97132873535156,431.8677978515625,161.00936889648438,189.8699951171875,117.5545654296875,556.3938598632812
2024-09-20,226.30690002441406,428.50091552734375,162.4492645263672,191.60000610351562,115.68956756591797,555.4320678710938
2024-09-23,224.5912628173828,426.7683410644531,160.72142028808594,193.8800048828125,115.94888305664062,556.820068359375
2024-09-24,225.48377990722656,422.495849609375,161.1583251953125,193.9600067138672,120.54654693603516,558.4132690429688
2024-09-25,224.4920654296875,425.39013671875,160.36390686035156,192.52999877929688,123.17948150634766,557.181640625
2024-09-26,225.63255310058594,424.6025390625,161.59524536132812,191.16000366210938,123.70806121826172,559.3907470703125
2024-09-27,225.90028381347656,421.3637390136719,162.80674743652344,187.97000122070312,121.07511901855469,558.5794067382812
2024-09-30,231.0670928955078,423.6082458496094,164.6935272216797,186.3300018310547,121.11502075195312,560.8178100585938
2024-10-01,224.3334197998047,414.1477355957031,165.82553100585938,185.1300048828125,116.6868896484375,555.7937622070312
2024-10-02,224.89869689941406,410.64312744140625,164.70343017578125,184.75999450683594,118.5319595336914,556.0283203125
2024-10-03,223.7978973388672,410.0622863769531,164.70343017578125,181.9600067138672,122.52124786376953,555.0119018554688
2024-10-04,224.9185028076172,409.5896911621094,165.89503479003906,186.50999450683594,124.58570098876953,560.0553588867188
2024-10-07,219.85089111328125,403.171142578125,161.843505859375,180.8000030517578,127.37820434570312,554.9922485351562
2024-10-08,223.89706420898438,408.2607116699219,163.23377990722656,182.72000122070312,132.5343780517578,560.2411499023438
2024-10-09,227.63577270507812,410.9679260253906,160.7313232421875,185.1699981689453,132.29502868652344,564.1215209960938
2024-10-10,227.13990783691406,409.3731384277344,160.9497833251953,186.64999389648438,134.44923400878906,563.1343994140625
2024-10-11,225.66229248046875,409.8456726074219,162.10169982910156,188.82000732421875,134.43927001953125,566.506591796875
2024-10-14,229.3811798095703,412.6218566894531,163.8096923828125,187.5399932861328,137.70053100585938,571.1396484375
2024-10-15,231.91004943847656,412.2280578613281,164.30624389648438,187.69000244140625,131.24783325195312,566.7020874023438
2024-10-16,229.857177734375,409.64874267578125,164.00831604003906,186.88999938964844,135.35679626464844,569.1651000976562
2024-10-17,230.22415161132812,410.2394714355469,161.79383850097656,187.52999877929688,136.56358337402344,569.2139892578125
2024-10-18,233.05047607421875,411.65704345703125,162.28045654296875,188.99000549316406,137.6306915283203,571.4035034179688
2024-10-21,234.5181884765625,412.2674560546875,162.92593383789062,189.07000732421875,143.32542419433594,570.4652099609375
2024-10-22,233.90333557128906,420.8616943359375,163.98846435546875,189.6999969482422,143.20574951171875,570.1622314453125
2024-10-23,228.84568786621094,417.9969482421875,161.64491271972656,184.7100067138672,139.18653869628906,564.952392578125
2024-10-24,228.6572265625,418.1248779296875,161.58534240722656,186.3800048828125,140.0342559814453,566.1742553710938
2024-10-25,229.4902801513672,421.4917297363281,164.1175537109375,187.8300018310547,141.16122436523438,565.9785766601562
2024-10-28,231.46372985839844,419.95599365234375,165.5574493408203,188.38999938964844,140.14395141601562,567.7283935546875
2024-10-29,231.7315216064453,425.23260498046875,168.49679565429688,190.8300018310547,140.8719940185547,568.6471557617188
2024-10-30,228.19114685058594,425.8036193847656,173.2434539794922,192.72999572753906,138.96710205078125,566.9268798828125
2024-10-31,224.03590393066406,400.03076171875,169.91680908203125,186.39999389648438,132.4047393798828,555.8132934570312
2024-11-01,221.06076049804688,403.9881286621094,170.09556579589844,197.92999267578125,135.0376739501953,558.1591186523438
2024-11-04,220.16822814941406,402.10784912109375,168.0598602294922,195.77999877929688,135.68592834472656,556.9568481445312
2024-11-05,221.59628295898438,405.06121826171875,168.55636596679688,199.5,139.53558349609375,563.6915283203125
2024-11-06,220.8723602294922,413.64569091796875,175.27915954589844,207.08999633789062,145.2203369140625,577.7080688476562
2024-11-07,225.59286499023438,418.8139953613281,179.48959350585938,210.0500030517578,148.48158264160156,582.1749267578125
2024-11-08,225.32481384277344,415.96893310546875,177.10633850097656,208.17999267578125,147.2349395751953,584.6967163085938
2024-11-11,222.61448669433594,411.5093994140625,179.0924072265625,206.83999633789062,144.87127685546875,585.2538452148438
2024-11-12,222.61448669433594,416.45135498046875,180.353515625,208.91000366210938,147.89315795898438,583.435791015625
2024-11-13,223.49807739257812,418.5876159667969,177.63262939453125,214.10000610351562,145.87857055664062,583.7192993164062
2024-11-14,226.5757293701172,420.2513122558594,174.35565185546875,211.47999572753906,146.3672637939453,579.9658813476562
2024-11-15,223.3789520263672,408.54620361328125,171.28721618652344,202.61000061035156,141.60006713867188,572.5372924804688
2024-11-18,226.377197265625,409.29437255859375,174.0775909423828,201.6999969482422,139.77493286132812,574.8832397460938
2024-11-19,226.63528442382812,411.2928466796875,176.87789916992188,204.61000061035156,146.6165771484375,576.9847412109375
2024-11-20,227.35009765625,409.02862548828125,174.75286865234375,202.8800048828125,145.49957275390625,577.1801147460938
2024-11-21,226.87356567382812,407.26287841796875,166.4611053466797,198.3800048828125,146.27749633789062,580.2786254882812
2024-11-22,228.21383666992188,411.3368225097656,163.611083984375,197.1199951171875,141.5701446533203,582.0772094726562
2024-11-25,231.19224548339844,413.10247802734375,166.48094177246094,201.4499969482422,135.656005859375,584.0516967773438
2024-11-26,233.36648559570312,422.177490234375,167.94068908691406,207.86000061035156,136.55360412597656,587.101318359375
2024-11-27,233.23739624023438,417.2454528808594,168.04995727539062,205.74000549316406,134.97781372070312,585.3223266601562
2024-11-29,235.62010192871094,417.70904541015625,167.77188110351562,207.88999938964844,137.88003540039062,588.9584350585938
2024-12-02,237.86383056640625,425.1269836425781,170.29415893554688,210.7100067138672,138.259033203125,590.0140991210938
2024-12-03,240.90176391601562,425.34393310546875,170.1452178955078,213.44000244140625,139.88465881347656,590.2877197265625
2024-12-04,241.25917053222656,431.4795227050781,173.1540985107422,218.16000366210938,144.7515869140625,593.9530639648438
2024-12-05,241.2889862060547,436.6088562011719,171.43614196777344,220.5500030517578,144.68177795410156,592.9756469726562
2024-12-06,241.09039306640625,437.54595947265625,173.49172973632812,227.02999877929688,142.06861877441406,594.0997314453125
2024-12-09,244.9722442626953,439.962646484375,174.34671020507812,226.08999633789062,138.44805908203125,591.0403442382812
2024-12-10,245.98489379882812,437.3092041015625,184.0895233154297,225.0399932861328,134.71783447265625,589.2026977539062
2024-12-11,244.71412658691406,442.89239501953125,194.2598114013672,230.25999450683594,138.94676208496094,593.7576904296875
2024-12-12,246.17352294921875,443.45465087890625,190.83990478515625,228.97000122070312,136.98191833496094,590.6982421875
2024-12-13,246.34230041503906,441.1956787109375,188.71240234375,227.4600067138672,133.89996337890625,590.5810546875
2024-12-16,249.23135375976562,445.4570007324219,195.51248168945312,232.92999267578125,131.65582275390625,593.102783203125
2024-12-17,251.6537322998047,448.2880859375,194.27969360351562,231.14999389648438,130.05003356933594,590.6591186523438
2024-12-18,246.26287841796875,431.44989013671875,187.30064392089844,220.52000427246094,128.57388305664062,573.0554809570312
2024-12-19,247.9903106689453,431.0947570800781,187.41001892089844,223.2899932861328,130.33926391601562,572.8794555664062
2024-12-20,252.65647888183594,430.670654296875,190.29312133789062,224.9199981689453,134.34877014160156,579.76025390625
2024-12-23,253.43084716796875,429.3389892578125,193.4943084716797,225.05999755859375,139.30581665039062,583.2320556640625
2024-12-24,256.3397216796875,433.3634948730469,194.96568298339844,229.0500030517578,139.85440063476562,589.714599609375
2024-12-26,257.15380859375,432.16009521484375,194.4586639404297,227.0500030517578,139.56515502929688,589.7539672851562
2024-12-27,253.74853515625,424.68310546875,191.63522338867188,223.75,136.6527557373047,583.5458984375
2024-12-30,250.38294982910156,419.0604553222656,190.12411499023438,221.3000030517578,137.13153076171875,576.88671875
2024-12-31,248.61581420898438,415.7756652832031,188.19541931152344,219.38999938964844,133.9398651123047,574.7879638671875
2025-01-02,242.0931396484375,412.8953552246094,188.32464599609375,220.22000122070312,137.94937133789062,573.375732421875
2025-01-03,241.60667419433594,417.6005859375,190.67088317871094,224.19000244140625,144.09332275390625,580.544921875
2025-01-06,243.23484802246094,422.03948974609375,195.72125244140625,227.61000061035156,149.04037475585938,583.88916015625
2025-01-07,240.46495056152344,416.6338195800781,194.3492889404297,222.11000061035156,139.77459716796875,577.288818359375
2025-01-08,240.951416015625,418.79412841796875,192.8182830810547,222.1300048828125,139.7446746826172,578.13232421875
2025-01-10,235.14356994628906,413.26031494140625,190.91941833496094,218.94000244140625,135.55564880371094,569.3056030273438
2025-01-13,232.71121215820312,411.5242614746094,189.89544677734375,218.4600067138672,132.8826141357422,570.1884155273438
2025-01-14,231.5992889404297,410.02490234375,188.55331420898438,217.75999450683594,131.4164581298828,570.972900390625
2025-01-15,236.15621948242188,420.5203857421875,194.40895080566406,223.35000610351562,135.88479614257812,581.3588256835938
2025-01-16,226.61544799804688,418.8138122558594,191.7843475341797,220.66000366210938,133.22174072265625,580.2409057617188
2025-01-17,228.32302856445312,423.20343017578125,194.8563232421875,225.94000244140625,137.3509521484375,586.06640625
2025-01-21,221.0359344482422,422.68060302734375,196.89434814453125,230.7100067138672,140.4628143310547,591.430908203125
2025-01-22,222.2173614501953,440.1402282714844,197.2124786376953,235.00999450683594,146.68655395507812,594.7557373046875
2025-01-23,222.04859924316406,440.643310546875,196.8247528076172,235.4199981689453,146.83615112304688,598.001953125
2025-01-24,221.1749267578125,438.029296875,199.04177856445312,234.85000610351562,142.24813842773438,596.2561645507812
2025-01-27,228.20391845703125,428.65838623046875,190.69076538085938,235.4199981689453,118.1112289428711,587.8218994140625
2025-01-28,236.54339599609375,441.1266784667969,194.16041564941406,238.14999389648438,128.65367126464844,592.8726806640625
2025-01-29,237.63546752929688,436.3227844238281,194.269775390625,237.07000732421875,123.37747192382812,590.2149658203125
2025-01-30,235.8782196044922,409.35406494140625,199.69789123535156,234.63999938964844,124.32500457763672,593.3826293945312
2025-01-31,234.29966735839844,409.42315673828125,202.8295135498047,237.67999267578125,119.7569351196289,590.2246704101562
2025-02-03,226.36724853515625,405.3393859863281,200.05580139160156,237.4199981689453,116.35581970214844,586.252685546875
2025-02-04,231.1227569580078,406.7696838378906,205.17576599121094,242.05999755859375,118.34062957763672,590.1854858398438
2025-02-05,230.79510498046875,407.6772155761719,190.2135772705078,236.1699981689453,124.50452423095703,592.578369140625
2025-02-06,231.5397186279297,410.1728515625,190.48199462890625,238.8300018310547,128.344482421875,594.6380004882812
2025-02-07,225.989990234375,404.1852722167969,184.25851440429688,229.14999389648438,129.50144958496094,589.1949462890625
2025-02-10,226.25831604003906,406.6217346191406,185.38194274902344,233.13999938964844,133.22174072265625,593.1962890625
2025-02-11,231.19793701171875,405.85235595703125,184.23866271972656,232.75999450683594,132.4537353515625,593.6473999023438
2025-02-12,235.42196655273438,403.48492431640625,182.53863525390625,228.92999267578125,130.79808044433594,591.7350463867188
2025-02-13,240.05348205566406,404.96453857421875,185.05386352539062,230.3699951171875,134.93724060058594,597.9822387695312
2025-02-14,243.10475158691406,402.8832092285156,184.149169921875,228.67999267578125,138.48797607421875,597.9529418945312
2025-02-18,242.97552490234375,404.0768127441406,182.6976776123047,226.64999389648438,139.03652954101562,599.7083740234375
2025-02-19,243.37307739257812,409.1370849609375,184.18894958496094,226.6300048828125,138.86697387695312,601.12060546875
2025-02-20,244.32720947265625,411.3016662597656,183.4830780029297,222.8800048828125,139.7446746826172,598.6197509765625
2025-02-21,244.0489044189453,403.4735412597656,178.61166381835938,216.5800018310547,134.07948303222656,588.380859375
2025-02-24,245.58944702148438,399.3124084472656,178.2040557861328,212.7100067138672,129.94032287597656,585.7035522460938
2025-02-25,245.52980041503906,393.2831726074219,174.3964080810547,212.8000030517578,126.2998275756836,582.7907104492188
2025-02-26,238.89064025878906,395.09197998046875,171.72210693359375,214.35000610351562,130.93772888183594,583.0850219726562
2025-02-27,235.84934997558594,387.97552490234375,167.5167999267578,208.74000549316406,119.83673095703125,573.7777709960938
2025-02-28,240.36160278320312,392.3837585449219,169.28640747070312,212.27999877929688,124.59429168701172,582.7318725585938
2025-03-03,236.57489013671875,383.982421875,166.0354766845703,205.02000427246094,113.76261138916016,572.5224609375
2025-03-04,234.4877166748047,384.1009521484375,169.9226837158203,203.8000030517578,115.68756866455078,565.74560546875
2025-03-05,234.2988739013672,396.36700439453125,172.0104217529297,208.36000061035156,116.99417114257812,571.8262329101562
2025-03-06,233.89138793945312,392.284912109375,171.34434509277344,200.6999969482422,110.28170776367188,561.675537109375
2025-03-07,237.60853576660156,388.7464599609375,172.84552001953125,199.25,112.39617919921875,564.82373046875
2025-03-10,226.08938598632812,375.7490234375,165.092041015625,194.5399932861328,106.70106506347656,549.7792358398438
2025-03-11,219.48995971679688,376.03570556640625,163.27061462402344,196.58999633789062,108.4764175415039,545.2091064453125
2025-03-12,215.653564453125,378.8229675292969,166.32623291015625,198.88999938964844,115.44884490966797,548.1021728515625
2025-03-13,208.39817810058594,374.3751220703125,161.99664306640625,193.88999938964844,115.28925323486328,540.7957153320312
2025-03-14,212.18490600585938,384.05157470703125,164.7138214111328,197.9499969482422,121.36392211914062,551.9662475585938
2025-03-17,212.69178771972656,384.1899719238281,163.5194549560547,195.74000549316406,119.22930908203125,556.2227172851562
2025-03-18,211.38978576660156,379.070068359375,159.91644287109375,192.82000732421875,115.13963317871094,550.2107543945312
2025-03-19,213.92420959472656,383.32012939453125,163.121337890625,195.5399932861328,117.22435760498047,556.203125
2025-03-20,212.79116821289062,382.3515625,162.03643798828125,194.9499969482422,118.2318115234375,554.5946655273438
2025-03-21,216.93568420410156,386.72027587890625,163.22085571289062,196.2100067138672,117.4039077758789,554.7777099609375
2025-03-24,219.38064575195312,388.5191345214844,166.89356994628906,203.25999450683594,121.10458374023438,564.7128295898438
2025-03-25,222.38218688964844,390.5749816894531,169.76007080078125,205.7100067138672,120.38639068603516,566.0703735351562
2025-03-26,220.17575073242188,385.4451904296875,164.28582763671875,201.1300048828125,113.47382354736328,559.3125
2025-03-27,222.4815673828125,386.04815673828125,161.47909545898438,201.36000061035156,111.1496810913086,557.8270263671875
2025-03-28,216.5679168701172,374.40478515625,153.60618591308594,192.72000122070312,109.39411163330078,546.5933837890625
2025-03-31,220.7720947265625,371.0343933105469,153.91473388671875,190.25999450683594,108.10735321044922,550.2626342773438
2025-04-01,221.82559204101562,377.7554931640625,156.33334350585938,192.1699981689453,109.87291717529297,551.8167724609375
2025-04-02,222.52133178710938,377.7060852050781,156.30345153808594,196.00999450683594,110.14221954345703,555.3088989257812
2025-04-03,201.9478759765625,368.7807922363281,150.0131072998047,178.41000366210938,101.54390716552734,527.9427490234375
2025-04-04,187.22840881347656,355.6647644042969,144.91712951660156,171.0,94.07276916503906,497.0354309082031
2025-04-07,180.3507080078125,353.707763671875,146.06173706054688,175.25999450683594,97.39437103271484,496.1501159667969
2025-04-08,171.365966796875,350.4460754394531,144.02134704589844,170.66000366210938,96.05774688720703,488.3790283203125
2025-04-09,197.63438415527344,385.9591979980469,157.96563720703125,191.10000610351562,114.04240417480469,539.6682739257812
2025-04-10,189.2559356689453,376.92523193359375,152.10325622558594,181.22000122070312,107.29940032958984,516.0205688476562
2025-04-11,196.9386749267578,383.94287109375,156.4029998779297,184.8699951171875,110.65094757080078,525.2278442382812
2025-04-14,201.28195190429688,383.310302734375,158.323974609375,182.1199951171875,110.4314956665039,530.3232421875
2025-04-15,200.90428161621094,381.2544250488281,155.57688903808594,179.58999633789062,111.9177474975586,528.837890625
2025-04-16,193.0823974609375,367.2982482910156,152.6108856201172,174.3300018310547,104.22714233398438,517.0828857421875
2025-04-17,195.7758331298828,363.5126647949219,150.45106506347656,172.61000061035156,101.23468780517578,517.8206176757812
2025-04-21,191.9791717529297,354.95318603515625,146.97740173339844,167.32000732421875,96.66621398925781,505.4950866699219
2025-04-22,198.51898193359375,362.5638122558594,150.75958251953125,173.17999267578125,98.6412353515625,518.64697265625
2025-04-23,203.34922790527344,370.0459899902344,154.6214141845703,180.60000610351562,102.45161437988281,526.6836547851562
2025-04-24,207.09619140625,382.80615234375,158.532958984375,186.5399932861328,106.1622543334961,537.769775390625
2025-04-25,208.00062561035156,387.30340576171875,161.2003936767578,188.99000549316406,110.73074340820312,541.6553955078125
2025-04-28,208.85537719726562,386.6214599609375,159.85671997070312,187.6999969482422,108.45648193359375,541.86181640625
2025-04-29,209.91885375976562,389.4679870605469,159.40884399414062,187.38999938964844,108.7457504272461,545.2752685546875
2025-04-30,211.20094299316406,390.6738586425781,158.05520629882812,184.4199981689453,108.64599609375,545.49169921875
2025-05-01,212.0159454345703,420.464111328125,160.54347229003906,190.1999969482422,111.32923126220703,549.3575439453125
2025-05-02,204.09466552734375,430.2294921875,163.2606964111328,189.97999572753906,114.21196746826172,557.5122680664062
2025-05-05,197.67416381835938,431.1091613769531,163.43984985351562,186.35000610351562,113.5336685180664,554.3152465820312
2025-05-06,197.29647827148438,428.2823486328125,162.46441650390625,185.00999450683594,113.25437927246094,549.6821899414062
2025-05-07,195.05029296875,428.3218688964844,150.6699981689453,188.7100067138672,116.7655258178711,551.9938354492188
2025-05-08,196.28271484375,433.08599853515625,153.55641174316406,192.0800018310547,117.07474517822266,555.8400268554688
2025-05-09,197.3163604736328,433.6394348144531,152.03359985351562,193.05999755859375,116.35655975341797,555.1317749023438
2025-05-12,209.77610778808594,444.0472717285156,157.716796875,208.63999938964844,122.69058227539062,573.4774780273438
2025-05-13,211.9058380126953,443.9287109375,158.7817840576172,211.3699951171875,129.6031494140625,577.2646484375
2025-05-14,211.30873107910156,447.6846008300781,164.59437561035156,210.25,134.99952697753906,578.0023803710938
2025-05-15,210.4329833984375,448.6946105957031,163.19100952148438,205.1699981689453,134.49082946777344,580.8255615234375
2025-05-16,210.24388122558594,449.82342529296875,165.41053771972656,205.58999633789062,135.0594024658203,584.5045166015625
2025-05-19,207.77578735351562,454.37841796875,165.75889587402344,206.16000366210938,135.2289581298828,585.1439819335938
2025-05-20,205.8650360107422,453.6852722167969,163.21092224121094,204.07000732421875,134.04196166992188,583.1765747070312
2025-05-21,201.11798095703125,448.1401062011719,167.76942443847656,201.1199951171875,131.4684600830078,573.349609375
2025-05-22,200.39149475097656,450.40765380859375,170.06858825683594,203.10000610351562,132.495849609375,573.5758056640625
2025-05-23,194.33078002929688,445.7734680175781,167.67984008789062,200.99000549316406,130.959716796875,569.6607666015625
2025-05-27,199.24703979492188,456.18060302734375,172.0890655517578,206.02000427246094,135.1591339111328,581.5043334960938
2025-05-28,199.45602416992188,452.8831787109375,171.55162048339844,204.72000122070312,134.4708709716797,578.1400146484375
2025-05-29,198.98826599121094,454.1903076171875,171.053955078125,205.6999969482422,138.83985900878906,580.4222412109375
2025-05-30,199.88394165039062,455.85382080078125,170.9345245361328,205.00999450683594,134.7900848388672,579.7731323242188
2025-06-02,200.7298583984375,457.4480895996094,168.23724365234375,206.64999389648438,137.034423828125,583.0389404296875
2025-06-03,202.2923126220703,458.43829345703125,165.40060424804688,205.7100067138672,140.86473083496094,586.3637084960938
2025-06-04,201.84446716308594,459.3294677734375,167.2618408203125,207.22999572753906,141.56298828125,586.206298828125
2025-06-05,199.6649932861328,463.1022033691406,167.42108154296875,207.91000366210938,139.6378631591797,583.373291015625
2025-06-06,202.93917846679688,465.7757263183594,172.8654327392578,213.57000732421875,141.36351013183594,589.3639526367188
2025-06-09,200.48106384277344,468.12255859375,175.47628784179688,216.97999572753906,142.2711944580078,589.8951416015625
2025-06-10,201.69517517089844,466.3104553222656,177.97755432128906,217.61000061035156,143.59786987304688,593.23974609375
2025-06-11,197.8238983154297,467.9938049316406,176.73191833496094,213.1999969482422,142.4805908203125,591.5476684570312
2025-06-12,198.2418670654297,474.1825866699219,175.087646484375,213.24000549316406,144.64527893066406,593.898681640625
2025-06-13,195.50511169433594,470.3109130859375,174.0612335205078,212.10000610351562,141.62271118164062,587.2587890625
2025-06-16,197.4656219482422,474.45001220703125,176.1539306640625,216.10000610351562,144.33604431152344,592.84619140625
2025-06-17,194.6990203857422,473.36077880859375,175.33677673339844,214.82000732421875,143.76744079589844,587.7802734375
2025-06-18,195.6344757080078,475.53924560546875,172.71595764160156,212.52000427246094,145.12411499023438,587.6917114257812
2025-06-20,200.03323364257812,472.7270202636719,166.05921936035156,209.69000244140625,143.49810791015625,586.3114624023438
2025-06-23,200.53082275390625,481.2428283691406,164.61427307128906,208.47000122070312,143.81732177734375,592.1027221679688
2025-06-24,199.33657836914062,485.3125915527344,166.18878173828125,212.77000427246094,147.53819274902344,598.6438598632812
2025-06-25,200.59051513671875,487.45147705078125,170.08514404296875,211.99000549316406,153.93251037597656,598.9793090820312
2025-06-26,200.03323364257812,492.5807800292969,172.93516540527344,217.1199951171875,154.64076232910156,603.6655883789062
2025-06-27,200.11285400390625,491.0855712890625,177.9077911376953,223.3000030517578,157.3640899658203,606.6648559570312
2025-06-30,204.1831512451172,492.5411682128906,175.6157989501953,219.38999938964844,157.603515625,609.5653686523438
2025-07-01,206.82041931152344,487.2336120605469,175.22715759277344,220.4600067138672,152.92498779296875,609.3681030273438
2025-07-02,211.41819763183594,486.2830505371094,178.01739501953125,219.9199981689453,156.8653106689453,612.1305541992188
2025-07-03,212.52284240722656,493.95721435546875,178.90431213378906,223.41000366210938,158.9501953125,616.9549560546875
2025-07-07,208.940185546875,492.84814453125,176.17385864257812,223.47000122070312,157.8529052734375,612.357421875
2025-07-08,208.9998779296875,491.7588806152344,173.75233459472656,219.36000061035156,159.60858154296875,612.0220336914062
2025-07-09,210.12445068359375,498.5814514160156,176.00442504882812,222.5399932861328,162.48155212402344,615.692138671875
2025-07-10,211.3883514404297,496.5713195800781,177.00094604492188,222.25999450683594,163.6985626220703,617.4285278320312
2025-07-11,210.1443634033203,498.3933410644531,179.56201171875,225.02000427246094,164.5165557861328,615.2579956054688
2025-07-14,207.61656188964844,498.09625244140625,180.92723083496094,225.69000244140625,163.6686248779297,616.4320068359375
2025-07-15,208.10421752929688,500.8688659667969,181.36569213867188,226.35000610351562,170.28240966796875,613.7979125976562
2025-07-16,209.14915466308594,500.67083740234375,182.3323211669922,223.19000244140625,170.9507598876953,615.8499755859375
2025-07-17,209.00982666015625,506.6913146972656,182.94020080566406,223.8800048828125,172.57679748535156,619.6187133789062
2025-07-18,210.1642608642578,505.05743408203125,184.4150390625,226.1300048828125,171.9882354736328,619.1649780273438
2025-07-21,211.4580078125,505.06732177734375,189.43746948242188,229.3000030517578,170.9607391357422,620.3389892578125
2025-07-22,213.36874389648438,500.3242492675781,190.67315673828125,227.47000122070312,166.6213836669922,620.4277954101562
2025-07-23,213.11996459960938,500.9183349609375,189.56700134277344,228.2899932861328,170.36221313476562,625.7061157226562
2025-07-24,212.7318572998047,505.8793029785156,191.500244140625,232.22999572753906,173.31497192382812,625.9132080078125
2025-07-25,212.8512725830078,508.6816101074219,192.5067138671875,231.44000244140625,173.0755615234375,628.5572509765625
2025-07-28,213.0204620361328,507.48345947265625,191.90882873535156,232.7899932861328,176.31761169433594,628.3994140625
2025-07-29,210.25384521484375,507.55279541015625,195.06776428222656,231.00999450683594,175.0806427001953,626.741943359375
2025-07-30,208.0445098876953,508.2162170410156,195.84507751464844,230.19000244140625,178.83145141601562,625.9526977539062
2025-07-31,206.57162475585938,528.27783203125,191.23118591308594,234.11000061035156,177.43487548828125,623.6046752929688
2025-08-01,201.40658569335938,518.9798583984375,188.47085571289062,214.75,173.29502868652344,613.3833618164062
2025-08-04,202.37193298339844,530.39697265625,194.36024475097656,211.64999389648438,179.5596466064453,622.7067260742188
2025-08-05,201.94398498535156,522.584228515625,193.9915313720703,213.75,177.8238983154297,619.5496215820312
2025-08-06,212.2242889404297,519.8016967773438,195.4065704345703,222.30999755859375,178.9810791015625,624.2952270507812
2025-08-07,218.9716796875,515.7418212890625,195.83509826660156,223.1300048828125,180.32778930664062,623.7722778320312
2025-08-08,228.2468719482422,516.9300537109375,200.71800231933594,222.69000244140625,182.2530517578125,628.6361694335938
2025-08-11,226.34388732910156,516.6627807617188,200.29946899414062,221.3000030517578,181.6146240234375,627.39306640625
2025-08-12,228.80479431152344,524.0595703125,202.63131713867188,221.47000122070312,182.71194458007812,634.0723266601562
2025-08-13,232.47125244140625,515.4844360351562,201.25613403320312,224.55999755859375,181.14576721191406,636.2428588867188
2025-08-14,231.9232635498047,517.36572265625,202.2327117919922,230.97999572753906,181.57472229003906,636.3020629882812
2025-08-15,230.73764038085938,515.0783081054688,203.18936157226562,231.02999877929688,180.008544921875,634.812255859375
2025-08-18,230.0402374267578,512.0383911132812,202.79075622558594,231.49000549316406,181.5647430419922,634.6741333007812
2025-08-19,229.71144104003906,504.7801818847656,200.86749267578125,228.00999450683594,175.2103271484375,631.2308959960938
2025-08-20,225.17819213867188,500.7698059082031,198.62533569335938,223.80999755859375,174.9709014892578,629.5537109375
2025-08-21,224.07228088378906,500.1251525878906,199.0538330078125,221.9499969482422,174.55194091796875,627.028076171875
2025-08-22,226.9217529296875,503.0907287597656,205.3717498779297,228.83999633789062,177.55458068847656,636.6572265625
2025-08-25,226.32395935058594,500.1449890136719,207.7633819580078,227.94000244140625,179.37013244628906,633.8551635742188
2025-08-26,228.46604919433594,497.9430847167969,206.41807556152344,228.7100067138672,181.32533264160156,636.5091552734375
2025-08-27,229.64170837402344,502.604736328125,206.75689697265625,229.1199951171875,181.15573120117188,637.9595336914062
2025-08-28,231.7041015625,505.4810791015625,210.9023895263672,231.60000610351562,179.72923278808594,640.21875
2025-08-29,231.28562927246094,502.55511474609375,212.16796875,229.0,173.75389099121094,636.400634765625
2025-09-02,228.8745574951172,500.9979248046875,210.61341857910156,225.33999633789062,170.36221313476562,631.6847534179688
2025-09-03,237.59234619140625,501.22607421875,229.85610961914062,225.99000549316406,170.2025909423828,635.1082153320312
2025-09-04,238.8975067138672,503.8246765136719,231.49038696289062,235.67999267578125,171.2400665283203,640.4161376953125
2025-09-05,238.80783081054688,490.9605407714844,234.18099975585938,232.3300018310547,166.6114044189453,638.561279296875
2025-09-08,237.00450134277344,494.1344299316406,233.43292236328125,235.83999633789062,167.8982391357422,640.1299438476562
2025-09-09,233.4875030517578,494.34271240234375,239.0084228515625,238.24000549316406,170.34225463867188,641.60986328125
2025-09-10,225.955322265625,496.2867126464844,238.54959106445312,230.3300018310547,176.89620971679688,643.4646606445312
2025-09-11,229.1833953857422,496.9215087890625,239.74649047851562,229.9499969482422,176.7465362548828,648.81201171875
2025-09-12,233.2085418701172,505.73895263671875,240.17539978027344,228.14999389648438,177.39501953125,648.5949096679688
2025-09-15,235.82884216308594,511.1543884277344,250.95733642578125,231.42999267578125,177.32516479492188,652.0479736328125
2025-09-16,237.2735137939453,504.885986328125,250.5084991455078,234.0500030517578,174.4620361328125,651.1502075195312
2025-09-17,238.11044311523438,505.85797119140625,248.8827362060547,231.6199951171875,169.88296508789062,650.3412475585938
2025-09-18,237.00450134277344,504.3008117675781,251.37625122070312,231.22999572753906,175.8187713623047,653.3799438476562
2025-09-19,244.59646606445312,513.7034912109375,254.0592803955078,231.47999572753906,176.24774169921875,656.6160278320312
2025-09-22,255.13751220703125,510.2518310546875,251.87496948242188,227.6300048828125,183.17115783691406,659.7224731445312
2025-09-23,253.49359130859375,505.0744323730469,251.00721740722656,220.7100067138672,178.0035400390625,656.1312866210938
2025-09-24,251.38140869140625,505.9869079589844,246.49893188476562,220.2100067138672,176.54702758789062,654.043701171875
2025-09-25,255.9246063232422,502.892333984375,245.1524200439453,218.14999389648438,177.26528930664062,651.0263061523438
2025-09-26,254.51980590820312,507.28619384765625,245.90049743652344,219.77999877929688,177.7641143798828,654.756103515625
2025-09-29,253.49359130859375,510.4005126953125,243.41696166992188,222.1699981689453,181.4153594970703,656.5962524414062
2025-09-30,253.69287109375,513.7232666015625,242.46942138671875,219.57000732421875,186.13406372070312,659.0695190429688
2025-10-01,254.5098419189453,515.4688110351562,244.2647247314453,220.6300048828125,186.79249572753906,661.3153686523438
2025-10-02,256.18365478515625,511.53131103515625,245.0526885986328,222.41000366210938,188.4385528564453,662.0769653320312
2025-10-03,257.07037353515625,513.1281127929688,244.71360778808594,219.50999450683594,187.17156982421875,662.0671997070312
2025-10-06,255.74526977539062,524.256591796875,249.78041076660156,220.89999389648438,185.09652709960938,664.4415893554688
2025-10-07,255.53607177734375,519.7040405273438,245.1225128173828,221.77999877929688,184.5977325439453,661.9781494140625
2025-10-08,257.1102600097656,520.5668334960938,243.98545837402344,225.22000122070312,188.65802001953125,665.925537109375
2025-10-09,253.10501098632812,518.1369018554688,240.9034881591797,227.74000549316406,192.10975646972656,663.9963989257812
2025-10-10,244.3673095703125,506.790283203125,235.95635986328125,216.3699951171875,182.7222442626953,646.0499877929688
2025-10-13,246.74851989746094,509.8550720214844,243.51669311523438,220.07000732421875,187.8699188232422,655.9630126953125
2025-10-14,246.8581085205078,509.3789978027344,244.81332397460938,216.38999938964844,179.59971618652344,655.1616821289062
2025-10-15,248.42233276367188,509.2401428222656,250.37884521484375,215.57000732421875,179.4001922607422,658.0702514648438
2025-10-16,246.53929138183594,507.43499755859375,250.8077392578125,214.47000122070312,181.3754425048828,653.5886840820312
2025-10-17,251.36146545410156,509.3889465332031,252.64295959472656,213.0399932861328,182.78208923339844,657.2986450195312
2025-10-20,261.27484130859375,512.57275390625,255.88453674316406,216.47999572753906,182.20347595214844,664.1348266601562
2025-10-21,261.8028564453125,513.4356079101562,249.81033325195312,222.02999877929688,180.72702026367188,664.1249389648438
2025-10-22,257.4988098144531,516.2921142578125,251.0371551513672,217.9499969482422,179.84910583496094,660.6721801757812
2025-10-23,258.6246032714844,516.3118896484375,252.4235382080078,221.08999633789062,181.72462463378906,664.5899658203125
2025-10-24,261.8527526855469,519.3369750976562,259.2458190917969,224.2100067138672,185.81480407714844,670.0213623046875
2025-10-27,267.8206787109375,527.1825561523438,268.571533203125,226.97000122070312,191.03231811523438,677.926025390625
2025-10-28,268.0099792480469,537.6463623046875,266.77618408203125,229.25,200.54953002929688,679.7266845703125
2025-10-29,268.7073974609375,537.130615234375,273.8577880859375,230.3000030517578,206.54513549804688,680.0531616210938
2025-10-30,270.401123046875,521.4695434570312,280.7499084472656,222.86000061035156,202.4050750732422,672.5738525390625
2025-10-31,269.37493896484375,513.5843505859375,280.46063232421875,244.22000122070312,202.00604248046875,674.780029296875
2025-11-03,268.05975341796875,512.8107299804688,282.98406982421875,254.0,206.3855438232422,676.04638671875
2025-11-04,269.0461730957031,510.1328430175781,276.8200988769531,249.32000732421875,198.21511840820312,668.0328369140625
2025-11-05,269.14581298828125,503.0213317871094,283.572509765625,250.1999969482422,194.74343872070312,670.347900390625
2025-11-06,268.7771301269531,493.04339599609375,284.0113830566406,243.0399932861328,187.63047790527344,663.1554565429688
2025-11-07,267.48193359375,492.76568603515625,278.1067199707031,244.41000366210938,187.70028686523438,663.808349609375
2025-11-10,268.6986083984375,501.8707580566406,289.3475036621094,248.39999389648438,198.57427978515625,674.1666259765625
2025-11-11,274.5028076171875,504.5289306640625,290.5543518066406,249.10000610351562,192.69833374023438,675.7099609375
2025-11-12,272.7276611328125,506.9688415527344,285.96630859375,244.1999969482422,193.33680725097656,676.0859375
2025-11-13,272.2090759277344,499.1828918457031,277.8474426269531,237.5800018310547,186.4134063720703,664.866943359375
2025-11-14,271.6705017089844,506.01666259765625,275.6929931640625,234.69000244140625,189.71546936035156,664.7581787109375
2025-11-17,266.73394775390625,503.34857177734375,284.2806701660156,232.8699951171875,186.15402221679688,658.56494140625
2025-11-18,266.7140197753906,489.76043701171875,283.5426025390625,222.5500030517578,180.92652893066406,653.03466796875
2025-11-19,267.8309631347656,483.14483642578125,292.05047607421875,222.69000244140625,186.07420349121094,655.5574340820312
2025-11-20,265.5272521972656,475.41387939453125,288.6991882324219,217.13999938964844,180.20826721191406,645.5652465820312
2025-11-21,270.75299072265625,469.1436462402344,298.8827209472656,220.69000244140625,178.4524688720703,651.995849609375
2025-11-24,275.1709899902344,471.0118103027344,317.75360107421875,226.27999877929688,182.1136932373047,661.59228515625
2025-11-25,276.2181701660156,473.9829406738281,322.60101318359375,229.6699981689453,177.39501953125,667.815185546875
2025-11-26,276.79656982421875,482.4393310546875,319.1201171875,229.16000366210938,179.82916259765625,672.4254150390625
2025-11-28,278.0930480957031,488.9082946777344,319.3494873046875,233.22000122070312,176.57696533203125,676.0958251953125
2025-12-01,282.3315124511719,483.6714782714844,314.0732421875,233.8800048828125,179.48995971679688,673.0091552734375
2025-12-02,285.4131164550781,486.91094970703125,314.9908447265625,234.4199981689453,181.02630615234375,674.2556762695312
2025-12-03,283.378662109375,474.7182922363281,318.8009033203125,232.3800048828125,179.16078186035156,676.5905151367188
2025-12-04,279.9380187988281,477.8087158203125,316.7961120605469,229.11000061035156,182.95188903808594,677.085205078125
2025-12-05,278.0232238769531,480.11407470703125,320.4366455078125,229.52999877929688,181.98414611816406,678.3712158203125
2025-12-08,277.1356506347656,487.9245300292969,313.11090087890625,226.88999938964844,185.1168212890625,676.3333129882812
2025-12-09,276.42755126953125,488.9181823730469,316.4643859863281,227.9199981689453,184.53817749023438,675.74951171875
2025-12-10,278.0232238769531,475.5430908203125,319.58831787109375,231.77999877929688,183.35096740722656,680.231201171875
2025-12-11,277.2752685546875,480.422119140625,311.82342529296875,230.27999877929688,180.5076141357422,681.8140869140625
2025-12-12,277.52459716796875,475.51324462890625,308.68951416015625,226.19000244140625,174.61141967773438,674.4832153320312
2025-12-15,273.3658752441406,471.82666015625,307.6216125488281,222.5399932861328,175.87843322753906,673.4641723632812
2025-12-16,273.8645324707031,473.38677978515625,305.97479248046875,222.55999755859375,177.3050994873047,671.6240844726562
2025-12-17,271.10205078125,473.1184387207031,296.1439208984375,221.27000427246094,170.5409393310547,664.2338256835938
2025-12-18,271.4511413574219,480.92889404296875,301.8727722167969,226.75999450683594,173.73345947265625,669.2495727539062
2025-12-19,272.9271240234375,482.8566589355469,306.56365966796875,227.35000610351562,180.56747436523438,675.3153686523438
2025-12-22,270.23443603515625,481.8630065917969,309.1785888671875,228.42999267578125,183.26116943359375,679.5224609375
2025-12-23,271.62066650390625,483.7807922363281,313.73968505859375,232.13999938964844,188.76828002929688,682.6282348632812
2025-12-24,273.06671142578125,484.94342041015625,313.48016357421875,232.3800048828125,188.169677734375,685.0294799804688
2025-12-26,272.6578369140625,484.6353759765625,312.9013671875,232.52000427246094,190.085205078125,684.9600219726562
2025-12-29,273.0168762207031,484.02923583984375,312.9512634277344,232.07000732421875,187.7805938720703,682.51904296875
2025-12-30,272.3387145996094,484.4068298339844,313.24066162109375,232.52999877929688,187.1021728515625,681.685546875
2025-12-31,271.12200927734375,480.5711669921875,312.3923034667969,230.82000732421875,186.06460571289062,676.635009765625
2026-01-02,270.2743225097656,469.95849609375,314.5381164550781,226.5,188.4091339111328,677.8753051757812
2026-01-05,266.5345153808594,469.8691101074219,315.9254455566406,233.05999755859375,187.68081665039062,682.3900756835938
2026-01-06,261.6477966308594,475.493408203125,313.7297058105469,240.92999267578125,186.80288696289062,686.4483642578125
2026-01-07,259.623291015625,480.422119140625,321.35491943359375,241.55999755859375,188.66851806640625,684.2356567382812
2026-01-08,258.3368225097656,475.09588623046875,324.80816650390625,246.2899932861328,184.60801696777344,684.1661987304688
2026-01-09,258.6659240722656,476.2585144042969,327.9320983886719,247.3800048828125,184.42843627929688,688.6908569335938
2026-01-12,259.5435485839844,474.1717529296875,331.2156982421875,246.47000122070312,184.5082550048828,689.7723388671875
2026-01-13,260.34136962890625,467.70281982421875,335.31768798828125,242.60000610351562,185.37620544433594,688.3931884765625
2026-01-14,259.2543029785156,456.4839782714844,335.1879577636719,236.64999389648438,182.7124481201172,685.009521484375
2026-01-15,257.5090637207031,453.7811279296875,332.1339111328125,238.17999267578125,186.6133270263672,686.875
2026-01-16,254.8363494873047,456.9609375,329.35931396484375,239.1199951171875,185.7952423095703,686.299560546875
2026-01-20,246.0303192138672,451.6546325683594,321.3748474121094,231.0,177.654296875,672.3286743164062
2026-01-21,246.9777374267578,441.31024169921875,327.7424621582031,231.30999755859375,182.8920440673828,680.0880737304688
2026-01-22,247.67584228515625,448.2959289550781,329.89825439453125,234.33999633789062,184.40847778320312,683.6403198242188
2026-01-23,247.36666870117188,463.0125732421875,327.2933044433594,239.16000366210938,187.23187255859375,683.8883056640625
2026-01-26,254.7166748046875,467.3152770996094,332.61297607421875,238.4199981689453,186.03468322753906,687.3612060546875
2026-01-27,257.5688781738281,477.5503234863281,333.90045166015625,244.67999267578125,188.07989501953125,690.099853515625
2026-01-28,255.743896484375,478.5937194824219,335.3576354980469,243.00999450683594,191.07289123535156,690.0303955078125
2026-01-29,257.5788879394531,430.76715087890625,337.5932922363281,241.72999572753906,192.06057739257812,688.6610717773438
2026-01-30,258.775634765625,427.577392578125,337.3437805175781,239.3000030517578,190.68380737304688,686.6071166992188
2026-02-02,269.2770690917969,420.7010192871094,343.022705078125,242.9600067138672,185.1766815185547,690.0204467773438
2026-02-03,268.7485046386719,408.6176452636719,339.0504455566406,238.6199951171875,179.9189910888672,684.18603515625
2026-02-04,275.7394104003906,411.578857421875,332.3934326171875,232.99000549316406,173.78335571289062,680.8718872070312
2026-02-05,275.1610412597656,391.188232421875,330.6069030761719,222.69000244140625,171.47874450683594,672.3683471679688
2026-02-06,277.364990234375,398.61114501953125,322.233154296875,210.32000732421875,184.97715759277344,685.267578125
2026-02-09,274.13079833984375,410.9925842285156,323.6903381347656,208.72000122070312,189.59632873535156,688.57177734375
2026-02-10,273.19244384765625,410.6646728515625,317.9614562988281,206.9600067138672,188.09983825683594,686.7559204101562
2026-02-11,275.00921630859375,401.8207702636719,310.3562316894531,204.0800018310547,189.6063232421875,686.5972290039062
2026-02-12,261.2637939453125,399.30670166015625,308.40008544921875,199.60000610351562,186.5035858154297,675.9900512695312
2026-02-13,255.32435607910156,398.7900085449219,305.1264343261719,198.7899932861328,182.38320922851562,676.4663696289062
2026-02-17,263.4099426269531,394.3581237792969,301.43359375,201.14999389648438,184.53817749023438,677.5578002929688
2026-02-18,263.8791198730469,397.08087158203125,302.7410888671875,204.7899932861328,187.5411376953125,680.9711303710938
2026-02-19,260.11578369140625,396.8517761230469,302.26202392578125,204.86000061035156,187.46133422851562,679.1751098632812
2026-02-20,264.1086730957031,395.6267395019531,314.3684997558594,210.11000061035156,189.37686157226562,684.0868530273438
2026-02-23,265.705810546875,382.918212890625,310.8852233886719,205.27000427246094,191.10281372070312,677.1013793945312
2026-02-24,271.6552429199219,387.4299621582031,310.29638671875,208.55999755859375,192.39979553222656,682.0228881835938
2026-02-25,273.74151611328125,398.9831237792969,312.2925109863281,210.63999938964844,195.10345458984375,687.7779541015625
2026-02-26,272.4637756347656,400.0986022949219,306.783203125,207.9199981689453,184.4583740234375,683.957763671875
2026-02-27,263.7093811035156,391.15484619140625,311.15472412109375,210.0,176.77635192871094,680.6734008789062
2026-03-02,264.2484130859375,396.9413757324219,305.9248962402344,208.38999938964844,182.05398559570312,681.0604858398438
2026-03-03,263.2801818847656,402.2996826171875,302.9905700683594,208.72999572753906,179.62966918945312,675.057373046875
2026-03-04,262.0523376464844,403.5645751953125,302.54150390625,216.82000732421875,182.6126708984375,679.8201904296875
2026-03-05,259.8263244628906,409.0224304199219,300.2958679199219,218.94000244140625,182.91197204589844,676.0297241210938
2026-03-06,257.0013427734375,407.30938720703125,297.9404296875,213.2100067138672,177.40489196777344,667.1689453125
2026-03-09,259.41705322265625,407.757568359375,305.98040771484375,213.49000549316406,182.22360229492188,673.0133056640625
2026-03-10,260.3653564453125,404.122314453125,306.65960693359375,214.3300018310547,184.33865356445312,671.9317016601562
2026-03-11,260.3453674316406,403.245849609375,308.31756591796875,212.64999389648438,185.60574340820312,671.0883178710938
2026-03-12,255.30438232421875,400.238037109375,303.17388916015625,209.52999877929688,182.7223358154297,660.8978881835938
2026-03-13,249.6744384765625,393.9534912109375,301.9054870605469,207.6699981689453,179.8389434814453,657.1571655273438
2026-03-16,252.36964416503906,398.33575439453125,305.1814270019531,211.74000549316406,182.80215454101562,663.8449096679688
2026-03-17,253.77711486816406,397.79791259765625,310.5347900390625,215.1999969482422,181.51510620117188,665.5912475585938
2026-03-18,249.49476623535156,390.2087097167969,307.30877685546875,209.8699951171875,179.98858642578125,656.3038330078125
2026-03-19,248.5165252685547,387.4498596191406,306.7494812011719,208.75999450683594,178.15277099609375,654.6864013671875
2026-03-20,247.54823303222656,380.3287353515625,300.6270751953125,205.3699951171875,172.30615234375,645.301025390625
2026-03-23,251.04200744628906,381.4541931152344,301.685791015625,210.13999938964844,175.23944091796875,652.07666015625
2026-03-24,251.1917266845703,371.2355651855469,290.0801696777344,207.24000549316406,174.80044555664062,649.8877563476562
2026-03-25,252.16998291015625,369.5424499511719,290.5695495605469,211.7100067138672,178.2725067138672,653.5093994140625
2026-03-26,252.43951416015625,364.492919921875,280.57196044921875,207.5399932861328,170.8494873046875,641.8385620117188
2026-03-27,248.35679626464844,355.33001708984375,274.0001220703125,199.33999633789062,167.13796997070312,630.8939819335938
2026-03-30,246.19065856933594,357.51116943359375,273.1611633300781,200.9499969482422,164.79331970214844,628.78466796875
2026-03-31,253.337890625,368.67596435546875,287.2037353515625,208.27000427246094,174.00225830078125,647.0620727539062
2026-04-01,255.17462158203125,367.8791809082031,297.0215759277344,210.57000732421875,175.34918212890625,651.9373779296875
2026-04-02,255.464111328125,371.9526672363281,295.403564453125,209.77000427246094,176.98545837402344,652.5244140625
2026-04-06,258.3988342285156,371.375,299.6183166503906,212.7899932861328,177.23487854003906,655.6088256835938
2026-04-07,253.0484161376953,370.78741455078125,305.08154296875,213.77000427246094,177.69383239746094,655.8972778320312
2026-04-08,258.43878173828125,372.81915283203125,316.9268798828125,221.25,181.66476440429688,672.6027221679688
2026-04-09,260.02593994140625,371.56427001953125,318.09539794921875,233.64999389648438,183.4906005859375,676.4829711914062
2026-04-10,260.0159912109375,369.3731384277344,316.8469543457031,238.3800048828125,188.1998291015625,676.0353393554688
2026-04-13,258.73828125,382.8186340332031,320.91192626953125,239.88999938964844,188.87826538085938,682.641845703125
2026-04-14,258.368896484375,391.5233459472656,332.49755859375,249.02000427246094,196.0618438720703,690.959716796875
2026-04-15,265.95538330078125,409.5602722167969,336.70233154296875,248.5,198.41647338867188,696.412109375
2026-04-16,262.9307556152344,418.56378173828125,335.6036682128906,249.6999969482422,197.8976593017578,698.1234130859375
2026-04-17,269.7486267089844,421.0835876464844,341.2566833496094,250.55999755859375,201.2200469970703,706.5607299804688
2026-04-20,272.5635681152344,416.38262939453125,337.0019836425781,248.27999877929688,201.59918212890625,705.1477661132812
2026-04-21,265.69586181640625,422.44805908203125,331.8783264160156,249.91000366210938,199.42417907714844,700.53125
2026-04-22,272.68341064453125,431.1726989746094,338.8996276855469,255.36000061035156,202.03819274902344,707.6253051757812
2026-04-23,272.9429016113281,414.07196044921875,338.47015380859375,255.0800018310547,199.18470764160156,704.8792114257812
2026-04-24,270.5771179199219,422.90618896484375,343.9732971191406,263.989990234375,207.79502868652344,710.341552734375
2026-04-27,267.1332702636719,423.1053771972656,349.90594482421875,261.1199951171875,216.1160125732422,711.5653076171875
2026-04-28,270.2277526855469,427.5174865722656,349.3466491699219,259.70001220703125,212.68385314941406,708.1028442382812
2026-04-29,269.688720703125,422.7467956542969,349.5064697265625,263.0400085449219,208.77279663085938,707.993408203125
2026-04-30,270.86663818359375,406.1341552734375,384.3232421875,265.05999755859375,199.1148681640625,715.0377197265625
2026-05-01,279.6409606933594,412.76727294921875,385.2121887207031,268.260009765625,197.9974365234375,717.0177001953125
2026-05-04,276.33685302734375,411.9505615234375,382.7751770019531,272.04998779296875,198.02734375,714.3909912109375
2026-05-05,283.67376708984375,409.7196350097656,387.9487609863281,273.54998779296875,196.05186462402344,720.1220092773438
2026-05-06,286.9978332519531,412.2891845703125,397.546875,274.989990234375,207.3560333251953,730.1312866210938
2026-05-07,286.9279479980469,419.07171630859375,397.4969177246094,271.1700134277344,211.01766967773438,727.8926391601562
2026-05-08,292.7974853515625,413.44451904296875,400.3034362792969,272.67999267578125,214.709228515625,733.9021606445312
2026-05-11,292.42779541015625,410.99444580078125,388.15850830078125,268.989990234375,218.93955993652344,735.5736694335938
2026-05-12,294.54595947265625,406.1241760253906,386.8701171875,265.82000732421875,220.27650451660156,734.4593505859375
2026-05-13,298.6124572753906,403.57452392578125,402.1211853027344,270.1300048828125,225.3149871826172,738.5685424804688
2026-05-14,297.9530334472656,407.7774963378906,400.5731201171875,267.2200012207031,235.202392578125,744.3989868164062
2026-05-15,299.9713134765625,420.2170715332031,396.2884216308594,264.1400146484375,224.80615234375,735.4443969726562
2026-05-18,297.5833435058594,421.83056640625,396.4482421875,264.8599853515625,221.81300354003906,734.927001953125
2026-05-19,298.7123718261719,415.7352600097656,387.1797180175781,259.3399963378906,220.1068878173828,730.0317993164062
2026-05-20,301.98956298828125,419.36053466796875,388.4281921386719,265.010009765625,222.9603729248047,737.5138549804688
2026-05-21,304.7271728515625,418.3025207519531,387.1797180175781,268.4599914550781,219.0093994140625,738.9764404296875
2026-05-22,308.55389404296875,417.7835388183594,382.49554443359375,266.32000732421875,214.83892822265625,741.8817749023438
2026-05-26,308.0643005371094,415.248291015625,388.398193359375,265.2900085449219,214.37001037597656,746.8068237304688
2026-05-27,310.5821533203125,411.8946228027344,388.3482360839844,271.8500061035156,212.1151580810547,746.677490234375
2026-05-28,312.24072265625,426.18768310546875,389.64666748046875,274.0,213.7613983154297,750.7965698242188
2026-05-29,311.7911071777344,449.3940124511719,379.8687744140625,270.6400146484375,210.6584930419922,752.6671142578125
2026-06-01,306.0460510253906,459.6546936035156,375.9037170410156,261.260009765625,223.8483428955078,754.7167358398438
2026-06-02,314.92840576171875,440.48077392578125,361.4017028808594,256.5199890136719,222.3118438720703,755.7415771484375
2026-06-03,309.9926452636719,426.53704833984375,358.54522705078125,250.02000427246094,214.26025390625,750.4384155273438
2026-06-04,310.9618225097656,427.2456970214844,371.7289123535156,253.7899932861328,218.4156036376953,753.2740478515625
2026-06-05,307.0751647949219,415.8870849609375,368.07342529296875,246.02999877929688,204.87075805664062,733.83251953125
2026-06-08,301.2801818847656,410.9663391113281,363.0766296386719,245.22000122070312,208.40679931640625,735.4940795898438
2026-06-09,290.29962158203125,402.6520080566406,364.0260314941406,244.19000244140625,207.95730590820312,733.3350219726562
2026-06-10,291.3287353515625,396.61334228515625,356.1510925292969,238.0,200.19598388671875,721.7736206054688
2026-06-11,295.375244140625,389.6065673828125,357.5401611328125,241.50999450683594,204.64100646972656,734.04150390625
2026-06-12,290.879150390625,390.00579833984375,359.4489440917969,238.5500030517578,204.96066284179688,738.0113525390625
2026-06-15,296.1645812988281,399.0088806152344,369.1127624511719,246.02000427246094,212.21253967285156,751.0254516601562
2026-06-16,298.9821472167969,393.0899963378906,373.01025390625,246.0,207.1781768798828,746.5481567382812
2026-06-17,295.6949768066406,378.1980285644531,363.55633544921875,237.5,204.42124938964844,737.225341796875
2026-06-18,297.7532043457031,378.6871032714844,367.7935791015625,244.38999938964844,210.4545135498047,744.8902587890625
2026-06-22,296.75408935546875,366.6497802734375,349.45538330078125,232.7899932861328,208.41677856445312,742.546142578125
2026-06-23,294.04638671875,373.23736572265625,345.90765380859375,234.11000061035156,199.81640625,731.7628784179688
2026-06-24,292.8274230957031,364.7733154296875,345.0682067871094,234.27000427246094,198.77757263183594,731.4237060546875
2026-06-25,274.91290283203125,352.1670227050781,343.48919677734375,227.00999450683594,195.52122497558594,732.4810791015625
2026-06-26,283.53546142578125,372.2691955566406,337.17327880859375,232.69000244140625,192.31480407714844,727.1842651367188
2026-06-29,281.4972229003906,367.8774719238281,353.4228210449219,240.13999938964844,194.7520751953125,739.1644897460938
2026-06-30,289.11065673828125,372.319091796875,357.14044189453125,238.33999633789062,199.86634826660156,744.9202270507812
2026-07-01,294.1263427734375,383.5579528808594,360.97796630859375,241.6999969482422,197.35916137695312,743.9127197265625
2026-07-02,308.3640441894531,389.7562561035156,359.6788024902344,242.6699981689453,194.61224365234375,742.9351806640625
2026-07-06,312.3905944824219,386.0133056640625,366.2245788574219,244.16000366210938,195.33143615722656,749.4190673828125
2026-07-07,310.3923034667969,388.109375,366.7942199707031,245.97999572753906,196.7098846435547,745.85791015625
2026-07-08,313.1199645996094,382.6197204589844,361.6875305175781,243.6199951171875,203.891845703125,743.5536499023438
2026-07-09,315.947509765625,383.6377868652344,358.65948486328125,247.0399932861328,202.5533447265625,749.8480224609375
2026-07-10,315.0483093261719,384.37640380859375,356.9505615234375,245.33999633789062,210.72421264648438,753.0799560546875
2026-07-13,317.03656005859375,390.2553405761719,352.2835693359375,247.30999755859375,203.30250549316406,747.3142700195312
2026-07-14,314.58868408203125,384.20672607421875,359.2790832519531,247.49000549316406,211.5632781982422,749.9677124023438
2026-07-15,327.2178039550781,394.8866271972656,370.6817626953125,254.9600067138672,212.26248168945312,752.9403076171875
2026-07-16,332.97283935546875,400.3463439941406,354.2322998046875,249.88999938964844,207.16818237304688,748.8604125976562
2026-07-17,333.452392578125,393.08001708984375,346.5472412109375,247.22999572753906,202.58331298828125,741.4487915039062
2026-07-20,326.3085632324219,401.53411865234375,351.7638854980469,249.99000549316406,203.05279541015625,740.2518310546875
2026-07-21,327.45758056640625,397.00262451171875,346.927001953125,247.5500030517578,207.0583038330078,746.426513671875
2026-07-22,325.60919189453125,389.6065673828125,341.8702392578125,244.85000610351562,211.82298278808594,745.55859375
2026-07-23,321.3828430175781,380.8630065917969,317.4859313964844,233.66000366210938,208.5266571044922,736.3515014648438
2026-07-24,332.7330322265625,380.9828186035156,319.53460693359375,232.11000061035156,206.6088104248047,737.099609375
2026-07-27,336.61968994140625,388.368896484375,326.3502197265625,231.38999938964844,196.2903594970703,737.25927734375
2026-07-28,339.78692626953125,392.61090087890625,333.4956359863281,230.86000061035156,196.789794921875,739.0248413085938
2026-07-29,337.8985900878906,389.8061828613281,336.49371337890625,226.64999389648438,189.79762268066406,727.6531372070312
2026-07-30,333.1426696777344,450.2524108886719,333.4456787109375,235.5,194.82199096679688,739.852783203125
2026-07-31,308.6438293457031,463.8468017578125,355.9012451171875,271.5799865722656,200.52561950683594,745.1796264648438
2026-08-03,303.1585693359375,486.73370361328125,373.27008056640625,284.0199890136719,206.40904235839844,755.793212890625
2026-08-04,309.1134033203125,491.884033203125,377.40740966796875,277.4200134277344,211.70310974121094,769.4193725585938
2026-08-05,310.7320251464844,486.5440673828125,362.1971740722656,272.6499938964844,218.9749755859375,767.8831787109375
2026-08-06,312.14080810546875,498.9207458496094,357.52020263671875,272.260009765625,218.7452392578125,766.65625
2026-08-07,313.05999755859375,499.0505065917969,354.0723876953125,274.4800109863281,223.70968627929688,771.3446044921875
2026-08-10,308.260009765625,505.109130859375,357.29034423828125,278.0899963378906,217.3068389892578,771.1151733398438
2026-08-11,304.9100036621094,502.86334228515625,343.5791320800781,272.2699890136719,217.25689697265625,768.6513061523438
2026-08-12,302.25,491.5047302246094,343.3193359375,267.2799987792969,223.8395233154297,770.5764770507812
2026-08-13,305.260009765625,495.9463806152344,346.13751220703125,265.1300048828125,225.04818725585938,775.9531860351562
2026-08-14,305.92999267578125,494.4691467285156,345.67779541015625,262.6499938964844,224.90834045410156,774.4169921875
2026-08-17,305.5899963378906,479.44744873046875,343.7790222167969,261.30999755859375,224.7584991455078,770.7560424804688
2026-08-18,310.0299987792969,480.72503662109375,343.9789123535156,259.45001220703125,219.49440002441406,765.5490112304688
2026-08-19,316.8299865722656,483.3999938964844,344.4985656738281,265.8399963378906,217.31683349609375,767.1549682617188
2026-08-20,311.29998779296875,481.1499938964844,340.451171875,260.1099853515625,216.60763549804688,760.7109985351562
2026-08-21,309.3500061035156,483.239990234375,344.5985107421875,258.6300048828125,214.48001098632812,763.8232421875
2026-08-24,310.3399963378906,487.30999755859375,347.83642578125,262.07000732421875,208.24697875976562,761.5787963867188
2026-08-25,309.8999938964844,491.7099914550781,346.73712158203125,261.05999755859375,212.81187438964844,764.0127563476562
2026-08-26,313.45001220703125,496.3699951171875,341.7803039550781,260.2799987792969,209.4256591796875,764.182373046875
2026-08-27,314.5799865722656,505.05999755859375,340.4311828613281,256.260009765625,227.7251739501953,769.18994140625
2026-08-28,319.70001220703125,513.530029296875,346.36737060546875,266.42999267578125,217.3068389892578,767.4442749023438
2026-08-31,316.8500061035156,507.2900085449219,339.13201904296875,259.7699890136719,220.53323364257812,765.1499633789062
2026-09-01,325.1300048828125,501.0199890136719,334.8047790527344,254.9199981689453,217.1969757080078,759.89306640625
2026-09-02,324.9599914550781,496.82000732421875,336.9034423828125,254.97999572753906,224.1591796875,763.2646484375
2026-09-03,328.2099914550781,510.1199951171875,342.260009765625,258.8999938964844,228.1946563720703,771.2548217773438
2026-09-04,319.9700012207031,499.70001220703125,338.4599914550781,258.510009765625,230.10252380371094,768.2822265625
2026-09-08,316.2200012207031,493.95001220703125,338.3599853515625,256.9700012207031,225.47769165039062,764.0626831054688
2026-09-09,315.3399963378906,491.6499938964844,330.6499938964844,252.39999389648438,223.4199981689453,760.5115356445312
2026-09-10,326.57000732421875,492.44000244140625,332.6000061035156,251.88999938964844,218.36000061035156,755.9528198242188
2026-09-11,332.2699890136719,495.6300048828125,338.5,256.7799987792969,218.2899932861328,762.3967895507812
2026-09-14,333.0799865722656,505.4100036621094,349.3900146484375,253.5399932861328,210.9600067138672,758.9952392578125
2026-09-15,331.3399963378906,497.1199951171875,344.9800109863281,248.4199981689453,212.1699981689453,755.513916015625
2026-09-16,332.4100036621094,490.29998779296875,342.8699951171875,245.9600067138672,213.89999389648438,752.1821899414062
2026-09-17,337.0,497.75,347.3299865722656,251.19000244140625,219.33999633789062,760.7109985351562
2026-09-18,336.1300048828125,493.7799987792969,349.5400085449219,253.7100067138672,222.27000427246094,761.6900024414062
2026-09-21,338.9800109863281,501.6099853515625,354.9700012207031,258.45001220703125,227.3800048828125,773.5
2026-09-22,339.75,498.0,351.1600036621094,254.97999572753906,228.8699951171875,773.3800048828125
2026-09-23,337.0199890136719,500.5899963378906,337.8299865722656,249.27000427246094,225.50999450683594,767.8099975585938
2026-09-24,335.9200134277344,497.92999267578125,342.3599853515625,249.3800048828125,224.5800018310547,767.1799926757812
2026-09-25,341.07000732421875,516.1699829101562,343.9200134277344,249.6699981689453,225.07000732421875,771.3499755859375
2026-09-28,338.3999938964844,509.2200012207031,342.75,246.14999389648438,228.86000061035156,765.6099853515625
2026-09-29,329.3999938964844,508.9599914550781,340.9200134277344,246.6699981689453,227.2100067138672,764.2000122070312
2026-09-30,333.0199890136719,512.9000244140625,344.0799865722656,249.14999389648438,228.3800048828125,762.6300048828125
2026-10-01,330.32000732421875,512.7999877929688,338.239990234375,248.22999572753906,230.86000061035156,763.989990234375
2026-10-02,333.69000244140625,517.530029296875,343.5,251.52000427246094,233.9499969482422,769.6400146484375
