Date,AAPL,MSFT,GOOGL,AMZN,NVDA,SPY
2021-01-05,0.012364013583125777,0.0009647868246758229,0.008064173562539745,0.010004358381754175,0.022210058415512046,0.006887498796141811
2021-01-06,-0.02171398117265766,-0.024989551940913124,-0.0018829642247506495,-0.015141330416381105,-0.03805224705861032,0.012907058209920441
2021-01-07,0.011668436479430166,0.0027563762565696592,0.027929535373669268,-0.007678930437220122,0.017577285494485118,0.027956403445027034
2021-01-08,0.020400801559394832,0.008865614619710804,0.04153801231797716,-0.0012332946655839727,0.012448969029661638,0.0338133638185687
2021-01-11,-0.0033229687041312905,-0.0009186205547965232,0.017472569405525995,-0.022726217107553404,0.0387386541800514,0.026844386822044486
2021-01-12,-0.00471357636062919,-0.012678522135366355,0.006546200981354611,-0.020648731381469054,0.02831067531934406,0.02706130466253609
2021-01-13,0.011436638172741986,-0.006201497389731081,0.01223534090041034,-0.006508459292417501,0.031894831610224994,0.029827364489334096
2021-01-14,-0.0038634468098491803,-0.021452759886510298,0.00277509661123565,-0.01856502076384392,0.006615385695012632,0.026220792700696327
2021-01-15,-0.017541004373500146,-0.023152310831319967,0.0008630401430125278,-0.025851783033990938,-0.019369180890425608,0.01873694852346608
2021-01-19,-0.012209278952410085,-0.005742187112332986,0.0337981369541458,-0.020670757920767335,-0.0067295675825194134,0.026736106582062158
2021-01-20,0.02024570256141689,0.030548029644920094,0.08918218312478565,0.02408506304713809,0.019236139254534157,0.04094476117506529
2021-01-21,0.05764654456557761,0.03344209606627313,0.09154579404690621,0.037770343448335186,0.05749825583877333,0.041893910737414775
2021-01-22,0.07464658501034371,0.03794389548485744,0.09641794166844564,0.033138449536576076,0.04567816438799954,0.038206039428658745
2021-01-25,0.104396807608377,0.054389232379168595,0.09741421714736087,0.033693901397143566,0.04116001195327912,0.042300497678138926
2021-01-26,0.10625155842914458,0.06725146392286074,0.10533391113265567,0.04377669341231227,0.02453594785001778,0.04067361387445079
2021-01-27,0.09775147747888457,0.06986992947514126,0.05376755261769506,0.014419626067892155,-0.01492719844724344,0.015238924995206737
2021-01-28,0.059346074932613346,0.0975699119422504,0.0736155126267477,0.016001227357076653,-0.0047659607565186946,0.023970314775660695
2021-01-29,0.019704617176928618,0.06555206000438818,0.05864559007993764,0.006141286459069972,-0.009436745573514815,0.003470864128132467
2021-02-01,0.03655040881399563,0.10087734291062844,0.09671341534371325,0.0490329918293988,0.009417958924929914,0.020173984546658863
2021-02-02,0.04311897890690086,0.10023410268539878,0.11180479354502015,0.06068167925355672,0.03380105509327214,0.03459973566041774
2021-02-03,0.03500524871041333,0.11626636908535981,0.1927722552092963,0.03950881200434875,0.031799363271502346,0.03541308822212996
2021-02-04,0.06166478673401965,0.1117184033968961,0.1897306879262548,0.045304952169369805,0.04199875905779593,0.04718159578986447
2021-02-05,0.05837552200164908,0.11259129876082485,0.21012319048030403,0.051942027297777305,0.036413057144744965,0.05130276673881218
2021-02-08,0.05953615318777006,0.11383146591506743,0.20762616574225912,0.04277563508498261,0.10106018101849634,0.058895337856684105
2021-02-09,0.052571151513502556,0.11980352870560518,0.2023368210709231,0.03714584317544545,0.08767699654559569,0.05819017619482181
2021-02-10,0.04777267758076165,0.11543941945180425,0.20876147715776994,0.031365408890619895,0.1258819490862817,0.057729270453842796
2021-02-11,0.04576112738145888,0.12311066562130857,0.21007669643475468,0.023692799112502883,0.16298104785346834,0.05943772179804552
2021-02-12,0.04761806440580019,0.1254074375478056,0.2137151901490455,0.02858192469624221,0.14090461587224734,0.06467117739037143
2021-02-16,0.030747617250652226,0.1194817615666528,0.22279321947259922,0.02583291682424438,0.16904350666173085,0.06374891920775339
2021-02-17,0.012560893360511916,0.12436230082985245,0.2273814053802452,0.038288158656971216,0.13669143580287835,0.06399308578850471
2021-02-18,0.0038160790657526533,0.12247440914709551,0.21996011685444006,0.044435670007582084,0.13081947507326053,0.05946479185804088
2021-02-19,0.005054441934493781,0.10949043979620576,0.2101115000389091,0.01985481829110647,0.1382546750246052,0.05759365213346945
2021-02-22,-0.02489527173963868,0.07974693826841839,0.19009567956982076,-0.0018483139498191026,0.09473076174085104,0.04945914377489591
2021-02-23,-0.025978899977664338,0.07403746451611148,0.1934904588150217,0.0024697496607195557,0.07843089525032565,0.05073340207758714
2021-02-24,-0.029925726162699062,0.07993108875575539,0.20721468005314492,-0.008504255287973383,0.10565464964435467,0.06231188318456149
2021-02-25,-0.06366753139115067,0.054331524541818776,0.16790151044072488,-0.04062910094657601,0.014793937511951682,0.036714595265080474
2021-02-26,-0.061577945869842554,0.06993991401164545,0.1713542956928491,-0.029404089217443863,0.04583079677027535,0.0313727700926405
2021-03-01,-0.011042635706461468,0.0909351279368038,0.19901736039471252,-0.012706152845603724,0.055534649012772386,0.05637371263103308
2021-03-02,-0.03170566023894483,0.07680030993151754,0.19601639731651743,-0.028901979889003337,0.02232453270221879,0.048130477331817856
2021-03-03,-0.0553868602606612,0.047747244083199414,0.1652713396067873,-0.056997501137000195,-0.02354420286422565,0.03424719949955257
2021-03-04,-0.07032288162035594,0.04392558850048078,0.17831796144403222,-0.06560537692723822,-0.05667792988384157,0.021448600209878155
2021-03-05,-0.0603397651847325,0.06634857518614323,0.21489681713008446,-0.05842223515935563,-0.04971963302730842,0.04023986753359976
2021-03-08,-0.09949873995727931,0.04696454937714001,0.1630061604164157,-0.07364515953870276,-0.11592992302298666,0.03506064140139675
2021-03-09,-0.06289349387031029,0.07638591620013235,0.18204301796865496,-0.03884351474997594,-0.044909958590425236,0.0498386606556247
2021-03-10,-0.07148363426223092,0.07012384395947668,0.1796271124002924,-0.0404784585712874,-0.048876499934794815,0.0563737126310333
2021-03-11,-0.05616053341423899,0.09181022869579047,0.21690703761002417,-0.022920721026313817,-0.008808525892826213,0.06708416501551251
2021-03-12,-0.0633578799460881,0.08545626499438774,0.18762765783523738,-0.030483581178187835,-0.019297762385883765,0.06852164773936442
2021-03-15,-0.040450656717335054,0.08112817719319976,0.1901999119022615,-0.0329344646291605,0.0062762026232887624,0.07489347529361212
2021-03-16,-0.02822303794605674,0.09448059454510105,0.20726144181872574,-0.029739850290400494,0.01390475154547599,0.07353791747080263
2021-03-17,-0.03449161232635001,0.09139568793806818,0.20629372314321892,-0.015972975926237143,0.017718879806969845,0.0771984506991672
2021-03-18,-0.06722739954364199,0.06229682338571374,0.17102401841342707,-0.0497829476087267,-0.029481587914790053,0.06152569002297681
2021-03-19,-0.07140632767475008,0.06059315570346269,0.17428002944206455,-0.03504326634807309,-0.020079637846046938,0.05956163656112712
2021-03-22,-0.04509397092422118,0.08656146197108505,0.17644079781997402,-0.023774297307906256,0.005894767867199446,0.06802196838109809
2021-03-23,-0.05167207529382267,0.09388205032637864,0.18260496231572865,-0.015417524065669541,-0.0029158779198251716,0.05961595536138198
2021-03-24,-0.070632472337541,0.08412104531314823,0.17750685898721907,-0.031243017946170126,-0.035546239717050954,0.05422928144267902
2021-03-25,-0.06676295273998711,0.06975576352430823,0.17746625478237266,-0.044049630964486886,-0.043765654322157066,0.06015994742511932
2021-03-26,-0.061964843174508344,0.08881736057584222,0.17298810180786028,-0.042238953666599355,-0.02057569308844287,0.07724428218688217
2021-03-29,-0.060571867130805646,0.08310796033670376,0.18518872834412714,-0.03480164478872605,-0.0122605177454147,0.07670020078301265
2021-03-30,-0.07210281569660137,0.06749949735370842,0.1855826337511437,-0.041215964567533625,-0.01809629407406199,0.07384363940250038
2021-03-31,-0.05469025078305545,0.08554830348147213,0.19488099666099634,-0.029043237043198777,0.0182528738455352,0.07819655865385156
2021-04-01,-0.04811214641345396,0.11584425647127095,0.23384675491194917,-0.008042942941015263,0.05361036987913992,0.0898399006966566
2021-04-05,-0.025669248532601774,0.14678536102868311,0.2855111881986159,0.012583857668717613,0.06701709248762144,0.10548264308849564
2021-04-06,-0.0232701937498625,0.14121394500700246,0.27989192320790046,0.011670618195894988,0.05740541909284924,0.10482974540385226
2021-04-07,-0.0101913523260172,0.1506065755323902,0.2971386261464668,0.02910912512597097,0.07891744751872976,0.1061082920328793
2021-04-08,0.008846351305181965,0.16603096154121677,0.3037428331347449,0.03535709664929487,0.0921527510963509,0.1113589009305489
2021-04-09,0.02927715243583795,0.1780022134815049,0.3154687028143448,0.058233956132136555,0.09848421716839462,0.11943864378820734
2021-04-12,0.015656739804488007,0.17827832894275786,0.30037714613301647,0.06049023989678637,0.16019748057153516,0.1198466601710435
2021-04-13,0.040343836381609766,0.19015732185645584,0.3060601284913371,0.06695790220772091,0.19608918994310476,0.12316537805438288
2021-04-14,0.021770458098311574,0.1768048309913861,0.29880705738561053,0.04593251700424972,0.1653850809741102,0.11932973816730152
2021-04-15,0.04088552904486864,0.1948073238229331,0.3239151805825162,0.06039610038317633,0.2310079409774668,0.13135402653294692
2021-04-16,0.038254311588178824,0.20051679757524,0.32246690444965,0.06678216873114473,0.21386311389942958,0.13513552630003733
2021-04-19,0.043516746501558456,0.1913083175371897,0.3265279496143765,0.05817429294090681,0.17184980798144522,0.12955882592057422
2021-04-20,0.030128435816282106,0.18909821763646928,0.3203002462310378,0.04646287776352942,0.15731778705268007,0.12128869924162755
2021-04-21,0.03314636839400675,0.19978034265222866,0.3199178527853952,0.05503934179337677,0.17175463204192254,0.1318980185966847
2021-04-22,0.02107378789282932,0.18407954712947472,0.3049538200792883,0.03841361416341038,0.13283081606862224,0.12156047192316621
2021-04-23,0.03949231008965781,0.20240454223165982,0.3324197535976223,0.04840542699452066,0.1644885119278401,0.133720735969713
2021-04-26,0.04258821726151063,0.20424619413136869,0.3382131258491192,0.06978218338358189,0.1807176909118231,0.13608753474661084
2021-04-27,0.040034245664424484,0.20618047262351058,0.32723481973874846,0.0724276665208774,0.1733755470058025,0.13584283212506754
2021-04-28,0.03376591419563946,0.17206242297198138,0.36666400136501553,0.08531587350216041,0.16536585572672569,0.13551647262287791
2021-04-29,0.03299175521904507,0.1626236996898831,0.38619899665671276,0.0893358126916739,0.1690274978055437,0.1427528446344728
2021-04-30,0.017359367293253047,0.16110440303447504,0.36345457362193856,0.08811506357673382,0.14497912562112858,0.1352445212610751
2021-05-03,0.02571728428334641,0.15963105210944062,0.35741811158142656,0.06271827223059723,0.1318009860870608,0.1376928875784873
2021-05-04,-0.010578371086437222,0.14089166327587055,0.33641717063475407,0.03930176253494566,0.0947651186468228,0.1306742374685721
2021-05-05,-0.008643580923721639,0.13481403557522653,0.3410170469837952,0.026331865823134404,0.10294674065535969,0.13102748835049338
2021-05-06,0.004048059556072348,0.14982388082633102,0.3540983831851834,0.03757574376201367,0.10786694198975266,0.1400597756955173
2021-05-07,0.009397153149997894,0.1623934564458358,0.3625449501933655,0.03294394561781666,0.1299321166017826,0.14835706177459151
2021-05-10,-0.01664976204995894,0.13808287213009085,0.3276809305519961,0.0012113638938491267,0.08824322759593395,0.13698567109358928
2021-05-11,-0.02393674292832937,0.1337089121116979,0.3151151338921425,0.011698869626734831,0.09133235204161827,0.12683815088083117
2021-05-12,-0.04827835861293106,0.10042009100195037,0.27467200726485097,-0.010886090326622577,0.049548140896647386,0.10289812240991791
2021-05-13,-0.031223723806699688,0.11897532934818345,0.2913512329756833,-0.00789546089527804,0.0424347993644405,0.11614681728459963
2021-05-14,-0.01199855321905674,0.1425490176619053,0.3199352545874721,0.01138197476352465,0.0865076921457475,0.1332856495268815
2021-05-17,-0.021146054066514264,0.12887461263154631,0.3260413238362925,0.026284843950110437,0.08059559962596241,0.1304021074265056
2021-05-18,-0.03215401415518182,0.11920549907906297,0.3107180108473018,0.014325486554283229,0.06917214768966562,0.12066278227684735
2021-05-19,-0.033394381043865495,0.121974446087463,0.3159493495117143,0.014174844178994839,0.07298627595115925,0.11772465335582072
2021-05-20,-0.013083821109762472,0.13748065225293882,0.3364868670830723,0.019158205043906307,0.11469446330419197,0.1297490310615983
2021-05-21,-0.027657722138626384,0.13143507629380324,0.32905977795657493,0.005162254671040145,0.143625024927031,0.12882382465462427
2021-05-24,-0.014711814037636883,0.15732487049736332,0.36782287214333786,0.01831401398340593,0.19093982073589766,0.1403317270573199
2021-05-25,-0.016262318194399383,0.16166295608948067,0.3688829542298693,0.022726217107554403,0.19366717427167646,0.13780170385926116
2021-05-26,-0.016649762049958827,0.16060135242176155,0.3789864405158214,0.024643579469695753,0.19765286776363045,0.14005977569551709
2021-05-27,-0.028820660984075208,0.15054092827283272,0.3687729212967359,0.013644483419714915,0.18148077972340104,0.14065826523977343
2021-05-28,-0.0340145341242688,0.15224805107400785,0.36539527613358014,0.01143531729565117,0.23918927058680306,0.14269852583421772
2021-06-01,-0.036572756672748175,0.14172625827896002,0.3794904680959823,0.01004821992522742,0.2407148634115608,0.14169193056699325
2021-06-02,-0.03052602122730741,0.14126481611967234,0.37335530660368943,0.014862072205103383,0.27990585915364363,0.14348739919976228
2021-06-03,-0.042308990482848086,0.13392709919609547,0.36002481229256156,0.00011923061489826914,0.2945139769741467,0.1392434749094491
2021-06-04,-0.0240918419263072,0.15737044866189365,0.38666830987272927,0.006147607118173637,0.3409327885351432,0.14966267846361414
2021-06-07,-0.0240143531551954,0.17130773678315814,0.39172598747641363,0.0035711723932003725,0.34404128442781157,0.14854744559587996
2021-06-08,-0.01750256362732916,0.165585324713178,0.38948954356947163,0.024314139055841677,0.3316834708486758,0.1487920588772913
2021-06-09,-0.014479226268547363,0.17029244641165575,0.39499342122641456,0.02966141665698685,0.324453462035764,0.14707824712516882
2021-06-10,-0.022386420955198272,0.1871365922456094,0.4107454432265758,0.05115749942850778,0.32954647129721626,0.15241051290348473
2021-06-11,-0.012773744569561152,0.19013651762974315,0.40788940592567924,0.05027260715408666,0.3600865443151444,0.1543143511163676
2021-06-14,0.011489957248789429,0.19936638999985545,0.4187284976194332,0.06189610770939491,0.37485065710872045,0.15689905047520925
2021-06-15,0.004978532088185439,0.1923055236692175,0.4068407465605113,0.06166387137114038,0.3572818511910285,0.15477731168038256
2021-06-16,0.008931916883941238,0.18778299353708872,0.399343960985695,0.0717435030567577,0.3589419476476765,0.1483299023744642
2021-06-17,0.021645237215840885,0.2040275659679598,0.410594806088596,0.09496244427165923,0.42356860357744464,0.14794895605162361
2021-06-18,0.011335161890196899,0.19724347671709208,0.391679582670875,0.0942280986049644,0.4221573388397941,0.13246246955064955
2021-06-21,0.025598743467351026,0.2120110960776671,0.4113940396239928,0.08389113947980498,0.406019096006937,0.14867484462410951
2021-06-22,0.03862244397883763,0.22530190939428363,0.41739605502039323,0.10004616954172141,0.44108009925198344,0.15481608529766988
2021-06-23,0.03645142237440946,0.22419435999619108,0.4150382446989649,0.09953773955417788,0.45408923204858875,0.15342389802074097
2021-06-24,0.03420400510065624,0.23074754438449374,0.4193599599348048,0.08235972039319561,0.4654008412909767,0.16024733994223994
2021-06-25,0.031878370321266614,0.2230405708150507,0.41945848090656424,0.06741605422512675,0.45208673612901973,0.1643686002313196
2021-06-28,0.04482397478287092,0.24011569502473806,0.4197771569846016,0.08073109723098693,0.5248776163149389,0.16671583351930974
2021-06-29,0.05683971399113252,0.25248413861495944,0.41672407774018594,0.08206475630172183,0.5280631593967446,0.16734380530712567
2021-06-30,0.061723814230509655,0.2501761191736669,0.4146036458470912,0.0795605303186222,0.5262130034602515,0.1683261000584464
2021-07-01,0.06412669486950295,0.25340702293353456,0.41871689641804877,0.07730424655397261,0.5421977367132336,0.17479477231578033
2021-07-02,0.08497967620138924,0.28132673626158233,0.45131002550836463,0.10178463809773519,0.563180741886945,0.18377443832305707
2021-07-06,0.1009492860284229,0.28137319658413595,0.46211458131799654,0.1534882041657173,0.5793181075222027,0.18161821423727909
2021-07-07,0.12071693874172618,0.2918489701356417,0.465405217470767,0.16002797945096336,0.5543866897545069,0.1857940613470097
2021-07-08,0.11040631686518854,0.2802655001597063,0.4488363816531109,0.17095802708862196,0.5186018522904501,0.17613219409179415
2021-07-09,0.12490315421807985,0.28266541106174614,0.45433401250930827,0.16717032423736322,0.5298560050900845,0.18868707350137748
2021-07-12,0.12017427443243456,0.27980442556626195,0.4712159022843305,0.1669224777864755,0.5651263661621604,0.19294493485228248
2021-07-13,0.12901115218879688,0.29669466415692636,0.4754565875904986,0.15399653838569893,0.5450976057768717,0.18887817204372181
2021-07-14,0.15622137060146501,0.3037554569743959,0.4858322559089385,0.15535222399573212,0.513928289681056,0.19065246706520722
2021-07-15,0.15102755818914848,0.29692520145364876,0.4715576915251265,0.13951102423503614,0.4471459206510435,0.18658570425664656
2021-07-16,0.13482536059302497,0.295632986976039,0.471152274156736,0.12144495247008114,0.38570422300468166,0.1772784279853319
2021-07-19,0.10428239628802083,0.2783738593053515,0.4434369148086308,0.11390095852795401,0.4329158749958324,0.15989283829847079
2021-07-20,0.13296502280756894,0.2890334157783514,0.4623405370249669,0.12130685564543664,0.42011595382665656,0.17651421249621868
2021-07-21,0.12715117877060322,0.29863261830749854,0.4778608027174658,0.1250756922869487,0.48100472458626875,0.18603974671000478
2021-07-22,0.13800410058917012,0.3205074908080967,0.48797017884412086,0.14165439804389113,0.49504383356403525,0.18852322369929242
2021-07-23,0.1516478327253059,0.3367981559956783,0.5411931889168193,0.14749439975238432,0.4922970354814722,0.20075093954549805
2021-07-26,0.15498094298490428,0.33393658239484525,0.5530117789674862,0.16104474365848853,0.47215394700907676,0.20369853852051678
2021-07-27,0.13777114845281813,0.32235325944524695,0.528274269534817,0.13800163168772528,0.46559148556922114,0.19821278639542772
2021-07-28,0.12389519291485462,0.320876673940794,0.5768683110150019,0.13923492635330925,0.4881005221664898,0.1977212369891732
2021-07-29,0.12901115218879688,0.32216888841840374,0.5732012604973027,0.12969504064806392,0.5002326035634093,0.20268881634867242
2021-07-30,0.13071675534353733,0.3148310979816584,0.5610235686437732,0.044234845429719005,0.48779540360153817,0.19684802653902223
2021-08-02,0.1280814083912083,0.3144158956054188,0.5625067376208044,0.045455594544659306,0.5069466739883415,0.19433694344894725
2021-08-03,0.14234505069623937,0.3250304620192368,0.5714923142933226,0.056363615643019616,0.5119060568155027,0.20405330818468181
2021-08-04,0.1391667965231107,0.3222149076619458,0.5656465581555732,0.05274848593878523,0.5469290481645799,0.19813077215425334
2021-08-05,0.14001953737260386,0.33610580897382514,0.5786930907528072,0.05942329348668651,0.5746258313640238,0.20571842956486552
2021-08-06,0.1345849996556734,0.33582895838088644,0.5727493490833622,0.04967942287402605,0.5539480909548637,0.2077107145084267
2021-08-09,0.1341967056098352,0.3306142282532418,0.5863577367876591,0.04871609696619017,0.5485308109808755,0.20672824107684185
2021-08-10,0.1303925899358609,0.32189218485180215,0.5851299727211132,0.042066380519576674,0.5211391463463833,0.20822933397467658
2021-08-11,0.13241082020163875,0.32424578245762525,0.579012034550876,0.033100812884645725,0.5030554254379107,0.211231609110478
2021-08-12,0.15593473502180344,0.3374440426949772,0.5896135693362752,0.03667514560739704,0.5187733444211098,0.21486158801369926
2021-08-13,0.15756552143202196,0.35147285471114564,0.595794867914075,0.03368451617605239,0.5403667329243242,0.21707248826026015
2021-08-16,0.17324813131213168,0.35954945249229775,0.6025383785589804,0.03525979680613389,0.5222071344235135,0.21993798365397232
2021-08-17,0.16602795109851298,0.35253482594470764,0.58344387195986,0.01736323362621417,0.48466702456328625,0.21194114843880807
2021-08-18,0.13629278901398734,0.34425827234496986,0.5693949955629862,0.004578551379633478,0.45277299705086094,0.1986764616804988
2021-08-19,0.13893262982921772,0.37218563104255176,0.5720713034824305,0.0003514669531532455,0.5106092663645592,0.20053241358263052
2021-08-20,0.15050031876062686,0.407279788546721,0.5923423503819827,0.004179966785895273,0.5882840903841007,0.21008519653667612
2021-08-23,0.16230120273989623,0.4086206687419427,0.6226064936743108,0.024866430586858224,0.6754194905119375,0.22072998392413656
2021-08-24,0.1616027106981024,0.39923436034905446,0.6367422898415596,0.037390625064344984,0.6628299505669903,0.22266750336678265
2021-08-25,0.15182054280762713,0.39641424817531057,0.6462142245721298,0.035319459997363634,0.6948764642620917,0.22523344129790468
2021-08-26,0.14545419654528824,0.3829125255779873,0.6388164061691262,0.04059778495374866,0.683812663341502,0.21800037487119384
2021-08-27,0.15368355261967293,0.38582555839683863,0.668518694354391,0.05115127453696733,0.7271519265306066,0.22889040092098956
2021-08-30,0.188775399282755,0.4037195457915357,0.6753139642054742,0.07372684926923245,0.7311194912721755,0.23429476418582817
2021-08-31,0.17876027925592797,0.3958132045088558,0.6765538649134686,0.08917262476574184,0.7083013887207585,0.23246579300355985
2021-09-01,0.18403971797488072,0.3955820791067848,0.6825557910698585,0.091748963723153,0.712575095424478,0.23312101353163506
2021-09-02,0.1928903202314558,0.3924374798068506,0.6602109848027826,0.08676569862580386,0.7091410130228748,0.2369147528968092
2021-09-03,0.1979364424467942,0.39239175461598297,0.6654540139085907,0.09145083930212783,0.7432534732638933,0.23661465939342707
2021-09-07,0.21649196673424065,0.38795273544338094,0.6717222322567651,0.10125427733845593,0.7294409736659424,0.2321930375805692
2021-09-08,0.2042252999380212,0.38809108722668184,0.6648918018414849,0.1063411629380695,0.7047908439284174,0.23069203402286642
2021-09-09,0.19615104286161422,0.3744052876551902,0.6631535849140113,0.09336820166426896,0.6924280595628856,0.2254243611599851
2021-09-10,0.15655646702700965,0.3672846551184823,0.6322758273084423,0.08865796988665742,0.715399086895778,0.21576267258503345
2021-09-13,0.16105919619853193,0.37320305329594383,0.6491516487627405,0.08489851846623764,0.6905203009840395,0.2188738533417407
2021-09-14,0.14995716862831876,0.38614945741768003,0.6516078908159175,0.08264845959312872,0.6973889043860455,0.21229618612336898
2021-09-15,0.1570220069324515,0.4094069655932633,0.6734484910228118,0.09074168050428244,0.7049433301110932,0.2224219966840515
2021-09-16,0.15515863275314312,0.4112565569151809,0.6639531754094508,0.094648613970439,0.6973889043860455,0.22048411988087735
2021-09-17,0.13396375347348255,0.38651922865572663,0.6313952068833317,0.08657741959858378,0.6712889132165014,0.20859527115534116
2021-09-20,0.10974134661152402,0.3607647721955549,0.6072893382460554,0.05306547656955729,0.6112295327870139,0.1884429962607581
2021-09-21,0.11354534082974443,0.3630769083742891,0.610921406679579,0.04926838849720605,0.6213792938091478,0.18732025882193604
2021-09-22,0.13233308851901837,0.38055495826106034,0.6254102363289658,0.060697385133753556,0.674418023252753,0.19890240287432204
2021-09-23,0.1399418056899835,0.38508616294708387,0.6362148813786084,0.07197889972456406,0.7157037668619297,0.21346913271637402
2021-09-24,0.14064041918753145,0.38411534804258296,0.6477900246802175,0.07496636882635732,0.6851021438124516,0.21546802882970306
2021-09-27,0.12860706889492635,0.36016416960811215,0.6345466286194856,0.06877796472670128,0.6529737583414168,0.21199055353180296
2021-09-28,0.10174469976198308,0.310921226596623,0.5738098773699469,0.04058523940310499,0.5796350682547438,0.1875669269263831
2021-09-29,0.10888690538147361,0.31314103023559836,0.5567018534079331,0.03592825439005809,0.5657458138668552,0.18956582303971214
2021-09-30,0.09856134444718245,0.30352330238796466,0.5488523020710108,0.030882165771927594,0.5809321511048873,0.17502616325765552
2021-10-01,0.10748967838637769,0.3367217023003368,0.5820710036359948,0.030323553581808715,0.582916518274071,0.1889907406100393
2021-10-04,0.08023925811910448,0.30902532197848886,0.5486609714881734,0.0009885127766868784,0.505838919620043,0.17365720441504617
2021-10-05,0.09553381686488427,0.33514954967670696,0.5760455181167927,0.01078572592147431,0.5607093838505566,0.1858692857381521
2021-10-06,0.10244355617103906,0.3552627526050307,0.593912260649367,0.023655066693010207,0.5797113844458814,0.19079773411983614
2021-10-07,0.11245819037484983,0.3633080337763601,0.6131463386251466,0.03633938453443997,0.6083295175237748,0.20109275489052325
2021-10-08,0.1094304198810434,0.3633080337763601,0.6196403342002699,0.032005615043706026,0.5897086592853398,0.19890240287432204
2021-10-11,0.1087315634719872,0.3604413142537253,0.6095426485150102,0.01872514412778803,0.5793295110909924,0.1902228303704272
2021-10-12,0.09863895467404826,0.3541994581344341,0.5809815615859588,0.019048359650100766,0.5774980687032838,0.18729301008167631
2021-10-13,0.09398064068153156,0.37005845399601034,0.5941091241128647,0.030643704542131944,0.5979506617286272,0.19156436179251313
2021-10-14,0.11610732850660033,0.399835551041847,0.6354616956887076,0.03553283012587127,0.6595363659808715,0.21160728436553033
2021-10-15,0.1244920264904712,0.4065861182878343,0.6379761222288296,0.0697885040426851,0.668388751753662,0.2208345118785744
2021-10-18,0.13776786914745665,0.42082753038758725,0.6543131124988129,0.0816254704940631,0.6958621419644875,0.22444903493896007
2021-10-19,0.15492568061679068,0.4251737759414189,0.6596316386536321,0.08081269119395351,0.7010516429618612,0.23389541379579604
2021-10-20,0.15880752797338515,0.42138226075782526,0.6426224926234203,0.07168393563309028,0.6867808076182833,0.23874175859617375
2021-10-21,0.16051556024320734,0.43687177943402955,0.6439778699051981,0.07794445270705808,0.7317298746016767,0.2419727444698907
2021-10-22,0.1543824090287289,0.42947356117269697,0.5939295732114334,0.04673275075371586,0.7343246251003634,0.24068571052832377
2021-10-25,0.15399435789439897,0.42471152513727684,0.5925449252061619,0.04196908067641525,0.7679031644026171,0.24733967421942205
2021-10-26,0.15927331079033524,0.4338665611017567,0.614113700340611,0.0594483845879743,0.8862669452646215,0.24846187561745214
2021-10-27,0.15562441557009277,0.4942520421039325,0.6941653810155797,0.0646011582703585,0.8659675694199533,0.242931006725704
2021-10-28,0.18450550079183015,0.49970863055626347,0.6898959604259816,0.08157212796193636,0.9033610410814998,0.25492393670501823
2021-10-29,0.16300005914895155,0.5333228209502241,0.7153516734643752,0.05830616487401086,0.9511342457357932,0.25747057716762867
2021-11-01,0.15647873534438883,0.5229193843566184,0.6626440244531904,0.04125992187857008,0.9709757244336343,0.25963350176330646
2021-11-02,0.16470796996301962,0.5403046606246196,0.6850698606499381,0.03957786041667255,1.0147807795479595,0.2647261573076032
2021-11-03,0.17612068135220493,0.5443274482366214,0.6985741945018156,0.061936904690878425,1.0298146306033158,0.27244764623594864
2021-11-04,0.1720060033150126,0.5556095142213064,0.7179180376906966,0.09112139888827397,1.2742504200314473,0.2784444239160677
2021-11-05,0.17620424291102177,0.5538519613864732,0.7246902836190321,0.10429824930192755,1.2705109266656929,0.2828797147691213
2021-11-08,0.16967332410188574,0.5581527758021114,0.7267645784266201,0.09488085030869375,1.3507936591479108,0.2839752034676841
2021-11-09,0.17255000363759931,0.5533438383651259,0.725460781870999,0.12226079633218045,1.3395756176494467,0.27973110049710703
2021-11-10,0.1500803247629694,0.5295311587402931,0.6904112322474849,0.0927060647394482,1.2481505750615032,0.26943572236589164
2021-11-11,0.14969154489411496,0.5370677287849268,0.6889396644718386,0.08970921041656266,1.3191994870148411,0.2698464189526877
2021-11-12,0.16617454819370336,0.5569039340939741,0.7226738163383468,0.10623141331182673,1.3191994870148411,0.27942966689174487
2021-11-15,0.16625252278783154,0.5538988627880383,0.7200556929058475,0.11267388875391138,1.2913446620479263,0.2798680589194602
2021-11-16,0.17402726997464302,0.5698043189721682,0.7133817894692502,0.11111115367447355,1.3049285054716635,0.2849335550636294
2021-11-17,0.19338731717720736,0.5708695247851485,0.7153630961857389,0.11371574406272389,1.2330402616154092,0.28181218953187415
2021-11-18,0.22744168878881954,0.5808285007614125,0.7361206796233639,0.15986479152503197,1.4172638920321772,0.2861656448240173
2021-11-19,0.2482785165054111,0.589351764554964,0.7255537699620975,0.1537486919348119,1.5172357632291602,0.2838655831257222
2021-11-22,0.25193324160185004,0.5741587980008827,0.6951447008924709,0.12111225595911423,1.4387080107439134,0.2802511494054687
2021-11-23,0.25496574887006584,0.5641990868929325,0.689119215373269,0.12345645434583319,1.422682049203765,0.28194914795422776
2021-11-24,0.2590860138719464,0.5652647337849244,0.6930356024807289,0.1235725246311794,1.4935014277852896,0.28537150039068493
2021-11-26,0.21920006568327066,0.5271415396818568,0.6474193216759698,0.0997699758924333,1.404137360956868,0.25670377081468776
2021-11-29,0.24586859143267992,0.5593353086321733,0.6862053505454704,0.11766040994837423,1.5470745167664597,0.27211923191072307
2021-11-30,0.2852102963872609,0.5313567847692473,0.6441113729611332,0.1005576640912551,1.493654352566765,0.24736701229981373
2021-12-01,0.28108930265085563,0.5289943655831923,0.6343090717111304,0.08067775469886107,1.3992417211552546,0.23351196594925994
2021-12-02,0.27323645941416186,0.5262614400274053,0.6564916396388416,0.07868186293574286,1.4519819110159027,0.25240499168332753
2021-12-03,0.25830869704574555,0.4962451311309519,0.645316291584952,0.06375390264786929,1.3426096979457758,0.24150719304204782
2021-12-06,0.2853656382967471,0.5109749647228681,0.6586814110202128,0.07554691178821282,1.2925410133737518,0.256210791966321
2021-12-07,0.33092721387422963,0.5514147057947856,0.7063544955904724,0.10564771002042028,1.474955716141193,0.2821952800178824
2021-12-08,0.3612496145297992,0.551645978223194,0.7169792327786413,0.10560691303893721,1.4290848606805504,0.2855905623943442
2021-12-09,0.3572065953875223,0.54298392156733,0.7106301629808163,0.0931360610935772,1.3271159029491941,0.2769107218700533
2021-12-10,0.39522674028180793,0.5867117596442841,0.7148360446828304,0.08084094262479313,1.3048289435441447,0.28893098992975874
2021-12-13,0.36638136305177404,0.5721667381582227,0.6896352011148577,0.06424346642566592,1.1493572188391608,0.27751341040051347
2021-12-14,0.35541864523150646,0.5209348228571551,0.6673944487002015,0.06125599732387288,1.162790330475421,0.26872412821452496
2021-12-15,0.3940604006752444,0.5501636586915903,0.6967553046047132,0.08776359662358213,1.3247496624251212,0.28854772076348656
2021-12-16,0.33932405743351013,0.5049995203265747,0.6736282204042645,0.05987206028300052,1.166606871030313,0.277184728054892
2021-12-17,0.33061628714374947,0.49990402855839555,0.6421127536825786,0.06706774760152712,1.1218809046363378,0.2635918056516211
2021-12-20,0.31980903268872196,0.4818850687770826,0.6407454182393735,0.048625022014570085,1.1156222459650347,0.25015540715961104
2021-12-21,0.34499992773382515,0.5160706035173845,0.6623598842592762,0.06957513391417813,1.2191176737187481,0.2723568766618383
2021-12-22,0.3656036818583108,0.5434473485821698,0.6964540303287534,0.07346636150013941,1.243922482632947,0.2850790901386542
2021-12-23,0.3705797241035369,0.550349058902794,0.7022644474222846,0.07366402574845177,1.2622407076996285,0.29307467459197034
2021-12-27,0.40206858582142413,0.5862947929519986,0.7137351799114311,0.06488357681118906,1.3618431325077118,0.31137483921009745
2021-12-28,0.3939825475368701,0.5807361682216541,0.6996052735848854,0.0711064572332254,1.3142933208420366,0.3103031149866464
2021-12-29,0.39468237559195907,0.5839786870621604,0.6992347490606596,0.06194322534998209,1.2897933380935895,0.31197895718266966
2021-12-30,0.38550748647195343,0.5717960847621539,0.6939686960321036,0.058450486590196915,1.2581193409789848,0.3083521051840685
2021-12-31,0.3806094188208555,0.557899449423124,0.6783440195271424,0.04635303236972521,1.2447623993342627,0.3050547395922769
2022-01-03,0.41513054489545054,0.5506267916537562,0.6799601561200443,0.0694966045132015,1.2989523044273303,0.31261085993629356
2022-01-04,0.3971701538030641,0.5240384018090123,0.6731008119413131,0.051405441646958705,1.2355271168093842,0.312171485167126
2022-01-05,0.36000554324061573,0.4655336817122395,0.596345121819754,0.03154114236719785,1.1068451529861827,0.2869748877396572
2022-01-06,0.3373026693181256,0.4539532992893853,0.5960265349817275,0.024618488368408853,1.150654740288104,0.2857658477333247
2022-01-07,0.3386245937456833,0.4546941650025125,0.5875624769314576,0.020225151454007273,1.0795970563587733,0.28068239422262375
2022-01-10,0.33878030002243165,0.4557595178418299,0.606709456656841,0.013522092475266811,1.091275041798463,0.2790890129684347
2022-01-11,0.3612496145297992,0.45904864403122714,0.61906652093178,0.03784877708175172,1.123102109894143,0.29073923420140346
2022-01-12,0.3647487548052437,0.4742883649605365,0.6387002156752577,0.03687597018526145,1.1369926800784302,0.2942286810769914
2022-01-13,0.33878030002243165,0.4118928869025631,0.6057538746227824,0.011815035679643815,1.0283077513273433,0.27639603336961116
2022-01-14,0.3456222670178022,0.436906624675945,0.6161064297784633,0.017614240406653936,1.0563185712673313,0.2769180477608768
2022-01-18,0.3201976911018225,0.4019330287682761,0.57575620200226,-0.0025983654967075553,0.9770183000963135,0.25430463091000566
2022-01-19,0.29244067888422376,0.40508350912169777,0.5655423258231316,-0.019032653769902597,0.9132112391234781,0.24128035844690365
2022-01-20,0.2790679145354713,0.39706954456019083,0.5445823460413484,-0.04810098191438994,0.8432221280696774,0.22754163294821161
2022-01-21,0.26274025314536886,0.37126848075112795,0.5103323869132732,-0.10474069543913533,0.7839953543615119,0.20344427650484942
2022-01-24,0.25659787129357925,0.3728434268751646,0.5155752375390596,-0.09280958947414741,0.7838424295800364,0.20855497875580964
2022-01-25,0.24229208384187761,0.33634149219235,0.47074658906831224,-0.1214167010392394,0.7038550202895784,0.19379991991550538
2022-01-26,0.24159225578678867,0.3744183729992012,0.49737259560639235,-0.12840524312079904,0.7380475979113319,0.1908050600106599
2022-01-27,0.2379378950576121,0.3889170811890461,0.4947310020510918,-0.12360393639156675,0.6748520898647983,0.18492460318240256
2022-01-28,0.3243184419267193,0.42791993386755367,0.5450863736215088,-0.09636199142516244,0.7432378299067048,0.21435270662183692
2022-01-31,0.3589174211396884,0.4405197969125205,0.5677090732817542,-0.06124335600566355,0.8688671460843922,0.2362244216968583
2022-02-01,0.35759561816788477,0.4302363338100663,0.5948276846786316,-0.051075905465539306,0.8804683767341439,0.2445777240386955
2022-02-02,0.3671588013337286,0.4520072586902675,0.7148185536407416,-0.054722351162602156,0.9265683269678,0.25666767740135965
2022-02-03,0.34429997822298186,0.3954482851399379,0.6579282253303123,-0.128574655938272,0.827804941663433,0.22712950691930356
2022-02-04,0.3420427230331471,0.41717319077659676,0.660280592011091,-0.010619377665987528,0.8561207339687724,0.23289989670493894
2022-02-07,0.3363598082990946,0.3940590332797791,0.6128680882719346,-0.008761582727513817,0.8873375649345492,0.22894293291860413
2022-02-08,0.36103803860616757,0.41078092671435473,0.6151622704657684,0.013067100787412356,0.9163400567605298,0.2390546277384311
2022-02-09,0.3723261363916526,0.44158500272550083,0.6405715786986235,0.011661232974803815,1.0382300257720622,0.25718960245249334
2022-02-10,0.3399406882970444,0.4006825697704295,0.6061360003483929,-0.002058619516335569,0.9709882975992241,0.23460334500174973
2022-02-11,0.3128490107003721,0.3666822882149936,0.5558790605097246,-0.03789579895477191,0.8278811116549709,0.21025860573288435
2022-02-14,0.31471772893286043,0.3664968880037902,0.5702872171894822,-0.026137266136808446,0.8521524382292045,0.20630190996694542
2022-02-15,0.34515636274509776,0.3918355539823737,0.5828297222065555,-0.0177052195907087,1.022202017437516,0.22575563436943424
2022-02-16,0.3432883732471339,0.3902106189036907,0.5959167697686256,-0.007726048077804304,1.023423368894921,0.22712950691930334
2022-02-17,0.31471772893286043,0.34950211368737993,0.5356779777785234,-0.029366452565510626,0.8704697860982866,0.20091639746995837
2022-02-18,0.3024176618042651,0.3365054265583227,0.5109286886644482,-0.042238953666598134,0.8044498479816533,0.19314032172096196
2022-02-22,0.2792182767590392,0.33553078896905486,0.5040984367291892,-0.0573270373184146,0.7852159748209173,0.18033609400297146
2022-02-23,0.24613275769783383,0.30094931230268585,0.4783126248913947,-0.09103348426620195,0.7086630865308621,0.15939851934812377
2022-02-24,0.2669182096304439,0.3674194782696907,0.5374392186287449,-0.05004343537781908,0.8125402414398644,0.17684637910698764
2022-02-25,0.28334449309287035,0.3800450709236669,0.5579301529145431,-0.034789099238081045,0.8437564876072419,0.2028123737512253
2022-02-28,0.28544652782897306,0.3869150235554568,0.5648530359808586,-0.03620435227178198,0.8611583335818698,0.19973496356441323
2022-03-01,0.27049933253990166,0.3690907266445904,0.5533185861241066,-0.051399120987852154,0.7918565068471093,0.18146267306746955
2022-03-02,0.296656772476084,0.393413440633154,0.5592278811494398,-0.04568457478579724,0.848880052585069,0.20319698301947775
2022-03-03,0.29408761890973634,0.3735931141685236,0.55144169022008,-0.07175604860739893,0.8102536796977264,0.19720699518939044
2022-03-04,0.2702657731247795,0.34546403533630965,0.5283492311437641,-0.08592457212728966,0.750863454836894,0.187480177658212
2022-03-07,0.24013806604302257,0.29463629543619185,0.4642986413386858,-0.1373143078940513,0.6299457131645696,0.15247403373733448
2022-03-08,0.22565811103995026,0.28043281613143534,0.47271049398272447,-0.1463426990497637,0.6423122987196981,0.14373639014764072
2022-03-09,0.2685530040805475,0.33915101846981566,0.5458857856369272,-0.12585389949711312,0.756817433542045,0.1744008716737988
2022-03-10,0.23406600707285308,0.32564400292435347,0.534409341787099,-0.0785406057815432,0.7296418519161769,0.1690977307785142
2022-03-11,0.20456100364233532,0.3000211350359714,0.5047591697680545,-0.0866557574644331,0.6870458674928672,0.15423278357585213
2022-03-14,0.17256482123959804,0.28317147571437307,0.45934528530745333,-0.10969896520275857,0.6282664645603373,0.14579710963231274
2022-03-15,0.20736335225654345,0.3328844619258755,0.4969669105179706,-0.07509498466234399,0.7536877387073939,0.17099379639991352
2022-03-16,0.2423956856001197,0.3664915950556509,0.5442696490440255,-0.03908513630932087,0.8699485845247108,0.19695961236388726
2022-03-17,0.2504140730296436,0.37034427319551777,0.5507404422163795,-0.013132988870178997,0.8905600965151248,0.21193471594930324
2022-03-18,0.27657175587733396,0.3945274591900829,0.5772333026585672,0.012044111688346959,1.019340160269846,0.22520869408134025
2022-03-21,0.2874703450594398,0.3886322911738982,0.5769552307853767,0.01355666456520943,1.040790565564377,0.22485052949215922
2022-03-22,0.3142502457353531,0.41137726553801834,0.6205964516743927,0.034880174189706015,1.0247602180362323,0.23918292016797982
2022-03-23,0.3250717105136096,0.3901640115547993,0.6021446516319857,0.02558507037335911,0.9568202405743627,0.22322436040952698
2022-03-24,0.3551214430012384,0.4115629598018964,0.6403400901109932,0.02710078357977319,1.148883970734346,0.24166344893291147
2022-03-25,0.36018153262829755,0.4096132435443489,0.6415102051306583,0.034155213744103685,1.113921652219219,0.2477273210521611
2022-03-28,0.3670324873494708,0.4421983966042795,0.6389900672298545,0.060622016062329864,1.154151396118456,0.25660263778526393
2022-03-29,0.3931896843741447,0.46406135997156484,0.6511558009219567,0.06265870480693114,1.1875104898212885,0.2721476420726969
2022-03-30,0.383925403819126,0.456866332108236,0.644586308297822,0.04374212132237276,1.1137688736373437,0.2642925003068821
2022-03-31,0.35932539101768945,0.4311043773048673,0.6113213804073203,0.023008635648386067,1.08292894524006,0.24483341549647353
2022-04-01,0.3569895539549559,0.4362572093445525,0.6238694183050542,0.026539011060102924,1.039111463159745,0.24836118928868856
2022-04-04,0.3891415640901956,0.46201857604257257,0.6565553570064477,0.05658014610108042,1.0885778053802597,0.25905547110927607
2022-04-05,0.3628286607887732,0.44303453538390936,0.6289734114742667,0.029645710776793788,0.9794924359250989,0.24315203421226617
2022-04-06,0.3376829472841929,0.39021061890369046,0.5821288311628976,-0.003611969374680002,0.8631548353178444,0.2307214269262925
2022-04-07,0.3400966374853005,0.39889090682536654,0.5744872090507935,-0.009709298522715515,0.8479641120918158,0.23692288284881968
2022-04-08,0.324137472853119,0.3784668902202122,0.544350500493676,-0.030571495800254422,0.764832972805118,0.23361560050237618
2022-04-11,0.2903509111792839,0.3241116944381037,0.4926281504400962,-0.05152467226185187,0.6730756185266451,0.21253007858893924
2022-04-12,0.3052200104184728,0.3092583587229438,0.47977830282633827,-0.05362399299211018,0.6415489906087204,0.2080372526908787
2022-04-13,0.32655067723121034,0.3350666268225291,0.5050311733205208,-0.02379000318809943,0.6949084819744642,0.22187380563410897
2022-04-14,0.28676954535831767,0.29890696945270534,0.4683713769448077,-0.047856200025490625,0.622769944403214,0.20665909181467357
2022-04-18,0.2850570192255939,0.30210993820850596,0.4793381710938043,-0.041087252963979526,0.6628467635209756,0.2071553762479239
2022-04-19,0.3031960717322524,0.32429768275465576,0.5063642405996358,-0.007631908564193601,0.6945264624199756,0.22664197781898787
2022-04-20,0.3018723254683833,0.32921777210256087,0.48354967491648915,-0.033474210609530264,0.6398695958048883,0.22573240593511357
2022-04-21,0.2955667070830914,0.3034565524308781,0.44617720781571135,-0.06926120784539114,0.5407078165908459,0.20740347379448298
2022-04-22,0.25952240439640506,0.27198497684886513,0.38617017213327154,-0.09402717825953522,0.4897147119487748,0.17427338330543707
2022-04-25,0.26800815356768215,0.3030384095278946,0.4260106609686325,-0.08320697601568217,0.5192572650967153,0.18108145872423242
2022-04-26,0.22067599600701904,0.25429991387932294,0.3747515558103456,-0.12515096559080852,0.43421778243277154,0.14687598106632338
2022-04-27,0.21888513091290474,0.3146424631910376,0.32428606206678423,-0.13283305635758014,0.40574424075916027,0.15010089181106445
2022-04-28,0.27392474917261134,0.34439633007559745,0.3732740981939964,-0.0924801490602929,0.5100965443677756,0.17915189055333403
2022-04-29,0.22729314840156167,0.2881847797600605,0.3221425170109309,-0.21998158581314464,0.4158207557817539,0.13557552645012771
2022-05-02,0.22970623132389867,0.3204450046147893,0.35080194643172047,-0.21861024220669723,0.4910894267864552,0.14241111862957845
2022-05-03,0.24153942253375704,0.3079587929284744,0.3595035613903452,-0.2201573192897207,0.49635626737216576,0.1476480584870523
2022-05-04,0.2924528244596323,0.3460211181279431,0.41659084240428323,-0.20964467457176628,0.5522346316442583,0.18259720340371488
2022-05-05,0.22044255804765034,0.28739568940833293,0.34990392420453276,-0.26940372913140853,0.43849265873329,0.14056427942091054
2022-05-06,0.2262115849113553,0.2752341118745454,0.3411098565948729,-0.27966220673937237,0.42559185984019643,0.13375629334224737
2022-05-09,0.18551455519684068,0.22811988968613917,0.3036213774802481,-0.31721597184586736,0.29391090362463745,0.0974564149699031
2022-05-10,0.20461553727592263,0.25095741712952413,0.32545037648575725,-0.31677663815442725,0.34314815107213836,0.09999215593640964
2022-05-11,0.14216675364922726,0.20941380231794393,0.3162682040697731,-0.3386618245310319,0.26948241248053173,0.08251767281821021
2022-05-12,0.11144901451408229,0.1852765620537522,0.30747966934077353,-0.3288803651502209,0.23474977353681803,0.08138760948856416
2022-05-13,0.14692259661228135,0.21205939422943687,0.3446320705752841,-0.29044161200174246,0.35162100268363816,0.10724121424674804
2022-05-16,0.1346821642589462,0.21382356324944407,0.3260297226349078,-0.3045285894424482,0.31788032802511657,0.10274847768881967
2022-05-17,0.16352863459076672,0.23851737171308862,0.34952750983960357,-0.2759215736449183,0.3875758702823564,0.12543247324396956
2022-05-18,0.09788349988358269,0.18212850763489397,0.29653607759454625,-0.32773804966869524,0.2929942321333838,0.08006466081393393
2022-05-19,0.07083020230520387,0.17775484166917543,0.2789765884186457,-0.326442027249892,0.30719357587261986,0.07344947074012276
2022-05-20,0.07270098528551183,0.17505632027629203,0.26187463277735623,-0.3247348746867068,0.2743684031085527,0.07391814907258554
2022-05-23,0.11573725282387448,0.2126956507036497,0.2917682515454585,-0.3249482926989955,0.28994114588907016,0.09401137013991767
2022-05-24,0.09429703292094449,0.20790376832177904,0.22783331679418461,-0.3466452000483803,0.2331464025249239,0.08565994394085252
2022-05-25,0.09554474788275091,0.2213959342071845,0.22592152804599364,-0.3298562844924816,0.295819100802283,0.09525158985231741
2022-05-26,0.12096094335169827,0.2371217977204303,0.2489499127946615,-0.30285284863965367,0.3626900667898232,0.11713625924647864
2022-05-27,0.1666471325328811,0.2712714580344564,0.30136762101123904,-0.2773148959068831,0.4359737858269408,0.1445607315455879
2022-05-31,0.1604098937371441,0.26489801334337537,0.3181162754503586,-0.24553835687188097,0.4253627650671823,0.13813896285755312
2022-06-01,0.159396709836493,0.2674565656632488,0.31962237911012714,-0.23628409792079808,0.39849171720786614,0.12893281961566072
2022-06-02,0.1788876863419706,0.2775059628368879,0.36284622446932535,-0.2122649708402118,0.49559237446278726,0.15043171831985358
2022-06-03,0.13343517803166427,0.2562905034586107,0.327142099367681,-0.2321041311349039,0.4290269656389982,0.13155155756479364
2022-06-06,0.139360154083626,0.25038151496672967,0.35355392988019707,-0.21679013180393603,0.43406529625009505,0.1349968704151745
2022-06-07,0.15939670983649323,0.2678289833753644,0.35736563845516267,-0.22802457663794162,0.44475204840259175,0.14588394824061424
2022-06-08,0.15354958692290577,0.2581049554859385,0.35788162419675085,-0.23944730049916718,0.423831909056829,0.13342573485385323
2022-06-09,0.1120730541786168,0.23195749762644358,0.33055436965496976,-0.27101669429720254,0.3780199720349382,0.10646949418654672
2022-06-10,0.0691152470573988,0.17705690764650917,0.28798527825392295,-0.31181214349926256,0.2960167626613217,0.07438673806491636
2022-06-13,0.02818392919323709,0.12713484998351499,0.2327285775784831,-0.3493439778340214,0.19469620015543732,0.033594212474775675
2022-06-14,0.03504484328624624,0.13751005752037915,0.2364709466651722,-0.35787964488238566,0.20912690476148477,0.030479815473316352
2022-06-15,0.05586114498039607,0.17133449557652924,0.2717987466418985,-0.32423908601736917,0.2618869046679171,0.04517046007844994
2022-06-16,0.013994557081834502,0.13974324055603926,0.2285691006820081,-0.34940670558724074,0.19118397406769772,0.010579479750968401
2022-06-17,0.025689349459902866,0.15221225016090223,0.24143019253710807,-0.3333395901473932,0.21248627916754903,0.012757949529613954
2022-06-21,0.05929166275477771,0.18054643073350385,0.2924170264228967,-0.3179000874262057,0.2648644057190921,0.03825267497756091
2022-06-22,0.05523771259463217,0.17770838134662204,0.2917625401847772,-0.3162055282974453,0.24913566796550168,0.036370546416753635
2022-06-23,0.07800289331897226,0.20436778491223118,0.30050449162821646,-0.2943014757110939,0.23882801137549636,0.04652941282627565
2022-06-24,0.1044322726885707,0.24549656491341487,0.3669304720368214,-0.269071080504222,0.3076219407002705,0.07980280488704694
2022-06-27,0.1044322726885707,0.2324228359836673,0.3421178225151835,-0.28940602946825167,0.28799961520265094,0.07567832835321542
2022-06-28,0.07153160928509616,0.1932945698395323,0.29778740102390433,-0.32593364514612955,0.2202744780528063,0.053699137099399996
2022-06-29,0.08548711834199119,0.2108814927289968,0.2942418954007129,-0.3163938073246654,0.18667890649716656,0.05284084645129283
2022-06-30,0.06591841015389366,0.19492303355030804,0.26251198493343075,-0.33340236578439353,0.15743591632938214,0.04428724353351554
2022-07-01,0.08314824488540529,0.20771726541304703,0.25989939438159193,-0.3123770284647035,0.10887528063012986,0.055332185372196196
2022-07-05,0.10365289111455023,0.22293162429919033,0.31233432592022536,-0.287648694702491,0.14254709527710752,0.057325363717077416
2022-07-06,0.11425561407968354,0.23856427311465422,0.3275012011705436,-0.2824394181584282,0.15522150408978552,0.06089637813317972
2022-07-07,0.14099737764881137,0.2487531982822917,0.37629255231427927,-0.26988697225010205,0.210806665064317,0.076785431268938
2022-07-08,0.14637665299762936,0.24531072362319972,0.38290273838327105,-0.2748451941299447,0.20927953714376057,0.07589980254043915
2022-07-11,0.12945859518687675,0.23065484427889316,0.3402987541380593,-0.29863208487227644,0.15690133749241753,0.06360919124130682
2022-07-12,0.13717698690378866,0.18022084090978452,0.32111125944784,-0.3145109212849041,0.15155664561977034,0.05419738701555432
2022-07-13,0.13429253419981313,0.1758009351610179,0.29020985323944815,-0.3071049762836404,0.15781742418527145,0.048661157715886194
2022-07-14,0.15752580540043115,0.1821285076348942,0.27878534707581903,-0.3056614718191003,0.17369894052073742,0.046114427913143796
2022-07-15,0.17077954311017152,0.1944110878441936,0.2951225158258235,-0.28733486440127054,0.20347665572508644,0.06610053016221018
2022-07-18,0.14661081969152256,0.18291928878949948,0.2632882837860897,-0.2860168633269501,0.22936071008560632,0.057297668276157676
2022-07-19,0.1772500984095231,0.2074848902871096,0.31867241919674005,-0.2580876903344368,0.2973908927006026,0.0858651582240526
2022-07-20,0.19315497231962464,0.22023280885363228,0.3197151887212051,-0.229468128986263,0.35961855939592424,0.09278544484863782
2022-07-21,0.21116467444817322,0.23219038734456143,0.3248131135696932,-0.2177943504608172,0.3781726044172138,0.10391365169034095
2022-07-22,0.20134109014555213,0.21134639000720834,0.25019552486333785,-0.2316647974434639,0.32235842176946905,0.09367116291726862
2022-07-25,0.1924532009724702,0.204228036378727,0.24567658920395763,-0.23969835516338767,0.2998343266134127,0.09500000804061082
2022-07-26,0.18192833114571116,0.17198552819763036,0.21682609692036303,-0.2794268579553474,0.26234509421394403,0.08204515286007141
2022-07-27,0.2223913156220867,0.2503352016705138,0.30998231619948924,-0.24076530157348786,0.35832074554778126,0.11014190965246762
2022-07-28,0.22675728561449948,0.2860204050502082,0.3234229326837612,-0.23254346482634425,0.3731331042093182,0.12406565856452811
2022-07-29,0.2669867106757524,0.3061659537727146,0.347754667787997,-0.15302373148920556,0.38680042760458777,0.14045322963683682
2022-08-01,0.25918997999744997,0.29346449552874576,0.3308383313688632,-0.15026217806656383,0.40802670891250115,0.13707617264730265
2022-08-02,0.2474954912587668,0.2786230689468987,0.33396663994225806,-0.15798190548526703,0.41451636295161576,0.1295742817634089
2022-08-03,0.2952093842545471,0.3142152046551485,0.36814717034204625,-0.12434134662025054,0.44253800166199486,0.14726273449774396
2022-08-04,0.2927145616097049,0.3197051680860228,0.36942169617417364,-0.10519884745654084,0.46712380357557226,0.14648770885265905
2022-08-05,0.2909190811969351,0.31626225234791927,0.36107927225842196,-0.11630778890032689,0.4498680110012254,0.14455001072974882
2022-08-08,0.28717119953710624,0.30421212077772575,0.35910965598332845,-0.12503173497591114,0.3585495479215952,0.1432212549465388
2022-08-09,0.28756167978651814,0.31342405593470013,0.35134657821672755,-0.13494817873559617,0.30456826965755757,0.1386816148193113
2022-08-10,0.32128860668509307,0.34534053321306635,0.38691737874245824,-0.10444573134766111,0.3817612197958915,0.16259841485590498
2022-08-11,0.3154333462359813,0.33538435073720896,0.37695292839310146,-0.11731200755720783,0.36992636218552977,0.16259841485590498
2022-08-12,0.34361727542921994,0.3581356472338286,0.40985893296076203,-0.09904817577637837,0.428489243510636,0.18228013527525344
2022-08-15,0.3521273157513156,0.36539374939581415,0.4144935236739469,-0.10137044339136092,0.4531512154157513,0.18715194201325058
2022-08-16,0.35087802186470607,0.36185791301260317,0.4100906000284139,-0.09132844835767506,0.44146913638726515,0.18947737630903339
2022-08-17,0.36274473486269443,0.35826767688463,0.3851796080150378,-0.10814867990640231,0.3999329528634923,0.18103437647467002
2022-08-18,0.3596219859691867,0.3529060674461273,0.39236307191245623,-0.10689345446908216,0.43337596513665644,0.18446691368617518
2022-08-19,0.339089162005092,0.3341625618751156,0.3580666187388315,-0.13243772786095576,0.36282559381891266,0.16855007576936543
2022-08-22,0.3082506958503777,0.29499827427836767,0.3236546889914236,-0.1638815703849904,0.30059821952279075,0.14421793345911182
2022-08-23,0.30559652325616415,0.28889021212592403,0.3192516761058799,-0.1613711195103501,0.3118216704064505,0.14144964012901373
2022-08-24,0.30793879747386477,0.28585970526365356,0.3172818813507652,-0.16024134957946845,0.3149523886383008,0.1451037408678746
2022-08-25,0.3274564942452429,0.30012655291974144,0.3515783345243897,-0.1384001205138985,0.3677118768461336,0.16126965907269541
2022-08-26,0.2774123511514175,0.2499586672209564,0.27846676023779215,-0.17938384874317848,0.24150068626092014,0.12196205581649777
2022-08-29,0.2599243014867023,0.23662396654268725,0.26780713020545877,-0.18540906491690234,0.20645452227526184,0.11454307257509844
2022-08-30,0.24064064995346302,0.22608673598223383,0.26224560350163495,-0.19206184592550524,0.18102887676016843,0.10230785215780491
2022-08-31,0.22744618265172045,0.21909313420086263,0.25390317958588327,-0.20436323716961113,0.15247295161202445,0.0939204218855445
2022-09-01,0.23322371141821208,0.2141043100403186,0.2715146956879937,-0.1977731839142276,0.0641323550825692,0.09735304843718162
2022-09-02,0.21643828329092996,0.19386922227846015,0.24961608947417613,-0.19971879770720824,0.04199013328140189,0.0857819825611632
2022-09-06,0.20644502529983977,0.18076755834464553,0.2375660108358788,-0.20850551941979267,0.02809371511311909,0.08168538014851512
2022-09-07,0.21760911676039507,0.20333404273541067,0.2681547200469472,-0.18735467870988298,0.04741691622938227,0.10111775225945618
2022-09-08,0.2058984744064174,0.2053387468430694,0.25575696232715095,-0.18522069012212028,0.06849641313901511,0.10831481461297199
2022-09-09,0.2286173804884477,0.23303380392788253,0.2820587599065336,-0.16356774008377006,0.09881769845572119,0.12553271287207224
2022-09-12,0.2759290120266691,0.24324456250659376,0.28449171031693066,-0.14360939705796127,0.10782995349098168,0.1376297241051645
2022-09-13,0.2010578553270057,0.17489304752883705,0.2087152508322525,-0.20404940686839046,0.002889781291245175,0.08816271839865286
2022-09-14,0.21253469535435254,0.17596531060600284,0.21659416213267946,-0.19319152008882468,0.002660686518231703,0.09231480103327194
2022-09-15,0.18958162257842903,0.1440741953708029,0.19237826056226948,-0.20743857300969226,-0.012538296985190267,0.07991349731059372
2022-09-16,0.1765435902879593,0.14109000180474895,0.1911038239701528,-0.22469818613364068,0.008006767287077832,0.07167508637850628
2022-09-19,0.20605454505042786,0.14006427256330567,0.19423204330353716,-0.2176060235498165,0.022060057626032803,0.07998568413724838
2022-09-20,0.2249480807015174,0.13041309622396002,0.17187001371440536,-0.23310830190800436,0.006326568385446096,0.06758911544156598
2022-09-21,0.2001213100071877,0.11409456954547981,0.15031890810206527,-0.2560165252674558,0.012818634717958854,0.04896616492652894
2022-09-22,0.19247008332228965,0.12355931648926188,0.16028344769143277,-0.26373630056994,-0.04064436596450072,0.04015526242859657
2022-09-23,0.17443572567566012,0.10929202775416247,0.14406211247525413,-0.28589135993673065,-0.04408144545790149,0.022727593539564328
2022-09-26,0.17709038409289013,0.10710089425094016,0.13745763776694409,-0.27729291725136607,-0.06607754075898786,0.0126100022710256
2022-09-27,0.18481885663739162,0.10225196565023764,0.12969456000034296,-0.281937308829988,-0.05194786112909511,0.010025034891788076
2022-09-28,0.16982927329014164,0.12397885614244863,0.1592404996869463,-0.25934291577175717,-0.027278652343785792,0.029898657914668725
2022-09-29,0.11236807020531137,0.107334078021732,0.12876762400970398,-0.27948958570856686,-0.0666883626872905,0.008385107428828142
2022-09-30,0.07895340605051171,0.08588661108336071,0.10825937716183964,-0.29078680617957287,-0.0728750911554521,-0.007208140529883833
2022-10-03,0.11213402496717251,0.12244044606320537,0.14290342017695257,-0.2727113013097444,-0.04438678332225299,0.019003003436557142
2022-10-04,0.14063058127144878,0.16039286907562067,0.17766338596590203,-0.24001218546460845,0.005639503365805432,0.05057848628870154
2022-10-05,0.1429724911218868,0.16188474531914188,0.17523007859546258,-0.2408908528474888,0.008847049487393122,0.04813253215485336
2022-10-06,0.1353994819426254,0.15064825749898736,0.17511433430164747,-0.24497035946066992,0.0028133920003068358,0.037320053339632286
2022-10-07,0.09370906561537695,0.09213442176930853,0.14336693279227752,-0.2809959136938883,-0.07768666618713371,0.008385107428828364
2022-10-10,0.09628562798272444,0.06886875363201095,0.133865905818235,-0.2865817482923909,-0.10869523582288032,0.0006858641933504828
2022-10-11,0.0850431975607786,0.05096491547272186,0.12598690527779755,-0.29574502805941527,-0.11511054736545567,-0.005651656750209955
2022-10-12,0.08004662929311057,0.0525499329008563,0.1303897396833198,-0.29141441889823283,-0.12167907608870632,-0.008931332995866015
2022-10-13,0.11634999710327909,0.09213442176930875,0.1477698564378105,-0.29373663862943433,-0.08654621574031851,0.01722397338807591
2022-10-14,0.08035877058113172,0.06565159683467114,0.1188031736603472,-0.3290717566232112,-0.14252962442492556,-0.005957468022040113
2022-10-17,0.11182188367915091,0.10747367952889952,0.15831356369630734,-0.2858285842997301,-0.09204529439044018,0.019586751859033802
2022-10-18,0.12228335360227316,0.1119962096610283,0.1675830128427087,-0.2696986932228822,-0.08601149070375402,0.031566548838944275
2022-10-19,0.12314228869522492,0.1025782170924745,0.1543740634260884,-0.27779502657980637,-0.07959595986177892,0.024256113857922923
2022-10-20,0.11947298890829483,0.10103958647372524,0.1583135636963071,-0.27666530453270577,-0.06867433805207357,0.015667489608402363
2022-10-21,0.14976490416958677,0.12887446560521143,0.17175391246054716,-0.2511210790246132,-0.04790010590699223,0.04034984523608931
2022-10-24,0.16678437753500797,0.15279293067965627,0.18785941414289997,-0.2479829675475318,-0.037742084607464976,0.05308000998465312
2022-10-25,0.18934733442878193,0.16869184419178107,0.21056930129355234,-0.2430875213046897,0.012818634717958188,0.06989605633002527
2022-10-26,0.1660036599476924,0.07851992997135704,0.09991713172610939,-0.2740920301372841,-0.015058631887538532,0.0618354322606145
2022-10-27,0.13048100972483923,0.0572125791323328,0.06851749853824907,-0.3035903067521192,0.00632656838544543,0.0561653714432131
2022-10-28,0.21589185385326104,0.09973413962576805,0.11567504356697356,-0.3509757613257818,0.05658187674671744,0.08129219422759126
2022-10-31,0.19715426739042785,0.08229652198172532,0.09505078470526218,-0.357063705252725,0.03084321788827915,0.07348181186790748
2022-11-01,0.1761532314943013,0.06383332212257664,0.04824065103800468,-0.3925243745205026,0.03435661357281794,0.06878430772743904
2022-11-02,0.13227673304911725,0.02620715055239775,0.007687580717590237,-0.42183432422433664,0.00961086929697097,0.04196189857786603
2022-11-03,0.08426260142921693,-0.001068146339722853,-0.033328823738127844,-0.4395332710397253,0.02503872827400655,0.031233042126195265
2022-11-04,0.08215097168854069,0.03222170395438506,0.0031690020182526535,-0.42898921456138006,0.08117491554048928,0.046075475615593886
2022-11-07,0.0863738668026306,0.062434513550500004,0.025299186059711598,-0.4318135436210221,0.09224938903187008,0.05608183841979475
2022-11-08,0.09090975339502072,0.06709693924247029,0.030049967266764677,-0.43526543751554314,0.11523839891554788,0.06177986269851177
2022-11-09,0.0547026999978486,0.04676856326966128,0.011742914521634784,-0.45936615855909546,0.05215224816972541,0.03990511005900221
2022-11-10,0.1485441523851887,0.13288424138637156,0.08844648847697334,-0.39352859317738353,0.20291773465474194,0.0970521508726121
2022-11-11,0.1706750911616508,0.15214020725567767,0.11706549217293771,-0.3674194827038503,0.2469862414480526,0.10766986820007718
2022-11-14,0.1595702701090933,0.1262170380735741,0.10883872331099065,-0.3818548146519378,0.24454266133564273,0.09824725381835298
2022-11-15,0.1733337576187659,0.12817484077966723,0.14058621406037108,-0.3790304855922958,0.2728780443873664,0.10761447731823837
2022-11-16,0.16355887707353634,0.13023240085554755,0.14533663830738175,-0.39045320945352135,0.21513790131059007,0.09916459829371105
2022-11-17,0.17865157635601214,0.1299985554662384,0.1396591888297214,-0.40470026237438894,0.1973424129132828,0.09580138902463653
2022-11-18,0.18310912398701173,0.12784778069257619,0.12888363602355146,-0.40915637492579104,0.1768737379319525,0.10077647295522363
2022-11-21,0.15745888327992552,0.1317286143760159,0.10768003101268908,-0.41970043140413626,0.1698470196626749,0.09677412438183364
2022-11-22,0.17442868124192223,0.145661785759839,0.1244807123780185,-0.4150560398255143,0.22491426855462793,0.11153347154847393
2022-11-23,0.181388581774518,0.1575847395483585,0.14081788112802296,-0.40921915056279146,0.26165064611450983,0.11853782723726947
2022-11-25,0.15824117979204422,0.1571637296317996,0.12923104738501845,-0.4137379908674128,0.2426330021619978,0.11828758552754226
2022-11-28,0.12782064288716688,0.13037251695489482,0.11289414635504591,-0.41034887260989206,0.2087988328593524,0.10044323426287027
2022-11-29,0.10396916189821104,0.12368649427093636,0.10292978524569985,-0.4199514860683565,0.19443991225684631,0.09855297575005117
2022-11-30,0.1576155612027068,0.19293200289200962,0.17013197526695323,-0.39409343025904353,0.29283735996271143,0.1331582504986526
2022-12-01,0.15980480117024887,0.19082820303308123,0.17013197526695323,-0.4006207078774269,0.3090329130387217,0.1323240816861848
2022-12-02,0.15589514044596697,0.19237117092877787,0.16375934610631604,-0.40921915056279146,0.2892468439892355,0.13101801829650217
2022-12-05,0.14666729661717648,0.16983460639763193,0.1526362034586577,-0.4288009355341603,0.2689253920049852,0.11067187531548273
2022-12-06,0.11757621439661059,0.1460826486500606,0.12366952068119441,-0.44612332429510915,0.22133128186054596,0.09466167696073491
2022-12-07,0.10217076654734303,0.1425759234816144,0.10003296525993521,-0.4448053232207886,0.231492007852671,0.0927996499296273
2022-12-08,0.11554328798458724,0.15674294025474644,0.08578133555886058,-0.4329432656681228,0.31163073372900585,0.1013604000579642
2022-12-09,0.11171123748717116,0.1474852799069042,0.07558521814185193,-0.440851319997827,0.2987961632546583,0.09313297796211262
2022-12-12,0.12993202971633488,0.1806353816675077,0.08114683408568624,-0.4316879923470216,0.3395912610066347,0.10889302394726541
2022-12-13,0.1375958877996586,0.2012546492484577,0.10802771009418755,-0.4195121523769163,0.3806151611324249,0.11728706538929368
2022-12-14,0.11992225374268783,0.20265735401846996,0.10153924739972453,-0.42522349036563856,0.35021003034518694,0.11014369645510902
2022-12-15,0.06744911702273915,0.16427076223231674,0.052759675937394945,-0.4448680988577889,0.29505272249970704,0.0829876912526546
2022-12-16,0.05188735561795266,0.14407213700208277,0.045807700627607195,-0.4485710474165302,0.2659462827582113,0.07020168892159195
2022-12-19,0.035151967261357164,0.12424762028684233,0.024720018390581355,-0.4670231582245796,0.2417286114371342,0.06112687567373687
2022-12-20,0.03460468763341029,0.13055960796897592,0.03144032663271723,-0.4653285512120382,0.22881787097124873,0.06257892083910455
2022-12-21,0.05923797931146835,0.1428563762198145,0.03792870008716931,-0.4554121553361342,0.2605984475941667,0.07846699123341083
2022-12-22,0.034057165093954955,0.11368076391944415,0.016841107090154184,-0.47411527292462274,0.17182707394366226,0.06308145908159468
2022-12-23,0.031163967575684737,0.11620557369493123,0.03387336628312476,-0.4649519931575984,0.16166656725093698,0.06919670177674364
2022-12-27,0.0168528360708029,0.10792997576638541,0.012554106218457983,-0.478822440140245,0.07877775380104168,0.06498020490695389
2022-12-28,-0.014349511523176761,0.09656792745426612,-0.003319728396242949,-0.48647943980572894,0.07228407927293001,0.05174473237180788
2022-12-29,0.013568247384964982,0.12686593881278596,0.024835673444385753,-0.4716675498032016,0.11560009672565341,0.0706765317231628
2022-12-30,0.016070782470192446,0.12130202113430233,0.022286800260152173,-0.4727972718503022,0.11644045202576914,0.0678561530961097
2023-01-03,-0.021935030645109932,0.12017969558932151,0.03259892969100786,-0.4613745479890766,0.09359829964017186,0.06336073633422146
2023-01-04,-0.011846915710072459,0.07117949306054183,0.020548761812699823,-0.46564238151325876,0.12675395659976996,0.07156984370301345
2023-01-05,-0.02232599671753821,0.039432169583119014,-0.0012340108672919126,-0.4783203308118045,0.08977876199348267,0.05933962633311185
2023-01-06,0.013646647074232687,0.05168225697189821,0.011974670829296485,-0.4597427166135355,0.1351573634013261,0.08363290568594617
2023-01-09,0.017791081771178163,0.061921832712699576,0.019853582129723435,-0.45170915889361174,0.1939053334198817,0.08301842425806227
2023-01-10,0.02232696836356829,0.0700107071930074,0.02448817284290805,-0.43595582587120374,0.21537247856859887,0.0906134075594982
2023-01-11,0.04391074896783742,0.10236591106156423,0.06040674169014837,-0.40319398227284864,0.22240080503347492,0.10440743459989732
2023-01-12,0.04328488746699155,0.11517690392674385,0.05588798451078958,-0.40206426022574804,0.26136234050354457,0.10842818724047887
2023-01-13,0.053842185980093715,0.11854343948267454,0.06735871699993612,-0.3841769864993584,0.2910040169802044,0.11272857449421503
2023-01-17,0.06306990835313031,0.1237801500477298,0.05774194573207825,-0.39716876609912466,0.3523489304914449,0.11068992202214689
2023-01-18,0.057361366454963925,0.10255285504930844,0.055772240216974245,-0.400871762541647,0.327520729641265,0.09315468761418866
2023-01-19,0.057830428577274606,0.0844114223291117,0.07813426980610605,-0.4120434317386523,0.2807666823977415,0.08519626865578389
2023-01-20,0.07816285054711458,0.12317234316976422,0.13571959931949107,-0.38963731770764143,0.36281521364732106,0.10541268976514173
2023-01-23,0.10349997832014668,0.1342067432894436,0.15622811388738733,-0.38794275857888116,0.4662545007546801,0.11867603642147118
2023-01-24,0.11460455646119594,0.13168186000078785,0.13201194459694543,-0.3954742069703644,0.4717549683010005,0.11747521570728248
2023-01-25,0.10936507668534001,0.12499576380366073,0.10327719660716594,-0.39007665139908165,0.4761855471753924,0.11789395290595817
2023-01-26,0.12578783793089787,0.15954820276843362,0.12992631630800489,-0.37727315082653534,0.5127791608259906,0.1301801865386225
2023-01-27,0.14119279995714895,0.160296566824758,0.15136158838651892,-0.35831897857382655,0.5557899135141626,0.13277721483567984
2023-01-30,0.11828005049158463,0.13481440314107185,0.1232060973058795,-0.368925762805391,0.46388635963580893,0.11856427191634089
2023-01-31,0.12836780105936008,0.1586600166654364,0.14522071553354432,-0.35273314397532385,0.49253446363167797,0.13501080747576832
2023-02-01,0.13728289632135904,0.18175748667298253,0.16364333409246812,-0.340055146792997,0.5999467248658013,0.14707360143830517
2023-02-02,0.17943375141237738,0.23716296509484613,0.24834156364204873,-0.29135164326123286,0.6584648691133441,0.16377154012917572
2023-02-03,0.20821159924313504,0.20794081895875327,0.21404511046842423,-0.3511013125997827,0.6119405014412336,0.15140141611256497
2023-02-06,0.18654984404473773,0.2005533336200358,0.1922623377884325,-0.35869553662826625,0.6110997075423183,0.1443650766565141
2023-02-07,0.20938474037192778,0.2510028482677187,0.2471828713437474,-0.3591348703197065,0.6939121317012757,0.15933178226952238
2023-02-08,0.18803573374032223,0.24712223512378473,0.15136158838651914,-0.37206387428247245,0.6963573200092845,0.14665477489949752
2023-02-09,0.1798244745732973,0.23258103632249028,0.1008439784767372,-0.38342387039047876,0.7064408526126726,0.13671389841205128
2023-02-10,0.18272240886597713,0.2301501028633024,0.09574587514822763,-0.3873778736134402,0.6245453923441684,0.13936694297187158
2023-02-13,0.204965694214976,0.2685830814588408,0.09620938776355259,-0.3752647613965543,0.6645005733948286,0.15274187545306672
2023-02-14,0.19987451191486882,0.2725574974059055,0.09702049022036574,-0.3742605906234544,0.7548759028556267,0.1522115524295251
2023-02-15,0.21655706701843358,0.2623862153987313,0.12320609730587972,-0.365097262972649,0.7390620769349054,0.15595311715761206
2023-02-16,0.20386931312277068,0.22877797957142687,0.10663726148822339,-0.38398870747213854,0.6808490512523142,0.14003717264212234
2023-02-17,0.19478417980504026,0.20960706843818833,0.09319691272398334,-0.3899511480088621,0.6339423716265151,0.13718883055375386
2023-02-21,0.1629072669528231,0.18434228319404555,0.06353522874356488,-0.40639482150314943,0.57794441608172,0.11437582784799849
2023-02-22,0.16627487064658397,0.17890510221822442,0.061913023829938574,-0.3988005974746658,0.5855070289843609,0.11284007097894855
2023-02-23,0.17011287247595064,0.19418576998244275,0.05310708729886193,-0.3986123184474458,0.8078178481641107,0.118759748125153
2023-02-24,0.14904455009205586,0.1681712239317723,0.03271467398482342,-0.4131731537857529,0.7789402107964287,0.106808718667746
2023-02-27,0.15852137821673895,0.17257723569167394,0.04128885420823769,-0.4115413224102118,0.7953650048450522,0.11057824685714857
2023-02-28,0.15452694137609946,0.16910866385772994,0.04349031603100406,-0.4085914899603502,0.7735926680315837,0.10647387185301671
2023-03-01,0.13807976752396867,0.1543436174580557,0.046966303685897826,-0.42152054180689735,0.7340202375334115,0.10222941152191134
2023-03-02,0.14277901210561494,0.1770302223663096,0.0659682683939724,-0.4217715964711176,0.7810792571422867,0.11080177586740803
2023-03-03,0.18287908678875797,0.19662317260046747,0.08508615587588353,-0.4043864320731685,0.82508299751285,0.1286165555483887
2023-03-06,0.2048090162921945,0.2040290362313344,0.10223433784269043,-0.4116040980472123,0.7994145875621543,0.12939854972376952
2023-03-07,0.18734355739774067,0.1912795738882711,0.0875195524863337,-0.41285932348453247,0.7793951839512583,0.11208612960501507
2023-03-08,0.19729029783501284,0.18917040756803538,0.092038220425682,-0.410537151637112,0.8476281454112893,0.11390134240695571
2023-03-09,0.179433022677852,0.18270191034995742,0.06967601235652876,-0.4210184324784568,0.7907038692016486,0.0933497171223403
2023-03-10,0.1630639448756035,0.1652181264360355,0.0500946122592929,-0.430558270299921,0.7547155218945576,0.077573589913428
2023-03-13,0.1784930765969195,0.19020142975761778,0.055656317443137926,-0.4198887104313562,0.7547919842852953,0.07603765436411392
2023-03-14,0.1950972927390935,0.22240350569598588,0.08879398907845037,-0.4045119833471692,0.8386118698870322,0.0938246492640431
2023-03-15,0.198230122460191,0.24419935154034156,0.11358914755800065,-0.3962273709630252,0.8512192461831645,0.0869834286562765
2023-03-16,0.22062984282046272,0.29463497219915924,0.16236898674036215,-0.37212664991947286,0.9515433122162604,0.10605468795368056
2023-03-17,0.2139723671155609,0.3097747152191759,0.17743162965823922,-0.37896775783907677,0.9656020119404112,0.09312207846600873
2023-03-20,0.23276946689790012,0.2760262897793557,0.17279677122502246,-0.38675026089478026,0.9789735735451213,0.10363312367586786
2023-03-21,0.247493669422455,0.28329144920552674,0.21566731538205075,-0.3685492047509511,1.0018198926193151,0.11812445044651332
2023-03-22,0.23613731350316902,0.27630740413607335,0.1977081201984412,-0.3805368135776175,1.0223736557677765,0.09906444800574099
2023-03-23,0.24475265596406404,0.3014781660375798,0.2235462266824777,-0.38047403794061707,1.077616928977986,0.10203536475521124
2023-03-24,0.255091212664043,0.31511868149721556,0.22169244394121024,-0.38411425874613914,1.0461366463332236,0.1092670017398103
2023-03-27,0.23966171657546487,0.29547860932198655,0.18716432369993385,-0.3846790958277989,1.027187423793456,0.11134130092454564
2023-03-28,0.2347275765654011,0.2900883297477306,0.1705953094022563,-0.38970009334464173,1.0179419072965854,0.10884656707862628
2023-03-29,0.2591638670103189,0.3148369790351493,0.17476656598013762,-0.3708086488451522,1.0618001790652674,0.12496343755098005
2023-03-30,0.2716166040218102,0.33143022442467895,0.16897337220866215,-0.35982525867536685,1.0922871816284387,0.13155066416347583
2023-03-31,0.29150984198484653,0.35135096987761383,0.20187919829630152,-0.3517289253184428,1.1223918722379214,0.1474992178271448
2023-04-03,0.30145682533362694,0.34633590151588045,0.20917885268758818,-0.3572519842799451,1.1367567139242225,0.15187197058779955
2023-04-04,0.29722797888758623,0.346101394508054,0.21335002002545878,-0.34758664306826137,1.0976357477904828,0.14548111358543614
2023-04-05,0.28258175095715954,0.3327893358857128,0.210453556999737,-0.36547386891086986,1.0539302546036766,0.1424819653542546
2023-04-06,0.2896305571017519,0.3668191697349248,0.25622038570246586,-0.35944870062092693,1.0658499079819692,0.14693878717911968
2023-04-10,0.2690317826631843,0.3564605761741637,0.23327900996418327,-0.35875831226526655,1.1072629914426426,0.1481158434181966
2023-04-11,0.25939839807147425,0.3257119290921402,0.22064958517673516,-0.37287981391213354,1.0759356335793555,0.1484241562137225
2023-04-12,0.253916371154693,0.32880521620039316,0.2124229055547986,-0.3859970969021195,1.0244365321220963,0.14374317999767383
2023-04-13,0.2966793632463445,0.358569668981231,0.2447497424533298,-0.3573147599169455,1.0219913438140877,0.1589352907637136
2023-04-14,0.2939381068764457,0.3412265892720048,0.26143450104482246,-0.3566243715612851,1.0445319595249303,0.15610419132082076
2023-04-17,0.2940949062549809,0.353694863745182,0.22783331679418506,-0.3551808670967451,1.0631754787013468,0.16025270035015993
2023-04-18,0.3038065083523276,0.35167927968857104,0.21080087912119327,-0.3579423726356058,1.113986857240766,0.16100941126818524
2023-04-19,0.312891884581566,0.3520541968484192,0.20709313515863692,-0.34538992672727964,1.1341588932339381,0.1608133096784492
2023-04-20,0.30521600237858704,0.3410860320936462,0.2199543162537474,-0.34846531045114193,1.0709693793709998,0.15447864761911267
2023-04-21,0.2924499095215336,0.33944565924955783,0.22134467561970084,-0.32869519856877205,1.0721154380344662,0.15537553320424324
2023-04-24,0.2948776885901161,0.3207428799739491,0.22783331679418528,-0.3334023657843943,1.066231781336858,0.1565808209250319
2023-04-25,0.2826598470070423,0.2909788682721228,0.20326955766225496,-0.3562478135068454,1.0050288276371018,0.1382215131395219
2023-04-26,0.28258175095715976,0.384490559255108,0.20164753122864987,-0.3411220932030975,1.0596605479210095,0.13340036225636775
2023-04-27,0.3190008661009798,0.42883267336886455,0.2466037036746187,-0.31074519708916315,1.080290773460208,0.15596428467411183
2023-04-28,0.32894748508249805,0.4402226566850509,0.243706972928865,-0.33817230863701697,1.120252679692463,0.16583047281120744
2023-05-01,0.328242434429983,0.43225456434074916,0.24208476801523848,-0.3595114283741465,1.2089626495110175,0.16465341657213028
2023-05-02,0.3200189082317948,0.43155104331726957,0.22030208457525724,-0.34959503249824253,1.1554766954913767,0.1515637471324054
2023-05-03,0.3114819047322901,0.4268169422859165,0.22134467561970084,-0.34946948122424193,1.1243019700103654,0.1436591109334635
2023-05-04,0.29848067353531094,0.43155104331726934,0.21300243018397036,-0.34727281276704103,1.1059643003968995,0.13555873050531342
2023-05-05,0.3594144180854393,0.4561126751037754,0.22319872608100022,-0.33685425967891547,1.1913885804077298,0.15658082092503145
2023-05-08,0.3588658024441973,0.4467379817915256,0.2486890642435271,-0.3357873132688153,1.2273766353156215,0.1568893124008215
2023-05-09,0.3453168057962548,0.43900395537603876,0.2438228957027011,-0.33082909138897276,1.183060027801313,0.15181568630464048
2023-05-10,0.3593358362125407,0.46389345589449027,0.2948039289877973,-0.308422977357962,1.2070524055389735,0.1571976251963474
2023-05-11,0.3608240335674531,0.4535811756299457,0.35065139853375116,-0.29593330708663623,1.1835946797380776,0.15517934227437458
2023-05-12,0.35345166929395466,0.4482382385362669,0.36154296335376834,-0.30798364366652187,1.1654099349060876,0.15366574175806003
2023-05-15,0.3495301059057716,0.45053478992325835,0.34995621885077455,-0.30208402665057976,1.2122480469195422,0.15764584463858244
2023-05-16,0.3495301059057716,0.4612215462686393,0.3847160953997133,-0.2882763074211523,1.2321142333497632,0.14990997194898514
2023-05-17,0.3543929513881823,0.4750326122794215,0.4001261496790576,-0.27509624879416616,1.3058479547553143,0.163868563512525
2023-05-18,0.37290232248907307,0.4962652737391504,0.4231835374311874,-0.2584642483888778,1.4204604000839738,0.17508039271777842
2023-05-19,0.3737649012546478,0.4954200193266143,0.42237243497437427,-0.2703890815785438,1.388827338857336,0.17337060127159587
2023-05-22,0.36623561614686007,0.5087608951110456,0.4489059888614195,-0.2781715846342473,1.382103473059212,0.17384705219554242
2023-05-23,0.34553044646770625,0.4809518926149059,0.42005513961778207,-0.2782971359082479,1.3448164347063787,0.16067304567121132
2023-05-24,0.34772648795747774,0.47432776801890664,0.4008214186020451,-0.26725097010146226,1.3333554094729125,0.15226426310740315
2023-05-25,0.35674579225648917,0.5310274457739321,0.43071476965011546,-0.2782343602712476,1.9019854490462196,0.16224257311015666
2023-05-26,0.3758822394157668,0.5637694759356502,0.44380779629289924,-0.24616285714477193,1.9757960714413079,0.1772946878893551
2023-05-30,0.39054887191288135,0.5558776902603526,0.43291632071289277,-0.23643469241230675,2.064812037022413,0.17774299667172233
2023-05-31,0.3901565698271581,0.5426304702527145,0.4236470500465126,-0.24321302469491035,1.8908295423777046,0.17121250104304564
2023-06-01,0.4124303405704346,0.5623128860130557,0.4334954883820221,-0.22946812898626434,2.0387557595332333,0.18233981448342873
2023-06-02,0.41917502150677577,0.5755599589943565,0.44450288673586513,-0.22017929794523938,2.0049073357695995,0.19943799696565123
2023-06-05,0.408430681132369,0.5780968984426622,0.4600289530290562,-0.21358924468985574,1.9929876823913069,0.19713972206999597
2023-06-06,0.40552861734405,0.567480714739135,0.4750915067069228,-0.20536740794271213,1.9534842581042784,0.19974630976117713
2023-06-07,0.3946269917680916,0.5190956704051808,0.41935995993480524,-0.23913347019794828,1.8636954814382025,0.19559780073183797
2023-06-08,0.41619498312432834,0.5279268073488192,0.41518888183694536,-0.2201792979452396,1.9427862485825913,0.20282952705656898
2023-06-09,0.41925372483542844,0.5351141898426137,0.41623156212139945,-0.22532579885230208,1.9626544818072107,0.20498789530551487
2023-06-12,0.44144891370580597,0.5588839377769856,0.43256873087140413,-0.20561846260693262,2.0170626629029003,0.21591910715616192
2023-06-13,0.43768463551917436,0.5703459639983977,0.43477028193418144,-0.20505357764149168,2.1347433992342606,0.22393568654049756
2023-06-14,0.44270391601285786,0.5846732394790726,0.43291632071289277,-0.20655990562681326,2.2856655385905493,0.22539309211378522
2023-06-15,0.45886044624544176,0.6352192769171241,0.44936923375671234,-0.20222929646563081,2.2593785581327577,0.24058529221995695
2023-06-16,0.45031166153779,0.6081143835498128,0.43129429427928767,-0.21239679488953622,2.2623589831759308,0.23635959331657141
2023-06-20,0.4510176838363378,0.5880086789646861,0.4263120244846039,-0.21057668448677513,2.3476389641816784,0.22994497183909646
2023-06-21,0.44278225497424817,0.5669168687359905,0.39676617403801107,-0.21653907713971765,2.289333394152363,0.2236431869483353
2023-06-22,0.4666248696931552,0.5958069558895274,0.42689128139374377,-0.18314962082270247,2.287805023535207,0.22806025241446104
2023-06-23,0.46411522944631334,0.5737749122344673,0.41750608795352706,-0.1882960738459839,2.2254500169883893,0.21877611523733398
2023-06-26,0.45305680449181995,0.5436170169752947,0.3711596453816157,-0.20084851975431006,2.1049414879961317,0.21379629627975105
2023-06-27,0.4749383946051271,0.5716611145846098,0.3710438118477899,-0.1892375647496456,2.200003391830713,0.2271036876211554
2023-06-28,0.48427141911696303,0.5776744917758996,0.39247908392630393,-0.19011623213252593,2.1420030865659485,0.22772245737537533
2023-06-29,0.4869379801980942,0.5739159104918377,0.37996558191269236,-0.1972710745857883,2.1194605702603075,0.2325613869447969
2023-06-30,0.5212899184072364,0.5997056532729363,0.3869173787424587,-0.18183157186460097,2.2325564871394024,0.24710658581503742
2023-07-03,0.5094473751043127,0.5877268294762825,0.3892347633390618,-0.1827102392474813,2.241038403126095,0.2485412989947975
2023-07-05,0.5005848701838365,0.5884787221646994,0.41067012465758657,-0.18170602059060037,2.233702399603269,0.24668445369134573
2023-07-06,0.5043493912819761,0.6031350425880175,0.39166789222948006,-0.19438401777292724,2.217349389558187,0.23692234680802815
2023-07-07,0.49548688636149985,0.584110128607614,0.3843683270782039,-0.18547179267012326,2.247915924703694,0.23379928381376502
2023-07-10,0.47925177425601695,0.55878984092118,0.34926103916779794,-0.2021037930754116,2.2232330462557957,0.23692234680802815
2023-07-11,0.47509519398366207,0.5617963824904877,0.3572557840020505,-0.19174801562428645,2.2404269963993926,0.24479955558644662
2023-07-12,0.4883499033394352,0.5840161787781462,0.377995608677556,-0.1790700184419597,2.354822335322229,0.2548152097643752
2023-07-13,0.49438892634449116,0.6096647762755372,0.4429965153560642,-0.15710323810238902,2.513385742965895,0.26477440097888105
2023-07-14,0.49556510386713626,0.6217840102242123,0.4531928112530941,-0.15471833850174943,2.4745665328063096,0.2639868677153163
2023-07-17,0.5214472036087878,0.6240862956383544,0.4442712196682128,-0.16174767756479214,2.5503701481469747,0.2683754336793349
2023-07-18,0.5194077185860435,0.6887245134439055,0.4339590009973464,-0.16632929350641368,2.6293091601066867,0.27780037090449117
2023-07-19,0.5301524233277126,0.6680079144277322,0.413914266764807,-0.15045045709378624,2.597443202917438,0.28064192314282765
2023-07-20,0.5147020368494304,0.6294411418653463,0.3811242742109935,-0.18434202273924183,2.478463921739935,0.27214549790952924
2023-07-21,0.5053688908818403,0.6148789182978329,0.3906251227050148,-0.18409101595880273,2.3859239610032996,0.27214549790952924
2023-07-24,0.5117217555554747,0.6211732628195028,0.40812098375332084,-0.19162246435028596,2.4090775916364433,0.27782851304607026
2023-07-25,0.5185450183647149,0.6487483464131647,0.4159998058137371,-0.1895512992833046,2.49061369328844,0.28131706652033817
2023-07-26,0.5254467415910995,0.586693381352136,0.49780166157760664,-0.1957020667310292,2.473267403161767,0.2815139721712625
2023-07-27,0.5154078162364699,0.5535755518725467,0.49930749751734305,-0.19507440612858795,2.5075017938690864,0.2730175469379641
2023-07-28,0.5358779690314524,0.589512023262508,0.5361529131152118,-0.17022052109237484,2.5724556445033877,0.2854808527122492
2023-07-31,0.5407403286908465,0.5780030956395306,0.537775474988881,-0.1609945614559123,2.5708509576950944,0.2879284149684733
2023-08-01,0.5341525685887947,0.5799761890846922,0.5242188464907618,-0.17348418384345698,2.5538856637257106,0.2842429558432813
2023-08-02,0.5103884142870323,0.5384494823018895,0.4874893536667295,-0.19532541290902705,2.3828669273697884,0.26637796700811767
2023-08-03,0.4993299893325387,0.534503736490578,0.48830027764352146,-0.19093207599462525,2.4016646871240797,0.2627487921660845
2023-08-04,0.4273319899517203,0.5397649269407763,0.48436095585332395,-0.12402751631903208,2.4142738178154106,0.2570377242280957
2023-08-07,0.4027052568843832,0.5507101555869467,0.5239868224630673,-0.1073955637975248,2.4705925352823446,0.2680097645190658
2023-08-08,0.41015596011927213,0.5316381931786405,0.5224809865233309,-0.12170534447161163,2.4130512967612066,0.2624956022320013
2023-08-09,0.39752893410065604,0.5136934816976111,0.5023202402769442,-0.13482262746159746,2.251813313637319,0.25405546128186196
2023-08-10,0.39580341220224424,0.5169817257289848,0.5026675623984005,-0.13036656279397651,2.2391275743556505,0.25450555686686926
2023-08-11,0.3962745390723743,0.5079625421000735,0.5011613694986214,-0.1313079579300761,2.1219822209590538,0.25377421854633164
2023-08-14,0.4093901815897101,0.5221958677512808,0.5216697948265072,-0.11775129336486911,2.343436310483501,0.26069495187157665
2023-08-15,0.3936043343186204,0.5119553363392877,0.5037109566029403,-0.13595239739247922,2.3577258593758637,0.24600957833423087
2023-08-16,0.3866932589991705,0.5082833535678339,0.49119691914926467,-0.15227051961276583,2.3230329867233177,0.236866241205133
2023-08-17,0.3665097417838499,0.4917134853659182,0.5053324475964813,-0.1591116754161508,2.312181760020955,0.2274412146398448
2023-08-18,0.3703580673523146,0.48983007798644573,0.47682972363439635,-0.1638815703849923,2.308742560633356,0.22803202093274932
2023-08-21,0.3809603044944314,0.5152509316875213,0.4873733416528827,-0.154718338501749,2.589037895521083,0.23602197695774962
2023-08-22,0.3918766262166351,0.5179810637429016,0.49559984279479763,-0.15741706840360925,2.4897730455891245,0.2326737768308509
2023-08-23,0.4224267564111308,0.539353253196629,0.5337198734648043,-0.14944623843690485,2.600423043162211,0.24640330029594715
2023-08-24,0.38520129651588153,0.506259094957328,0.5037109566029401,-0.17254278870735718,2.604015459730485,0.22912920709382
2023-08-25,0.4027146089774485,0.5204293463098784,0.5048691134611776,-0.16363056360455308,2.5165188003913426,0.23779448517659518
2023-08-28,0.4151231360944494,0.5238183033822312,0.5179620508639504,-0.16438367971343282,2.5789504155284986,0.24564364115356607
2023-08-29,0.44598735086903196,0.5459906101629755,0.5592107470673948,-0.15327473826964688,2.727885994721605,0.263649251356495
2023-08-30,0.473709869652468,0.5477797736603056,0.5743886880790339,-0.15227051961276583,2.7645651351381333,0.2688538500861857
2023-08-31,0.47543806357746976,0.5429309920859402,0.5777487529600913,-0.13381850457227862,2.77151955770527,0.2669970047827339
2023-09-01,0.48792517256736967,0.5471677030185613,0.5718394579347579,-0.13312811621661813,2.70687097183552,0.2693602299543518
2023-09-05,0.4898098015036443,0.570187028527888,0.5731143407269279,-0.1384628482671194,2.709851396878693,0.26387420980886667
2023-09-06,0.43648465266872694,0.5670331665687105,0.5579360427552462,-0.1504504570937858,2.5965171746517925,0.2553778739157002
2023-09-07,0.3944683705532448,0.5530518440594561,0.567204867221573,-0.13482262746159734,2.5338501781588283,0.25152374062129534
2023-09-08,0.39933728882336017,0.5735767207319267,0.5801821495705413,-0.13243772786095764,2.482723593282066,0.25340846004593054
2023-09-11,0.40860472722798535,0.590852903457729,0.5864391236773738,-0.10187245695224123,2.4526137856865877,0.261651695345146
2023-09-12,0.384572641532692,0.561807703518451,0.5681318924522227,-0.1136090589984684,2.4290753577065574,0.2547306939995049
2023-09-13,0.3681591109244451,0.5820028001165922,0.5840055485869022,-0.09088906678245579,2.476074727878681,0.25619381734124036
2023-09-14,0.3801749715884606,0.5944307893733778,0.600111228749276,-0.09170500641211687,2.483411900998305,0.26702505758418127
2023-09-15,0.37444177417221325,0.5545112274824573,0.5920003826611655,-0.11888106329575043,2.354945727784528,0.25175950922963897
2023-09-18,0.39768828405002754,0.549050669319022,0.6013859330614251,-0.1214543376911722,2.3599896139804204,0.2524937064344006
2023-09-19,0.40632718892721686,0.5471203605379844,0.5994156921062572,-0.1362034041729181,2.325905224062579,0.2498961420965513
2023-09-20,0.3782117607792872,0.5100253216109238,0.5495937080795052,-0.15088983866900696,2.2280076327887066,0.23840566101959526
2023-09-21,0.36595991158506735,0.5041879349452569,0.5113575761556406,-0.188296073845984,2.134619129574362,0.21793649667681425
2023-09-22,0.37271418752598207,0.4923251149286503,0.5091565605329273,-0.18961412280408563,2.1799389587430538,0.2151982216310675
2023-09-25,0.3828452977979686,0.4948204459235297,0.5191207431622522,-0.17612018599209778,2.2267085031441645,0.220308298501104
2023-09-26,0.3504887561728349,0.4693995922224541,0.4896906370094747,-0.20932141116567404,2.2029408341915206,0.20238041421301367
2023-09-27,0.3384727740530653,0.47245965137850066,0.5125164469339631,-0.20932141116567404,2.2455083096928536,0.2028603494021084
2023-09-28,0.34051456673513747,0.4764614142242838,0.5330245153018063,-0.20932141116567404,2.292967331407003,0.20983379340523256
2023-09-29,0.34459863792229806,0.4863936314071784,0.5162240124164983,-0.20216652082863074,2.3243005372542855,0.2068976299671097
2023-10-02,0.3645464095189226,0.5148739561589519,0.554575977874189,-0.18748013421632292,2.4223498837128337,0.20641769477801497
2023-10-03,0.35394417237680575,0.4752840273160235,0.5344150531477809,-0.21722946549537825,2.3256756906907654,0.1902684831778778
2023-10-04,0.36383977994160444,0.5015045572651045,0.5669735571139638,-0.2029196848212914,2.3657212230941522,0.19893599476395285
2023-10-05,0.3736565627219961,0.5033876705919025,0.5650036731188384,-0.20944696243967476,2.415166804971484,0.19848420171643766
2023-10-06,0.3939186618102155,0.5405771004274424,0.5940859217100958,-0.1968945165313486,2.49724413754224,0.2127137619003283
2023-10-09,0.4056990197670429,0.5526284082083335,0.6038189727118328,-0.19501167837536826,2.4598734730182747,0.220477598051241
2023-10-10,0.4009867794197086,0.54589651330717,0.5996477161339517,-0.18735467870988431,2.4999953216127992,0.2268299494567132
2023-10-11,0.4120600219762016,0.5648677626744973,0.6284982976575573,-0.1726055164605762,2.5770293527860626,0.23185551056187914
2023-10-12,0.41920708582585586,0.5589362791530255,0.6101914233924488,-0.16946740498349466,2.5876516309150115,0.22434548972597357
2023-10-13,0.4045992379137229,0.5427898468022323,0.5915370485258626,-0.18540906491690368,2.474241384896173,0.21824722165590438
2023-10-16,0.4035782808448096,0.5659034161937013,0.6116976162922281,-0.1680866282721738,2.522692809494314,0.23106502907395865
2023-10-17,0.3912484570564614,0.5631729900856466,0.6188814371496889,-0.1748649605547774,2.3578495442373626,0.2310084767704037
2023-10-18,0.3809603044944312,0.553993253696518,0.5984892023156718,-0.19582752223746713,2.224722235380182,0.2146052711749955
2023-10-19,0.37797625807209867,0.559689936157489,0.5960556272252004,-0.1941330109924878,2.217461670850895,0.20393305636701142
2023-10-20,0.35771403752812514,0.5377997729178225,0.5711448136918458,-0.21440518431951705,2.1628964713849332,0.1891393132495518
2023-10-23,0.3586564127241394,0.5502746635761735,0.5815725089364954,-0.2056812382439328,2.284254712451699,0.18707805772408803
2023-10-24,0.3621118289281102,0.5559707579317958,0.6083375514111709,-0.19312879233560665,2.3368330593552793,0.19602806280754148
2023-10-25,0.34373460168767367,0.6037047696446489,0.45539454079589303,-0.23812929942484828,2.1928536465981363,0.17886260720592406
2023-10-26,0.3106714304852216,0.5435427686750101,0.41681099751056117,-0.24955202328607384,2.081812126496569,0.16474597294887916
2023-10-27,0.32111674679304936,0.5525812127540939,0.41553638243842306,-0.19827529324266902,2.0951092725049394,0.15946650718857414
2023-10-30,0.33737335656700695,0.5878872352101616,0.44206975784544666,-0.16708240961529253,2.1456241582558,0.17332870074968776
2023-10-31,0.34114297880681854,0.5916533148374206,0.4376668341999137,-0.16469751001465271,2.1165079231411124,0.18069765351716804
2023-11-01,0.36627411762090745,0.6291250352403757,0.4651270563575658,-0.14015745527966028,2.234580474400154,0.1932893410611345
2023-11-02,0.3945469524261429,0.639717106624603,0.47717713499586334,-0.13344185075027593,2.32483533539065,0.2161579133289926
2023-11-03,0.38732167107085225,0.6608065644319037,0.49583204530251357,-0.13011546024597453,2.439392663470154,0.2272536003626482
2023-11-06,0.40758352724756364,0.6783657728568069,0.5091565605329278,-0.12296056990893112,2.4964037822421243,0.23007683787392508
2023-11-07,0.42792445112019006,0.6971952888350779,0.5174987167286476,-0.10432018007366184,2.5119942151742274,0.23357763094627693
2023-11-08,0.43632748892292916,0.7097647174282453,0.5275787328917982,-0.10827423118040447,2.559299142510102,0.23448112770117535
2023-11-09,0.4325579881388717,0.697948798813204,0.5090401915590379,-0.11756301433764837,2.5880340890683002,0.2248536563967789
2023-11-10,0.46582192570284087,0.7402223993889592,0.5362689251290595,-0.09898544802316045,2.6938785057933003,0.2439674415970141
2023-11-13,0.45323983831323966,0.7261469800238998,0.5304754636375519,-0.10507339195010357,2.715659614582762,0.24278171936513315
2023-11-14,0.4740002703605064,0.743046775326482,0.5482029917535096,-0.08492667412951282,2.7948328383014833,0.26689256616842716
2023-11-15,0.47848259496534107,0.743754413087403,0.5597897362565036,-0.10124489211736165,2.736140716530082,0.26957455693101484
2023-11-16,0.4918513512742082,0.7744152854461206,0.5865546002511577,-0.1035670639647821,2.781383352310036,0.27112728842514455
2023-11-17,0.49169406607265653,0.7446033431583687,0.5677845703307669,-0.08881799748303609,2.7674742147765636,0.2727084300812497
2023-11-20,0.5055340707074081,0.7804058735551451,0.5786757781907415,-0.08285550906253147,2.8523796324074167,0.2825053796160466
2023-11-21,0.49916468805121683,0.7597923400013458,0.5870181128664826,-0.09685155520295985,2.8168428956643576,0.27971001622595315
2023-11-22,0.5044333172080551,0.7823397109682753,0.6046301644086571,-0.07921528825700952,2.7229962029039863,0.2846508828859846
2023-11-24,0.49389581598287013,0.780358531074568,0.5837738815192512,-0.07902700922978956,2.6511592751072905,0.285441543054169
2023-11-27,0.492480249168906,0.7859246541481095,0.5805298286520411,-0.07281360979640794,2.6867720356422873,0.2831262935334342
2023-11-28,0.4972773870883518,0.8052174501148832,0.5896833550246059,-0.07720694671080963,2.6545978896964897,0.2843967995505816
2023-11-29,0.4891775028478311,0.7870567569445137,0.5640766478881893,-0.08166301137843057,2.6789769653758353,0.2834933027956832
2023-11-30,0.4937385307813187,0.7873399296699519,0.5355737454460829,-0.08310661161053279,2.574278168715502,0.28854700604242867
2023-12-01,0.50388312264201,0.7665849567797707,0.5278107569194925,-0.07720694671080952,2.573895710562214,0.29616995280518
2023-12-04,0.48964935845248614,0.7412542302233958,0.49780166157760686,-0.09095189030323658,2.4779858490483226,0.2893658083521926
2023-12-05,0.5210262379650987,0.7571977662288591,0.517730383796299,-0.07814834184690911,2.5590003105279444,0.28911163567665765
2023-12-06,0.5123760377027786,0.7396503199109317,0.5064914968548255,-0.09296023184943647,2.4777566080757096,0.28391695370161907
2023-12-07,0.5277106768474096,0.749792343677004,0.5865546002511575,-0.07814834184690922,2.5612935974516775,0.29371354587588816
2023-12-08,0.5390343611688444,0.7652640721664077,0.5640766478881891,-0.07475922358938847,2.6308445483046348,0.2992755051335718
2023-12-11,0.5191386940907261,0.751442861338359,0.5443794142571272,-0.08436183704785294,2.563662908167348,0.3043291190401851
2023-12-12,0.531170344002774,0.7659715629009918,0.5354579119122567,-0.07438266553494866,2.6423852523200364,0.310286319041829
2023-12-13,0.5567281568809948,0.7659242204204149,0.5360374365414287,-0.06584699848658437,2.6753257765684095,0.3283553607384768
2023-12-14,0.5579076137090004,0.7261125758609959,0.5287374251900994,-0.07475922358938847,2.6953507357641007,0.33261867183743377
2023-12-15,0.553661156178616,0.7487544847627423,0.5363847586628852,-0.058754835902760205,2.736622005612889,0.3304245675356887
2023-12-18,0.5404496850713001,0.7578110130813014,0.5734618413284056,-0.03302228348366687,2.827343828125405,0.3379080543523909
2023-12-19,0.5487067330576185,0.7606887595792258,0.5833107258639687,-0.03477971401698976,2.791192468264447,0.3460439028129445
2023-12-20,0.5321140552120833,0.7482351877397682,0.6028919474811836,-0.04526099485833457,2.6770836805573777,0.3273912020339522
2023-12-21,0.5309345983840776,0.7620093501399143,0.6269924617178211,-0.034465883715769086,2.744265320694665,0.3399774398298667
2023-12-22,0.5224416833233092,0.7669150309067745,0.6393898624775749,-0.0371018858644101,2.7320360165638244,0.3426702407484261
2023-12-26,0.5181162795527638,0.7672925945406921,0.639737541559074,-0.03716461361762935,2.766352863845477,0.3483398548651675
2023-12-27,0.5189028270162759,0.7645096800302584,0.6264125801286067,-0.037603995192850515,2.7769002877792874,0.35077776838713604
2023-12-28,0.5222843981217578,0.7702168013611701,0.6247905536950016,-0.03735289264484909,2.7849254762159514,0.3512879898809782
2023-12-29,0.5140274715911934,0.7738015975146673,0.6185337580681904,-0.046390669021653785,2.7849254762159514,0.3473760535211705
2024-01-02,0.4598452094996355,0.7494143389640748,0.6009220634860586,-0.0590059384507613,2.68144013623463,0.33983565704038554
2024-01-03,0.44891455599844865,0.7481409438576259,0.6096124342033413,-0.06816917033400449,2.6356594859271136,0.3288936350337668
2024-01-04,0.4305131590629474,0.7355934221887006,0.5802979831043684,-0.09264640154821557,2.6684470853940114,0.32461317062946615
2024-01-05,0.42477255284570026,0.734697296663495,0.5726506496315826,-0.08844134366103373,2.7524428491144053,0.32642731134982284
2024-01-08,0.45921619014918313,0.7674340338770738,0.6086854089726914,-0.06421511922726175,2.9936531829699633,0.3453634883676455
2024-01-09,0.4559134438281083,0.772622740343035,0.6331328883707426,-0.04996816207395649,3.061446229833952,0.34332251305214534
2024-01-10,0.46417037035867237,0.8055473772155497,0.6485430318900971,-0.03515627207142913,3.153925371537037,0.3509195511766172
2024-01-11,0.45945205722363336,0.8143216149666934,0.6462258257735154,-0.026055767941405183,3.1900001228076578,0.35032427787711273
2024-01-12,0.4620472023213573,0.8324348186301487,0.6528301220018045,-0.029570437472926647,3.1814395514362293,0.3512596690591345
2024-01-16,0.4440390791176121,0.8409254425768427,0.6509766069805689,-0.03873366935616984,3.3092296977001574,0.34629879020953513
2024-01-17,0.43656821422754355,0.837152011632724,0.6391581954099232,-0.04783417348619379,3.284084536117436,0.338815214052701
2024-01-18,0.48335831475768565,0.8579069845229055,0.6624471609896943,-0.03659977653596924,3.364641100450231,0.35072103740331695
2024-01-19,0.5063995644110815,0.8805487463983146,0.6960483452403317,-0.025051549284524244,3.546848199785841,0.36755932944155667
2024-01-22,0.52472225801793,0.8703601152833513,0.6915295880609729,-0.028566218816045597,3.5593058676916955,0.3704509121538122
2024-01-23,0.534866485511359,0.881633653740479,0.7036953217530748,-0.02078366787656105,3.576043967482864,0.3744477216390183
2024-01-24,0.5295190315701135,0.8988983684119798,0.7229288642887906,-0.015448935826059773,3.6898469056269825,0.37595024397896504
2024-01-25,0.5269241293838978,0.9097946372878642,0.7596586248328545,-0.009925828980776541,3.7093361894887105,0.3834339988160629
2024-01-26,0.5131624637105368,0.9053606170107271,0.7633665472754323,-0.00132743417919301,3.6645488192627855,0.3816763210591292
2024-01-29,0.5077360635291304,0.9326722294081349,0.778660857260961,0.012103679112013266,3.7741482265111275,0.3926184324058799
2024-01-30,0.47871858349554564,0.927342083605792,0.7549083790658653,-0.0020805502880728577,3.797764432678294,0.3915412584343769
2024-01-31,0.4500942557379626,0.8754073824129305,0.6232841823152011,-0.025930216667404915,3.7024574983143124,0.3688349278462275
2024-02-01,0.4694393638827734,0.9046534203288175,0.6355664634612144,-0.0003232155223120703,3.8171016689561466,0.38675057253623435
2024-02-02,0.4614967648438042,0.9397481659383353,0.6497020811484417,0.07831785043194617,4.056554683621136,0.40134937548567384
2024-02-05,0.47588769277912557,0.9134739713761779,0.664764188626255,0.06890351600070166,4.2989881233292975,0.39624680318672545
2024-02-06,0.4886269439145243,0.9127189911346798,0.6696309818471555,0.06162307438965753,4.214227443302327,0.40030070101627846
2024-02-07,0.48949219470668903,0.9530971281713123,0.6863152942385953,0.07028429271202241,4.357607730099157,0.41197960043161874
2024-02-08,0.48092033340575946,0.9533801538704136,0.6906023843503024,0.06595368355083986,4.322604037097264,0.41260328389309864
2024-02-09,0.4869832831943719,0.9837578535036933,0.7264052981437383,0.09488707520023398,4.513065858241351,0.4207673638353635
2024-02-12,0.47359776599143966,0.9588046905812362,0.7093725927507146,0.08164424093624745,4.521854208589393,0.4201436803738836
2024-02-13,0.456983833388938,0.9166344495205294,0.6816807035254109,0.058422235159356406,4.512683400088062,0.40058399857484495
2024-02-14,0.44997607928922934,0.9351593269281318,0.690950241911823,0.07310857388788294,4.648116276635365,0.4133121085003728
2024-02-15,0.4476927111122644,0.9213129745964226,0.6542208383278014,0.06570267677040031,4.553191215626272,0.42306349456785064
2024-02-16,0.43548822966214096,0.9094983792184161,0.6281507970560813,0.06388251848385829,4.549751431440274,0.4159767672773529
2024-02-20,0.42958292944234255,0.9034967641341021,0.6351024154058265,0.04863134267367197,4.3081589318306275,0.4081811260394488
2024-02-21,0.4355669329907941,0.900614018740713,0.6516716081835254,0.058108404858135954,4.15683006518747,0.40945672444411985
2024-02-22,0.45170840270987034,0.9453670714669304,0.6695146128732665,0.09570301482989496,5.0025947504986785,0.4386261882014191
2024-02-23,0.4371418497541293,0.9391763805129831,0.6680087769335299,0.09827628922531662,5.023918254540513,0.43961831036725973
2024-02-26,0.4264330959156719,0.9259438631390646,0.5939706236163358,0.09664440996599444,5.044936493817795,0.4343456344569865
2024-02-27,0.4380078292808187,0.9256606904136264,0.6091489215880175,0.08917568932773046,5.015051541206933,0.4370101145537024
2024-02-28,0.4284803541066784,0.9267948515787514,0.5801821495705435,0.08679078972709076,4.935718375125942,0.4351110113678154
2024-02-29,0.42320480197185684,0.9547714640992937,0.6042824853271596,0.10938513490154045,5.04646515683415,0.4402701359703187
2024-03-01,0.41462225256456686,0.9635614336685174,0.5889879968616094,0.11854846255234586,5.288516138389023,0.4537918542883872
2024-03-04,0.37871750253933456,0.9608208627431962,0.545074772420127,0.11453168369238398,5.514592766862506,0.4522327796448855
2024-03-05,0.3395053908743717,0.9028349985903859,0.5371959503597108,0.09281591013325241,5.570465575549804,0.43771902850110855
2024-03-06,0.3316314143364656,0.9001885245208696,0.5224809865233329,0.0889874103005106,5.7795859744290965,0.44500435890503875
2024-03-07,0.33068673148112326,0.9335054276610213,0.5570090175245987,0.10976178872354247,6.0829472201900385,0.45934809577762303
2024-03-08,0.3443084801257681,0.9197059767308775,0.5689432626290702,0.10053573331951782,5.69000655559005,0.45058865319572194
2024-03-11,0.360213718403132,0.911671869561175,0.5951289589545952,0.07925934133560752,5.555942692096032,0.4493414649530263
2024-03-12,0.3639933000147795,0.962521516385535,0.6047456409824425,0.10078674009995692,6.025164459929897,0.4649323900683062
2024-03-13,0.34745819219668483,0.9616709690248597,0.6196924503664936,0.10812990946422008,5.946820187942501,0.46263625933581887
2024-03-14,0.3621821518097317,1.0094961370667743,0.6580442373441628,0.12187485305664714,5.721803214168956,0.4597449446439592
2024-03-15,0.35919008930762897,0.9679091494857213,0.6357979520488464,0.09469879617301369,5.713624223753217,0.44972142853441466
2024-03-18,0.36785146349932574,0.9721623273681081,0.7111109881582105,0.09507535422745339,5.76085897528115,0.4583373015241947
2024-03-19,0.386433950964181,0.9914908507348199,0.703579666699272,0.1039875793302576,5.832935378022451,0.46644143423788864
2024-03-20,0.406827100811068,1.009543038468339,0.7233929123441809,0.11810908097712436,5.90738255347542,0.4800051424179961
2024-03-21,0.34934780081887773,1.0291076861325865,0.7101839629275606,0.11810908097712436,5.988629179919653,0.4848957999238448
2024-03-22,0.3565132044874002,1.0261306968570554,0.746913723471625,0.12262796916552676,6.206769509313199,0.48208113906523975
2024-03-25,0.3452535273483732,0.9983427191271348,0.7388030558635357,0.1279000692303709,6.261264532971218,0.47798605543483563
2024-03-26,0.3362773398420651,0.9926248648736078,0.7457550311733232,0.11905057188078594,6.074691621183963,0.47525635704176095
2024-03-27,0.3646232910112648,0.9915849475906251,0.7480722372899049,0.1286531853392503,5.898055603801416,0.4876542658394232
2024-03-28,0.35021378034556716,0.9882298065758273,0.7487672384928603,0.1321051271175524,5.906159155223617,0.48736989619927273
2024-04-01,0.33879693946074263,1.0064240217510774,0.8016023222392559,0.1358080756762936,5.906694245759182,0.48478198059567923
2024-04-02,0.3294268709439081,0.9916324370975393,0.7908267694330857,0.13405074091053293,5.837063469924689,0.4753417662079513
2024-04-03,0.3358047555028858,0.9869540590479835,0.7949980260109668,0.1448458520530984,5.7997644432046656,0.47696239620239966
2024-04-04,0.32926958574235643,0.9748088014376246,0.7441328262596965,0.12972013174935038,5.565955610292679,0.45893445096647123
2024-04-05,0.33525358929080773,1.0109134709573375,0.7669586361841851,0.16154062809538683,5.726693883184174,0.47417569880511
2024-04-08,0.3263561051131525,1.0065187067122316,0.7941868343141427,0.16229374420426645,5.65981575341624,0.4750003975635859
2024-04-09,0.3359621621601916,1.0145050303223457,0.8144634140943554,0.16530630440734728,5.523841353550977,0.47670679408475247
2024-04-10,0.3210804315225768,1.0002333307971307,0.809133643698194,0.16706363917310796,5.652630920279691,0.46192001949758876
2024-04-11,0.3782447967444016,1.0223027191418383,0.8470220965405599,0.18651996863803832,5.926031189637833,0.47295307909871354
2024-04-12,0.3901345863356678,0.9938063685193106,0.8275559945370861,0.1681934091039896,5.740298633150694,0.45262176657960596
2024-04-15,0.3597413769754616,0.9547714640992946,0.7943028463279902,0.15244002819780067,5.573293660609902,0.43442309235142873
2024-04-16,0.33367879398322664,0.9592137178513149,0.7889727189717863,0.1505572379256015,5.681369668027484,0.43180712394638765
2024-04-17,0.3228127549432178,0.9462648142818464,0.801370655171604,0.13775368946927413,5.423027372658678,0.4233334804467488
2024-04-18,0.3152538346314311,0.9104908069944859,0.8076269153583513,0.12482468550650827,5.47163757002229,0.420404464219186
2024-04-19,0.2991911896967614,0.8861530963195285,0.7853809870230772,0.09601684513111475,4.8241756827959845,0.40800682344191963
2024-04-22,0.3058051842416978,0.8948485279539358,0.8107556701317993,0.11233496735140136,5.077779941531849,0.4209732928396186
2024-04-23,0.3141513807515208,0.9260860376071338,0.8336973135901138,0.12683302705270805,5.299816782661422,0.43783534935296986
2024-04-24,0.3308442595941834,0.9331269818690817,0.8437776867133073,0.10831818849143948,5.089932637072351,0.43715288008463515
2024-04-25,0.33769436412507803,0.8857750916065992,0.8075114387845681,0.08999162895739077,5.315792305339611,0.43169330461822164
2024-04-26,0.3330490458982496,0.9201788134312989,0.9923178629230631,0.12733513638114857,5.705827691490766,0.44525710213846126
2024-04-29,0.36611914007868473,0.9009446809730663,0.9251156729018097,0.13574534792307413,5.7075101564861965,0.4503754876407735
2024-04-30,0.3411588895106059,0.8398875836625823,0.8860687062411636,0.09833901697853498,5.603942944728941,0.4273996178743855
2024-05-01,0.3330490458982496,0.8663995198119847,0.8985821190147647,0.1234439087951873,5.347052118987754,0.42276465182631595
2024-05-02,0.3624183832514445,0.8801039917283,0.930561276831797,0.1593439117544051,5.5592304286981555,0.4360724005282486
2024-05-03,0.44391325095637146,0.9217855172441696,0.937745276169279,0.16869551843243058,5.786388349412358,0.4538727964479776
2024-05-06,0.4307638437393977,0.9542989214515487,0.9477096372786253,0.18432325229705682,6.042514258846969,0.4688867629908131
2024-05-07,0.4361965596200168,0.9344503659301768,0.984207195314974,0.18469981035149674,5.921291398609693,0.4705077503457895
2024-05-08,0.43887393026326227,0.9401216128348131,0.9625404346488293,0.17992991538265524,5.910438709911331,0.4706499798359307
2024-05-09,0.4532831980174521,0.9485332836384333,0.9692605644109442,0.18934424981389997,5.783177806198973,0.47912362333556957
2024-05-10,0.4432696569154282,0.9599697272771732,0.9540822664392625,0.1766662526315732,5.869622705616572,0.48102889099056423
2024-05-13,0.4687368638010949,0.9551491747595493,0.9597595374369017,0.170954962526632,5.90944513743054,0.4812278514645245
2024-05-14,0.47780402166721925,0.968570768003101,0.9736634880564774,0.17409307400371365,5.98259172124297,0.4880242233260279
2024-05-15,0.4958598769823235,1.002989045435183,0.9988061471375049,0.16731474172111005,6.232830465189575,0.5064499108296128
2024-05-16,0.4968058958509607,0.9930944669946107,1.0181558801670891,0.1525028517185827,6.212118075475243,0.5033503442900653
2024-05-17,0.4970423702041813,0.9894016064832751,1.0399388313271025,0.15921836048040494,6.068424336736268,0.5055116607633672
2024-05-20,0.5062674205506277,1.013688299019226,1.0499030139564272,0.1519379188693608,6.244295437812238,0.5072462887662454
2024-05-21,0.5165963822460333,1.0312057519643654,1.060679102202661,0.14949019574793976,6.290615564643315,0.5109424687072774
2024-05-22,0.5051633877459143,1.0382122920634096,1.0436463968096374,0.14936474024150126,6.257290827846455,0.5065923190000183
2024-05-23,0.47346768687880525,1.0215474448476658,1.0108565827358453,0.13631018500473457,6.933644680001232,0.4955875802207368
2024-05-24,0.49790980719991973,1.0365081097889783,1.0275414305673487,0.1344272989649733,7.137719438289434,0.5054830719211276
2024-05-28,0.49798863198432675,1.0372654424518712,1.0438785993173534,0.14321397279377668,7.7057674572556145,0.5065354986760671
2024-05-29,0.5003539827953052,1.0318209101591904,1.0380847808658031,0.1423981289316778,7.776391805570897,0.49598603720944867
2024-05-30,0.5082385259838176,0.9631738722436709,0.994171734904342,0.12545234610894984,7.445819890280115,0.48606177798655414
2024-05-31,0.5158077700347024,0.9653516263502084,0.998690670563722,0.10737679335534023,7.379552290041284,0.49959698666455443
2024-06-03,0.5298423467875122,0.9577288988719783,1.0064538375703336,0.11930157866122504,7.789766729766404,0.5008195170308185
2024-06-04,0.5323654686230583,0.9698019665507744,1.0136374799477732,0.12557780161538812,7.899601810769754,0.5024975033900099
2024-06-05,0.5443498722467635,1.0073920431551717,1.0324078668282066,0.13775368946927458,8.358425863060088,0.5203548089738215
2024-06-06,0.5333904337318565,1.0098065096645938,1.0477021768137353,0.16110124652016622,8.248210078298648,0.52032657749211
2024-06-07,0.5523920650040899,1.0066344164396042,1.0214002899943422,0.15670790960576442,8.239803601305494,0.518477951480802
2024-06-10,0.5226673481144164,1.0256665347105303,1.030100120152754,0.17403025048293208,8.308746069423748,0.5231699165330865
2024-06-11,0.6332874271068096,1.048438414894357,1.0487759126218967,0.17509719689303238,8.242243965026708,0.526838043672671
2024-06-12,0.6799645737856446,1.0881117076704756,1.0623478904018482,0.17296330407283178,8.570166743567647,0.5393780032802107
2024-06-13,0.6891893812205827,1.090573810713149,1.0318401218804407,0.15375807715590262,8.907262669803515,0.5424775698197584
2024-06-14,0.6753915217325017,1.0952607162902623,1.0507479383772775,0.15269113074580232,9.0807805421198,0.5434159985662681
2024-06-17,0.7083486620616299,1.1227196490775397,1.0559683005203802,0.15520158162044284,9.011986027996628,0.5557002667160287
2024-06-18,0.6895835051426176,1.1131088314677542,1.0310278593034892,0.14735630292773894,9.363604252887868,0.5596526741556318
2024-06-20,0.6532356845264506,1.1100790597371697,1.0450640636188506,0.1680051300767702,8.996695889042678,0.5554156290554826
2024-06-21,0.635968562878432,1.1293947918125453,1.0836917807094548,0.18670824766525884,8.67488776256716,0.5533304303746434
2024-06-24,0.6410936313339313,1.1194053813844818,1.0789356451017627,0.16467873957246892,8.028213598785012,0.5482811047943659
2024-06-25,0.6484262795758409,1.1349341560927169,1.1347313554415388,0.16951136229452968,8.63819751098104,0.5542431291631376
2024-06-26,0.681383784272231,1.1406627432688592,1.1329915321938735,0.21513952998621266,8.661894126928141,0.5561835968301398
2024-06-27,0.688085469871623,1.1439293744286654,1.1507392285522386,0.24175074978818656,8.47767502869897,0.5586366981745481
2024-06-28,0.6606472790085207,1.1159968698092815,1.112923774038586,0.21288008589201168,8.443278356435783,0.5525031407523395
2024-07-01,0.708979503248393,1.162298256892503,1.122667533841601,0.23767114740744333,8.50137281424287,0.5556983012331251
2024-07-02,0.736733357616385,1.1743710305186248,1.1487675597569003,0.2552445908326124,8.376776252038741,0.566167535261209
2024-07-03,0.7468254805913077,1.1814249130982462,1.1554951856799094,0.2401188705288646,8.805600146433507,0.5731566137874327
2024-07-05,0.7845925116940615,1.2135710455153115,1.2109426814981226,0.2552445908326124,8.618323722171626,0.5822283894707998
2024-07-08,0.7962617376358934,1.2073218380791606,1.1927311155643903,0.25078843039742926,8.799483739972889,0.5840545017688441
2024-07-09,0.8030426123869545,1.1756017879872878,1.1921508770151328,0.2511022606986497,9.042561627517326,0.5855947256444942
2024-07-10,0.836946014496228,1.2073687394807262,1.2176708428611955,0.2539265418745107,9.312391117847977,0.6012841035852363
2024-07-11,0.7942906322027039,1.1526877333353927,1.152595420773793,0.2241773063630177,8.73833429532669,0.5874773009059615
2024-07-12,0.8177079088707742,1.1472433480690487,1.1467957124815396,0.22066263683149634,8.878982988799345,0.5974903642200624
2024-07-15,0.8481421702758642,1.1491843897727017,1.1637311462629527,0.2095536953877104,8.817830620161148,0.6018837545512088
2024-07-16,0.8514537828669881,1.1281640343438828,1.1334555802492612,0.21143658142747168,8.658836216097033,0.6113831121063196
2024-07-17,0.8046194724423559,1.0997581049187302,1.0998156658340008,0.1794905338074344,8.019040451090083,0.5887895287647522
2024-07-18,0.7675619858550184,1.0848452235370059,1.0611879487433966,0.15325596782746276,8.256001347375502,0.5765801276456062
2024-07-19,0.7685869509638166,1.0694111337899241,1.060839912701855,0.14936474024150148,8.014456216436217,0.5661105362569943
2024-07-22,0.7658274762308035,1.097012094018932,1.1073557328139834,0.14572451943597953,8.443278356435783,0.5822573356735676
2024-07-23,0.7741060218855964,1.1060548018617946,1.1087476985001286,0.1699507438697514,8.370661599973323,0.5797751094461281
2024-07-24,0.7230929047856101,1.030542663183613,1.0024922950174835,0.13492940829341404,7.733158829490906,0.5439733023096742
2024-07-25,0.714814237675063,0.9808327645251915,0.9404328283300656,0.1287787366132518,7.582574996008741,0.535928580783759
2024-07-26,0.7185199741882211,1.0133571957078602,0.9371848489023866,0.14541068913475907,7.6421969472353855,0.5531303084789676
2024-07-29,0.7207276754303855,1.0202694919247621,0.9665326757653434,0.14980402604916065,7.5298314435572955,0.5540437219885177
2024-07-30,0.7251431993704684,1.002231712772288,0.9753486964176235,0.1404525151386975,6.929020679056197,0.5461701761555113
2024-07-31,0.7510042872666616,0.9805959050959694,0.9898484133483094,0.173528141154492,7.944894446812867,0.5713022700076773
2024-08-01,0.7216736942990225,0.974725143451759,0.9808007256283775,0.15526440514122464,7.347906509449455,0.549051216732191
2024-08-02,0.7335005698096682,0.933915484115458,0.9332407973916246,0.05377779569695318,7.1996139160966255,0.5202107926810413
2024-08-05,0.6500031396312411,0.870760026920522,0.8472857115320254,0.01059744689425357,6.678300646026784,0.4759363247864006
2024-08-06,0.6339183897493263,0.8918752143368318,0.8361496290828225,0.016308736999194773,6.968768841473427,0.48954380963118727
2024-08-07,0.6543397173311629,0.8862882135234085,0.8436896960628051,0.021580837064039127,6.560585406589851,0.47958774532130133
2024-08-08,0.681856490067164,0.9064566983545175,0.8795333033010981,0.04059778495374822,7.0238048036510055,0.5137922402377586
2024-08-09,0.7049587105091148,0.9222217443866261,0.8985569533317612,0.047752675290791746,7.006989510471099,0.5204673775401405
2024-08-12,0.7171147311133548,0.9259619473785385,0.8825494371811042,0.04687400790791152,7.333383041197283,0.521266078320205
2024-08-13,0.7466372241724621,0.9600489744729197,0.9042411850502312,0.06840140667226113,7.877629180504449,0.546284174163941
2024-08-14,0.7501895620682,0.9735417284636743,0.8602776292427412,0.06758556281016226,8.025922358655679,0.551162145371046
2024-08-15,0.7738703977226542,0.996876425466285,0.8710654971703811,0.1145944114456039,8.391300305089315,0.5777494112931998
2024-08-16,0.7843690331065292,0.9847349905406932,0.8903213497087596,0.11126802094130239,8.522775266068642,0.5812869231598026
2024-08-19,0.7831058932639527,0.999247960285246,0.9333569878854935,0.11854846255234652,8.937074522614436,0.5964063110583957
2024-08-20,0.7880000743309197,1.014757033464297,0.9392728866716151,0.12269079268630922,8.72686756830883,0.5938106228633182
2024-08-21,0.7871320300564106,1.011626695719071,0.9238450736301513,0.13041052010501253,8.822416609210213,0.5992873516350756
2024-08-22,0.7723706620711028,0.97088569768224,0.9000651095117747,0.10543117956236103,8.458566156196133,0.5867355991301124
2024-08-23,0.790605057344725,0.9767670452227284,0.9211771542717084,0.11114246966730201,8.888917544010454,0.6035953328000316
2024-08-26,0.7932888651429373,0.9611155035229348,0.9274409106193504,0.10147712845561818,8.666479531178808,0.599772468551826
2024-08-27,0.7999984453663453,0.9627755778962073,0.9102727388901573,0.08653968717909022,8.807129394248262,0.6019691637173992
2024-08-28,0.7878424247621054,0.9474085321588868,0.8890453960364615,0.07197889972456428,8.601507259394921,0.5926693920171726
2024-08-29,0.8138915261656359,0.9593604501358339,0.8766335383949821,0.08026346422492714,7.988465436367784,0.5928119788678416
2024-08-30,0.8076555019274396,0.9784268255433264,0.8951934973302988,0.12030579731810742,8.124527555992975,0.6080171332931534
2024-09-03,0.758477702727566,0.9419071006737112,0.8253615826751612,0.10618429567124066,7.2554159641775815,0.5749257270812627
2024-09-04,0.7433218464529614,0.9393460489061054,0.8148059172552371,0.08785773613719194,7.1185900978426115,0.5717023351187656
2024-09-05,0.7553992851843025,0.9369270245802301,0.8239697954690377,0.11647729748536562,7.19502851184596,0.5678791135100323
2024-09-06,0.7430851291882323,0.9051974177764395,0.7506585912786123,0.07568184828330571,6.860226164933024,0.5414916121230269
2024-09-09,0.7437955238939273,0.924263646157595,0.727311798171939,0.10084946785317705,7.138464471450426,0.5587505175027145
2024-09-10,0.7374805534155702,0.9644829947500568,0.7267310241826179,0.12689585057349118,7.263059279259355,0.5655398314937901
2024-09-11,0.7576095369973028,1.0064096131700313,0.7557693666886347,0.1580886863170865,7.936486800222916,0.581600864383645
2024-09-12,0.7584777027275658,1.025191492615051,0.7967710465425952,0.1736536924284935,8.107726297974658,0.5949227288264334
2024-09-13,0.7563465186104805,1.0422180246202952,0.8289454615029337,0.1704528531981926,8.10466721754675,0.603252802733951
2024-09-16,0.7075634506114119,1.0457750327960622,0.8359145708947666,0.16041085816450673,7.927313652527987,0.6056208522726967
2024-09-17,0.7112736809874716,1.0638453047690568,0.8505501111216645,0.17290057631961364,7.836343583094873,0.606276787521828
2024-09-18,0.7420590709776471,1.043261323509034,0.8562416605210079,0.17007619937619056,7.666634502754684,0.601512814323153
2024-09-19,0.8066292008053462,1.0806349773450799,0.8833051215913028,0.19166642166132153,8.010639237282527,0.6288416033408921
2024-09-20,0.8013405314490825,1.064414149667666,0.9001473888015958,0.20252435632466836,7.867685853317349,0.6260259597408351
2024-09-23,0.7876845322817831,1.0560670234260745,0.8799370251092868,0.2168341369987552,7.887562566118762,0.6300893276243797
2024-09-24,0.7947887222502423,1.0354831891923886,0.8850474435592666,0.21733624632719573,8.239976701631754,0.6347534185554806
2024-09-25,0.7868949484244188,1.0494271670119955,0.875755238210149,0.20836119770361017,8.441792968500996,0.6311478295082951
2024-09-26,0.7959729158526576,1.045632711301658,0.8901580404892675,0.19976280290202664,8.482308971216801,0.637614982983385
2024-09-27,0.798103978513989,1.0300289531614526,0.9043288187406919,0.1797416363554365,8.28049211954916,0.6352397862340795
2024-09-30,0.8392303543192254,1.040842446209496,0.9263982303348968,0.16944863454131154,8.283550615178669,0.6417927062358877
2024-10-01,0.7856321729491049,0.9952639876262639,0.9396391276753302,0.1619171861498283,7.944131284901493,0.6270848189852785
2024-10-02,0.7901316228152666,0.9783796300890875,0.9265140638687226,0.15959491853484575,8.085557175447116,0.627771487239817
2024-10-03,0.7813695618034262,0.9755812778132484,0.9265140638687226,0.142021570877239,8.391338901783687,0.6247959248034831
2024-10-04,0.7902892723840804,0.9733044279554415,0.9404521041723672,0.1705783087046313,8.549580670307616,0.6395606323780432
2024-10-07,0.7499524804362083,0.9423814076375043,0.8930619104358737,0.13474112926619508,8.763627995702896,0.6247383897584762
2024-10-08,0.7821589027492819,0.9669017250232586,0.9093237606168882,0.14679146584608072,9.158852298053025,0.6401045351016483
2024-10-09,0.8119179916173642,0.9799444313958579,0.8800528586431133,0.16216819293026785,9.140506002663166,0.6514643115654908
2024-10-10,0.8079710439765755,0.9722611290667034,0.8826081571081137,0.17145697608751198,9.305627339559091,0.6485745156558751
2024-10-11,0.7962096331173865,0.9745376848718363,0.8960819708763483,0.18507646417350054,9.304863592849314,0.6584466002416827
2024-10-14,0.8258109509609006,0.9879126707664971,0.9160601320609418,0.17704281068601468,9.554841516709732,0.6720098617211303
2024-10-15,0.8459400559983872,0.9860154429113284,0.9218682289141962,0.17798430158967626,9.060237743941338,0.6590189131272635
2024-10-16,0.8295997632098591,0.9735889239179147,0.9183834064982477,0.17296330407283333,9.375192617972838,0.6662293765005791
2024-10-17,0.8325207740958167,0.9764349127270053,0.8924809579665314,0.1769800829327952,9.467693689615905,0.6663724993920404
2024-10-18,0.8550175376036095,0.9832644331160667,0.8981728643259173,0.18614341058360084,9.549488272160492,0.6727822965023873
2024-10-21,0.8667001236783918,0.9862052539126482,0.9057229261870925,0.18664551991204137,9.985993493533002,0.6700354448039689
2024-10-22,0.861806064067179,1.0276102228882533,0.918151203990532,0.19059947525122167,9.976820345838073,0.6691484759734903
2024-10-23,0.8215485827267301,1.0138085665630516,0.8907389929586105,0.15928118400118785,9.66874504017857,0.6538966859992756
2024-10-24,0.8200484827079166,1.0144249009685744,0.8900422069554421,0.16976246484253266,9.73372315994645,0.6574736862042219
2024-10-25,0.8266793596026718,1.0306455816196514,0.9196611449707586,0.1788629689725567,9.8201060707337,0.6569008372778491
2024-10-28,0.8423874751911411,1.0232467752529697,0.9365034121810516,0.18237763850407807,9.742131391334803,0.662023421766365
2024-10-29,0.8445190236754887,1.0486682170593937,0.9708845541247848,0.19769163783504595,9.797936363407757,0.6647130957803045
2024-10-30,0.8163386166991187,1.0514192268546556,1.026405583711775,0.20961642314093099,9.651925068611469,0.6596769925395627
2024-10-31,0.7832640286557819,0.9272518094347546,0.9874942618673195,0.16988792034897138,9.14891540364832,0.6271419966697571
2024-11-01,0.7595827071783114,0.9463174497105611,0.9895851553168886,0.24225276334906654,9.350731670517561,0.6340093939361993
2024-11-04,0.7524783957540981,0.9372587159969441,0.9657737787147627,0.2287589223046409,9.400420820928295,0.6304897500959961
2024-11-05,0.7638453183239902,0.9514873368053609,0.9715813401279532,0.2521064793555323,9.695499566956782,0.6502055091056358
2024-11-06,0.7580830929825142,0.9928452573530633,1.050216960313901,0.2997429885934151,10.131239872022716,0.691238895691644
2024-11-07,0.7956570094362587,1.0177449026887815,1.099465844992248,0.318320650675465,10.381216626286335,0.7043156108122293
2024-11-08,0.7935233962040915,1.004038078351071,1.071589228944895,0.30658404862923794,10.285660567804156,0.7116981432797731
2024-11-11,0.7719499393389204,0.9825531196967148,1.0948200100377208,0.29817393285487426,10.104484175647706,0.7133291367295334
2024-11-12,0.7719499393389204,1.006362270689455,1.109571026838402,0.3111657603384217,10.336113464924667,0.7080067877058691
2024-11-13,0.7789830776912345,1.016654261319467,1.0777451833596694,0.343739372793338,10.181693938740025,0.708836757532133
2024-11-14,0.8034803389247076,1.0246695491180082,1.0394148139845565,0.32729560353148845,10.21915261542312,0.6978486360174032
2024-11-15,0.7780348726190238,0.968277156407721,1.0035237310605964,0.27162553657368194,9.853743674674309,0.6761014610863874
2024-11-18,0.8019000781081922,0.9718816540904023,1.036162372556345,0.26591415070117863,9.713845862346643,0.6829692157133576
2024-11-19,0.8039543807329359,0.9815098208079767,1.0689172045459618,0.2841779824820079,10.238262657522757,0.6891213558830218
2024-11-20,0.8096440969892178,0.9706013487461049,1.0440610058991262,0.27332014358622314,10.152643493445284,0.6896933114080748
2024-11-21,0.805851033788866,0.9620944048759821,0.9470733560026801,0.2450771402924894,10.212271877454322,0.6987641936901219
2024-11-22,0.8165192214054557,0.981721685759875,0.9137370361036568,0.23716903807900414,9.851450095351375,0.7040295437095712
2024-11-25,0.8402265344143021,0.990228188550986,0.9473053800303743,0.2643450949626378,9.398127241605362,0.7098098502498584
2024-11-26,0.8575328862708929,1.0339494104427667,0.9643798497483831,0.30457570708303794,9.46692877330933,0.7187376096404443
2024-11-27,0.8565053705912586,1.0101880430096148,0.9656579451809368,0.29127014506583215,9.346143342274898,0.7135296159857378
2024-11-29,0.8754710509602799,1.0124215200979494,0.9624053252727041,0.3047639861102578,9.568600653453728,0.7241743140330665
2024-12-02,0.8933305123210142,1.0481593589063598,0.991908072794152,0.3224629808094275,9.597651098748468,0.7272647678791502
2024-12-03,0.9175116242265808,1.0492045691374816,0.9901659293062097,0.33959704265937507,9.722256432928589,0.7280657915026467
2024-12-04,0.9203564823547217,1.0787643612569435,1.0253604047070226,0.3692208226644298,10.095309858355975,0.7387960773964295
2024-12-05,0.9205938068982213,1.1034762539600629,1.005265696068518,0.384220991694177,10.089958953000332,0.7359346916487894
2024-12-06,0.9190130602586895,1.1079909916963206,1.029309632138402,0.42489088962223653,9.889658483582657,0.7392254460708134
2024-12-09,0.9499115255559263,1.1196340073388202,1.039310224692073,0.4189912247225134,9.612140063895069,0.730269097837988
2024-12-10,0.9579719366763666,1.1068503613723593,1.1532706106943849,0.41240117146712985,9.326215752012725,0.724889392449581
2024-12-11,0.9478569800196743,1.133748829762248,1.2722311144935108,0.445163062949266,9.650365996078337,0.738224121871377
2024-12-12,0.9594733727084752,1.1364576429987352,1.232228922758849,0.437066777476123,9.499759355458592,0.7292675949582876
2024-12-13,0.9608167948045074,1.1255744594668613,1.2073438103485619,0.42758971529165923,9.263525363583781,0.7289245288514143
2024-12-16,0.9838128629173801,1.146104482061134,1.2868834318424112,0.4619205667447741,9.09151042315427,0.7363068826386945
2024-12-17,1.0030943282470455,1.159743968336409,1.2724636739612687,0.4507488975477687,8.968425564812911,0.729153060909066
2024-12-18,0.9601846176044486,1.0786215986835272,1.1908306602975522,0.3840327126669576,8.855277600876258,0.6776184565277186
2024-12-19,0.9739345020696628,1.0769106531975852,1.1921100050902549,0.4014177812973445,8.990595272138856,0.6771031426463525
2024-12-20,1.011075914583079,1.0748674281895814,1.2258332696754635,0.4116480553582502,9.297926714234166,0.697246662208
2024-12-23,1.0172396726475892,1.0684517869397254,1.2632771287847628,0.41252672274113045,9.677887778356725,0.7074103529846498
2024-12-24,1.0403935117850298,1.0878408851573615,1.2804876002790047,0.4375688868045633,9.71993712247608,0.7263879838237197
2024-12-26,1.0468734191774463,1.0820431956027377,1.2745570661311363,0.42501644089623714,9.697766245553336,0.7265032325939973
2024-12-27,1.0197683814478236,1.0460208608318542,1.2415316584292238,0.4043048859939866,9.47452881330954,0.7083291269021197
2024-12-30,0.9929792501345991,1.0189322873879716,1.223856424959508,0.3889281589097995,9.511227252073253,0.6888343953790437
2024-12-31,0.9789133377972328,1.0031069605576133,1.2012967287467826,0.3769405500831331,9.26658385921329,0.6826902958212593
2025-01-02,0.9269946465947225,0.9892303208004418,1.2028082760472012,0.3821498266271959,9.573915301308599,0.6785559918729078
2025-01-03,0.9231225156984557,1.0118989884955578,1.2302518995628722,0.40706643941662835,10.044853452445068,0.6995437756819387
2025-01-06,0.936082330483289,1.03328455734597,1.2893253954938846,0.4285311104277585,10.42404843066425,0.7093340247068358
2025-01-07,0.9140347103541355,1.0072413411595464,1.273277721338434,0.39401188417986166,9.71382013121706,0.6900115409582526
2025-01-08,0.9179068412504026,1.0176491885432681,1.2553697499209386,0.3941374354538625,9.71152655189413,0.6924809022066842
2025-01-10,0.8716779877599283,0.9909886087669613,1.2331589821498614,0.37411626890727234,9.390434803458028,0.6666406984683
2025-01-13,0.8523170903670854,0.9826247215229296,1.2211817233602558,0.3711037087041915,9.18554483620089,0.6692251298067455
2025-01-14,0.8434664881105103,0.9754011705501848,1.2054829776464535,0.3667102760222276,9.073162958167615,0.6715217072398927
2025-01-15,0.8797383988803686,1.02596588033306,1.2739755782217306,0.4017944351193463,9.415664176010281,0.7019264770023319
2025-01-16,0.8037964882526138,1.0177440205307593,1.2432759436774221,0.3849113800498376,9.211539125059721,0.6986537692869716
2025-01-17,0.8173883587817516,1.0388921418466008,1.2792084339663243,0.41804982958641346,9.528046054043557,0.715707907084119
2025-01-21,0.7593850986664004,1.0363732866377702,1.3030469395316882,0.44798743989268863,9.766572455644502,0.7314124728473008
2025-01-22,0.7687889318828731,1.1204895535949606,1.3067680694958423,0.4749751219815401,10.24362642844319,0.7411459015482469
2025-01-23,0.7674456312425948,1.122913282763626,1.3022328921545236,0.4775483963769618,10.25509315546105,0.7506491900691656
2025-01-24,0.7604914391304416,1.110319594824821,1.328165146849798,0.4739709990922212,9.903418789923455,0.7455383984780732
2025-01-27,0.8164402751652948,1.0651728055675944,1.230484459030631,0.4775483963769618,8.053307882906985,0.7208471088371866
2025-01-28,0.882820217184747,1.1252420329184627,1.2710684956347413,0.49468245822690937,8.86139342253848,0.7356332580434262
2025-01-29,0.8915128055052457,1.102098029075194,1.2723476619474225,0.4879042217118681,8.456969071767043,0.7278528046279618
2025-01-30,0.8775255964965325,0.9721692376059563,1.3358396092858218,0.47265295013411945,8.529598108995895,0.7371261316491171
2025-01-31,0.8649607558240124,0.9725021052333664,1.3724697779779986,0.491732625777048,8.179452406474654,0.7278812147899374
2025-02-03,0.801820888956523,0.9528274818688967,1.3400260366655137,0.49010084228528794,7.918754543152566,0.716253239249836
2025-02-04,0.8396734249101587,0.9597183122405684,1.399913579973691,0.5192225129619021,8.070891601183865,0.7277665020604516
2025-02-05,0.8370654055025009,0.9640905814560836,1.2249028533244104,0.48225556359258404,8.543358415336687,0.734771661810435
2025-02-06,0.8429923248465279,0.9761139542329074,1.2280424953791584,0.4989503396348727,8.83769388259938,0.7408012273189974
2025-02-07,0.7988180168923056,0.9472672398488429,1.155247276930321,0.4381964516394419,8.926376220693557,0.7248667000560522
2025-02-10,0.8009538163280465,0.9590055285578449,1.1683878684987818,0.46323861570287495,9.211539125059721,0.7365806208031358
2025-02-11,0.8402718374105791,0.9552988475708131,1.155015074422605,0.46085362033467314,9.152670978970063,0.7379012466343338
2025-02-12,0.8738939479933712,0.9438931324365469,1.1351300798091324,0.4368156749281211,9.025763878289416,0.7323028366027948
2025-02-13,0.9107595344892403,0.9510215573691263,1.1645503695607382,0.44585345130492593,9.343033384386231,0.7505914763438943
2025-02-14,0.9350467987238849,0.9409942141460663,1.1539682890976612,0.4352466191895803,9.615199729121379,0.7505057098171759
2025-02-18,0.9340181899424638,0.9467447082464506,1.1369903770711773,0.4225058942540343,9.657246734047135,0.7556447328899798
2025-02-19,0.9371825981596256,0.9711238803484972,1.154433586513199,0.4223804387475958,9.644250174416118,0.759779036838331
2025-02-20,0.9447772264631158,0.9815523114194262,1.1461771007277046,0.3988446026694843,9.71152655189413,0.7524577917013378
2025-02-21,0.9425619949641975,0.9438382916127732,1.089196818486538,0.35930437890474454,9.277285669924575,0.7224834626948662
2025-02-24,0.9548242893532695,0.9237909564835132,1.0844290816774609,0.3350154267177534,8.96001616382776,0.714645652914659
2025-02-25,0.9543495188105164,0.8947435511491773,1.039891534121459,0.3355802637994132,8.680969665922216,0.7061183159956892
2025-02-26,0.9015036343812535,0.9034579491810828,1.0086105901477653,0.3453084285318784,9.0364680281943,0.7069799122286804
2025-02-27,0.8772958022097863,0.8691725835578252,0.9594216747565762,0.31009881392832117,8.185568812935273,0.6797329587718515
2025-02-28,0.9132120905316576,0.8904103909393559,0.9801205382671925,0.33231660104833116,8.550239153305487,0.7059460682211962
2025-03-03,0.8830709018611962,0.8499347754411628,0.9420948342884445,0.28675125687742975,7.719983321549648,0.6760580417822348
2025-03-04,0.8664575765374649,0.8505058257348297,0.9875629766755223,0.2790942572119459,7.867532636136685,0.6562188147101737
2025-03-05,0.864954440124799,0.9096007095491048,1.0119829701502927,0.3077138185601196,7.96768462524072,0.6740198360108267
2025-03-06,0.861710964211722,0.8899341726331806,1.0041919602603575,0.25963792774701555,7.45316963656534,0.64430369998583
2025-03-07,0.8912984360992693,0.8728867628880546,1.0217510032362047,0.2505374236169915,7.615245343396545,0.6535200280027702
2025-03-10,0.7996091796744726,0.810268245876556,0.9310595930512777,0.22097637136515602,7.178710882104058,0.6094773084105329
2025-03-11,0.74707956602887,0.8116494112881689,0.9097546113883153,0.23384264757470286,7.314792884874832,0.5960982662832657
2025-03-12,0.7165429174230789,0.8250777677432315,0.9454957710943803,0.24827797952279052,7.849234294215583,0.6045677107967007
2025-03-13,0.6587920423647347,0.8036491201760212,0.8948531359296754,0.21689686475197512,7.837001481294346,0.5831780750739417
2025-03-14,0.68893335249095,0.8502679371212476,0.9266356087632317,0.24237831462306714,8.302629078164738,0.6158797796300559
2025-03-17,0.6929679911861946,0.8509347015604287,0.9126652635757313,0.22850791552420158,8.13900950355879,0.6283405838806448
2025-03-18,0.6826044146008721,0.8262682399955024,0.8705213115854291,0.21018135599015286,7.825532999881286,0.6107405778769879
2025-03-19,0.702777729532849,0.8467440098713499,0.9080085413399048,0.22725259431931932,7.985328577752748,0.6282832275159016
2025-03-20,0.6937590325126082,0.842077687981444,0.8953186118252348,0.22354964576057812,8.062550621611457,0.6235744665188014
2025-03-21,0.7267482371608169,0.8631250962563066,0.9091725880388453,0.23145774797406338,7.99909122328714,0.624110328630527
2025-03-24,0.7462094570065414,0.8717915637022866,0.9521318367664613,0.2757050431868633,8.282750610968128,0.6531953659630878
2025-03-25,0.7701008969385941,0.8816961399337886,0.9856609150884921,0.2910818660386125,8.22770061362896,0.6571695723948983
2025-03-26,0.7525382734408652,0.8569820418356109,0.9216294226456929,0.26233675341643825,7.697847532530872,0.6373859148849399
2025-03-27,0.7708919382650075,0.8598869882059164,0.8887994505671073,0.2637802578809785,7.519700396083955,0.6330371946197928
2025-03-28,0.7238209105756461,0.8037920297757752,0.7967110772554389,0.20955369538771196,7.385134775563145,0.600150734670706
2025-03-31,0.757285007222362,0.7875542940695839,0.8003201217662146,0.19411414478274347,7.28650384709627,0.6108924561013844
2025-04-01,0.7656705553965117,0.8199349334944757,0.8286102760229275,0.20610175360940985,7.421835553520456,0.6154421916635275
2025-04-02,0.7712084519601763,0.8196968978545562,0.8282606336611942,0.23020242676918112,7.442477767426846,0.625665382968088
2025-04-03,0.6074494158038919,0.776696987173056,0.7546833157590054,0.11974096023644831,6.783411140760389,0.545551049040762
2025-04-04,0.4902865153384617,0.7135071258152161,0.695076343044317,0.0732341251618851,6.2107432144379695,0.455069954216754
2025-04-07,0.4355419131054492,0.7040787678898901,0.7084646648823472,0.0999708004702975,6.465346308840221,0.4524781969874845
2025-04-08,0.3640258501568754,0.6883647399967885,0.684598494913681,0.07110023234168472,6.3628931380340585,0.42972835775505214
2025-04-09,0.5731152101348478,0.8594584064329915,0.8477029978218349,0.19938624484758782,7.741429633255377,0.5798774932373965
2025-04-10,0.5064250701194402,0.8159349349647387,0.7791315090771418,0.13737713141483665,7.224573696586704,0.5106488970335301
2025-04-11,0.5675775564826917,0.8497442293081576,0.8294250373201777,0.16028530689050702,7.481472124707086,0.5376031722179326
2025-04-14,0.6021488437837275,0.8466966673907723,0.8518944226421237,0.1430256937665586,7.464650983543185,0.5525199366971538
2025-04-15,0.5991426924141499,0.8367919441329335,0.8197621289668131,0.12714685735393094,7.578573220560807,0.5481715737925346
2025-04-16,0.5368826510293163,0.7695544477121059,0.7850691824258629,0.09413395909135547,6.989082983477688,0.5137588270283895
2025-04-17,0.5583216563747055,0.7513164186883718,0.7598060493304553,0.08333884794878998,6.75970926162769,0.5159185353793154
2025-04-21,0.5281012785525749,0.7100789127108325,0.7191750724807418,0.05013767065899466,6.409532564791274,0.479835574847463
2025-04-22,0.5801563645669325,0.7467450758122942,0.7634147368811881,0.08691624523353059,6.560919326475984,0.5183376874735643
2025-04-23,0.6186037908041204,0.7827924050605009,0.8085860669928382,0.13348590382887515,6.852987530343723,0.5418650538747776
2025-04-24,0.6484285872351672,0.8442677923003055,0.8543388850138949,0.1707665877318516,7.137410664734489,0.5743196436257849
2025-04-25,0.6556276341475735,0.8659344755074352,0.8855395129780017,0.18614341058360084,7.487588531167704,0.5856947865923312
2025-04-28,0.6624312211246506,0.862649024976468,0.8698227407820476,0.17804702934289574,7.313264806656873,0.5862990832451673
2025-04-29,0.6708962013619775,0.8763629065783642,0.8645839951967509,0.1761014155499152,7.335437437974814,0.5962919556894364
2025-04-30,0.6811012781882073,0.8821725052663014,0.8487506755468857,0.15746102571464582,7.327791198901041,0.5969255559055682
2025-05-01,0.6875884729258694,1.0256947637672726,0.8778555911008485,0.19373758672830355,7.53346304161834,0.6082428064665795
2025-05-02,0.6245372687588684,1.0727420154590863,0.9096385993744687,0.1923568100169828,7.754426777684786,0.6321157404983619
2025-05-05,0.5734318452857707,1.0769800496287423,0.9117341333045919,0.16957418581531303,7.7024346911767285,0.6227564682702245
2025-05-06,0.570425572460439,1.0633611470406743,0.9003246194627521,0.16116397427338724,7.681026976165363,0.6091932067907768
2025-05-07,0.5525465567232954,1.0635515461473424,0.7623668806761161,0.1843860758178404,7.950158802005381,0.6159605431093806
2025-05-08,0.5623562950699499,1.0865039746732452,0.7961288754259479,0.20553691652775008,7.973860681138078,0.627220258625385
2025-05-09,0.5705838293080232,1.0891702972982826,0.7783167477798922,0.21168758820791256,7.9188112685973095,0.6251468528419692
2025-05-12,0.6697599827824288,1.1393127474407327,0.8447923456344197,0.3094711533258807,8.40431850226111,0.6788538518729863
2025-05-13,0.6867120482043279,1.138741550120729,0.8572493587212888,0.3266052151758285,8.934171583359197,0.6899407835737064
2025-05-14,0.6819592416351261,1.1568365225183723,0.9252384671564691,0.3195758761127856,9.34780767851993,0.6921004919246323
2025-05-15,0.6749885315404163,1.1617025061741897,0.9088234811171763,0.28769265201352967,9.308815660433284,0.7003653475357912
2025-05-16,0.6734833303799308,1.1671408633607085,0.9347850065359442,0.2903286541621708,9.352397176359391,0.7111354791284452
2025-05-19,0.653837983611,1.189085720397812,0.9388597054223,0.2939061472144735,9.365393735990407,0.7130075122543369
2025-05-20,0.6386289297161023,1.1857463112010938,0.909056397544977,0.28078886422448757,9.274409631395704,0.7072479326246732
2025-05-21,0.6008436802502344,1.1590310376273503,0.9623765899892756,0.2622739298956569,9.077148944058754,0.6784795167199142
2025-05-22,0.5950610503420708,1.1699555355599762,0.9892696026392256,0.27470092029754456,9.155899066135419,0.6791417057782854
2025-05-23,0.5468194320947528,1.1476291451778509,0.9613287337842034,0.261458086033558,9.03815341718171,0.6676804389244928
2025-05-27,0.5859515044177679,1.1977682137145456,1.0129028561800908,0.2930274798315933,9.360041661037965,0.7023524507516967
2025-05-28,0.5876149624258376,1.1818820179805885,1.0066164328697433,0.2848683708376689,9.30728582782013,0.6925034159199448
2025-05-29,0.5838917362840896,1.1881794500553395,1.0007953069749336,0.2910190425178314,9.6421718009042,0.6991846283513026
2025-05-30,0.591021067593646,1.1961938556958582,0.9993983438481919,0.28668843335664884,9.331753792856205,0.6972843637436996
2025-06-02,0.5977543316891025,1.2038746585772806,0.9678486089624154,0.2969814351707738,9.503783938044103,0.7068450086293612
2025-06-03,0.6101910365410534,1.208645222140258,0.9346688160420753,0.29108186603861275,9.797379635331398,0.7165782586500435
2025-06-04,0.6066263101583982,1.212938685239037,0.9564394520806183,0.300621655976296,9.85090155445261,0.7161174422491965
2025-06-05,0.5892782989781531,1.2311148161748116,0.9583020695829405,0.3048895373842593,9.703339374300786,0.7078238191155342
2025-06-06,0.6153399103243553,1.2439952054711472,1.0219839196640064,0.3404129822890374,9.835611415498661,0.7253614657070562
2025-06-09,0.5957739956186021,1.2553016778278066,1.0525227437091202,0.36181482977938617,9.905186050686801,0.7269165200446177
2025-06-10,0.6054379870603439,1.2465714009514839,1.0817797242412337,0.3657688808861288,10.006876644379984,0.736707841151099
2025-06-11,0.5746236906006941,1.254681373711179,1.0672096861821538,0.3380907146740546,9.92123642756013,0.7317542881923236
2025-06-12,0.5779506066168336,1.2844974327363725,1.0479768575665234,0.3383418172220558,10.087161277457,0.7386368732812052
2025-06-13,0.5561667883855719,1.2658446424154106,1.035971041973509,0.3311869268850123,9.855479356324082,0.7191986047215522
2025-06-16,0.5717719094945699,1.2857858245292157,1.0604490414552035,0.3562918187016646,10.063458228727503,0.7355557108088491
2025-06-17,0.5497505238083005,1.2805381605020392,1.050890900874344,0.34825826098174084,10.019874373607797,0.7207252488971383
2025-06-18,0.5571964902687798,1.2910334885563919,1.0202355293753187,0.3338229290336534,10.123864394607907,0.7204659838340792
2025-06-20,0.592209390691701,1.2774848645575032,0.9423725492015931,0.31606120658126446,9.999229820507809,0.7164253083440622
2025-06-23,0.5961700628327025,1.3185119758465165,0.9254712051042486,0.30840420691578063,10.023697785543883,0.7333792065131075
2025-06-24,0.586664206782791,1.3381191141222137,0.9438880230624802,0.33539198477219423,10.308905134588409,0.752528370405614
2025-06-25,0.5966451977427176,1.3484237490172242,0.9894632534623398,0.3304965385293521,10.799034030003648,0.7535103971365391
2025-06-26,0.592209390691701,1.3731354946940066,1.0227995733613628,0.3626934971622664,10.853322035028235,0.7672294678061917
2025-06-27,0.5928431468165627,1.3659319393031204,1.0809637135838348,0.4014806048181263,11.062066993335034,0.7760098159789803
2025-06-30,0.6252415906768589,1.372944654508327,1.054154586543897,0.37694055008313376,11.080419136708887,0.7845010594846229
2025-07-01,0.6462335173914286,1.3473741279959865,1.0496087004013002,0.3836561546125181,10.721806722959341,0.7839235648713863
2025-07-02,0.6828305652149962,1.3427945516450257,1.0822457355768567,0.38026694058743526,11.02383521316777,0.7920106336198687
2025-07-03,0.6916232330768683,1.3797668235805283,1.0926198868151151,0.4021709931737867,11.183643071805623,0.8061340577269456
2025-07-07,0.6631062722059042,1.3744235924341752,1.0606821363630252,0.4025475512282264,11.099535026792521,0.792674788161144
2025-07-08,0.6635814071159196,1.3691757813806618,1.0323578924222434,0.3767522710559137,11.234108834490925,0.7916929401104831
2025-07-09,0.6725326961926383,1.402045283376728,1.0587002942064725,0.3967106140817225,11.454324028605981,0.8024371630648575
2025-07-10,0.6825929977599885,1.3923609525983447,1.0703564674377537,0.3949532793159618,11.547608730104411,0.8075204378952945
2025-07-11,0.672691195951731,1.4011390130342556,1.1003129111733547,0.4122757159606918,11.610308475307749,0.8011662103470503
2025-07-14,0.6525705928170309,1.3997077116416587,1.1162816971593892,0.4164807738478735,11.54531398118468,0.804603125225023
2025-07-15,0.6564521972621173,1.4130654954548674,1.1214103205715418,0.420623103981836,12.052265187360618,0.7968918210717253
2025-07-16,0.6647696087582202,1.4121114415528067,1.132716851441089,0.4007902164624657,12.103494696755696,0.8028992302275519
2025-07-17,0.663660596267589,1.4411166503283672,1.139827138529773,0.40512082562364804,12.228131610049392,0.8139322004885448
2025-07-18,0.6728495742550695,1.4332450072612657,1.1570781249888507,0.419242327270515,12.183017922316534,0.8126038914059945
2025-07-21,0.6831474432774272,1.4332926437945166,1.2158248240008565,0.43913794254310456,12.104259613062275,0.8160408062839675
2025-07-22,0.6983563757165707,1.4104416634412784,1.2302784930860464,0.4276524430448787,11.771644996961957,0.8163007860680827
2025-07-23,0.6963761611018242,1.4133038251474601,1.2173399409017005,0.4327988960681599,12.058382178619636,0.8317530552985013
2025-07-24,0.6932869339964463,1.4372045735482728,1.2399528241607745,0.45752722983037253,12.284713194396911,0.8323593174342414
2025-07-25,0.6942374467279848,1.4507054139875728,1.2517253663659451,0.45256905583431095,12.266362220619856,0.8400997464705704
2025-07-28,0.6955841481293779,1.444933012962946,1.244731983691215,0.4610418993618939,12.514867622110273,0.8396376793078755
2025-07-29,0.6735626409873543,1.445267056801054,1.2816816316215247,0.4498702301648885,12.42005308799869,0.834785438058786
2025-07-30,0.6559769408963476,1.4484632623453435,1.2907737608667613,0.44472377714160705,12.707555185962947,0.832474923565047
2025-07-31,0.6442531813209278,1.5451152888644843,1.2368056859451317,0.46932655962981906,12.600506669333328,0.8256010938091012
2025-08-01,0.6031408943831664,1.5003198925531547,1.2045184716113297,0.34781887940651957,12.283184531380556,0.7956782247186605
2025-08-04,0.6108247926659156,1.5553247977193294,1.2734058699937294,0.3283625499415892,12.763371854003891,0.8229723497651844
2025-08-05,0.6074184445865987,1.517684879186623,1.2690930787589547,0.3415426564523565,12.630325539725044,0.8137299344297007
2025-08-06,0.6892468297922674,1.5042793118138253,1.2856446020145444,0.3952671096171825,12.719024252174409,0.8276226823159578
2025-08-07,0.7429541998853182,1.4847198100713794,1.2906570349328281,0.400413658408026,12.82225052646474,0.8260917498140357
2025-08-08,0.8167821731130691,1.4904444275364175,1.3477717126300366,0.3976521049853843,12.969823232987757,0.8403307800519182
2025-08-11,0.8016349401970051,1.4891567708752609,1.3428761841257062,0.38892815890980015,12.92088730291561,0.8366915991151012
2025-08-12,0.8212230813057575,1.5247927204319947,1.3701515009812884,0.38999510531990045,13.004997687122309,0.856245116445032
2025-08-13,0.8504070771782051,1.4834797899434737,1.354066167541343,0.40938861126404946,12.884949102071277,0.8625993439932762
2025-08-14,0.8460452366814315,1.492543375526218,1.3654890673847806,0.44968195113766884,12.9178288072861,0.8627726638493529
2025-08-15,0.8366080031325829,1.4815231634480779,1.3766788723203955,0.4499957814388893,12.797780222235067,0.8584112572854621
2025-08-18,0.8310568678917223,1.466877575947375,1.3720164387238873,0.45288288613553185,12.917063890979522,0.858006903848038
2025-08-19,0.8284397393025074,1.4319092729878453,1.3495202813987461,0.4310415613023997,12.429993491193793,0.8479268354349385
2025-08-20,0.792356327863003,1.4125882479643304,1.3232940701083855,0.4046814440484272,12.41164134781994,0.8430168804605782
2025-08-21,0.7835535791735411,1.4094824636174161,1.3283061460666272,0.3930076655229815,12.379527728508492,0.8356230911364022
2025-08-22,0.8062345910602942,1.4237698949607114,1.402205977367311,0.4362508378464627,12.609682156221854,0.8638124043055486
2025-08-25,0.8014763189821583,1.409578030736593,1.4301805789463597,0.4306022754947407,12.748845461759718,0.8556093720657325
2025-08-26,0.8185267635648734,1.3989697864552744,1.414444709388126,0.4354349939843636,12.898712917202467,0.8633789259850928
2025-08-27,0.8278846865062985,1.421428500540875,1.4184078582611677,0.43800817261222336,12.885712848781054,0.8676249050984421
2025-08-28,0.8443007676853813,1.435286026874211,1.4668971319688473,0.45357327449119245,12.776370752828502,0.8742387550702733
2025-08-29,0.8409698436293567,1.4211894357165953,1.4817004434157708,0.4372550565033435,12.31835664632151,0.8630612324757072
2025-09-02,0.8217783770134746,1.4136872698348655,1.4635170773254043,0.4142840575068918,12.058382178619635,0.8492555018780164
2025-09-03,0.8911695715441761,1.414786438731738,1.6885962689108571,0.41836365988763524,12.046147026504798,0.8592776778855811
2025-09-04,0.901558289470596,1.4273058783702588,1.7077121931125343,0.47918017986872297,12.125670252065634,0.8748166070440382
2025-09-05,0.9008444940037863,1.3653295723996295,1.7391839322290013,0.4581548904328141,11.770880080655376,0.869386513821184
2025-09-08,0.8864904886177094,1.3806206055206203,1.730433770704582,0.48018439852560424,11.869516857106246,0.8739787752861583
2025-09-09,0.8584961518566112,1.3816240602719785,1.79564965656875,0.495247391076133,12.05685234600648,0.8783112356472818
2025-09-10,0.798542069419004,1.3909897849776591,1.7902827623281579,0.44560244452448816,12.559217563133354,0.883741150189872
2025-09-11,0.8242366414763345,1.3940480798176598,1.804282735199195,0.44321744915628636,12.547744988131496,0.8993955067988708
2025-09-12,0.8562756977602668,1.4365283994235116,1.8092996301180113,0.43192022868528035,12.597451682494215,0.8987599410998353
2025-09-15,0.8771325656762841,1.4626186640378376,1.9354145055710834,0.45250623231353027,12.592097268348176,0.908868777035438
2025-09-16,0.8886317535623842,1.4324190132989014,1.930164515744445,0.46895000157538,12.372636464168506,0.9062405690323134
2025-09-17,0.8952934802186792,1.437101802138573,1.9111481833946553,0.4536987299976314,12.021647482355153,0.9038723408133036
2025-09-18,0.886490488617709,1.4295997832831802,1.9403144960759464,0.45125100687621034,12.476631163555815,0.9127681164366341
2025-09-19,0.9469204346998559,1.474899626957427,1.9716975306218254,0.45282006261475116,12.509512038367438,0.9222417440337294
2025-09-22,1.0308242558314809,1.4582703601152844,1.9461479370922259,0.42865666170176064,13.040196702789647,0.9313358547500958
2025-09-23,1.017739098708423,1.4333269009310818,1.9359979567607244,0.3852252103510596,12.644095202840232,0.9208226653770688
2025-09-24,1.0009267074037318,1.4377229884132228,1.8832651420665352,0.38208709887397796,12.532452509983953,0.9147112643075961
2025-09-25,1.037089307994905,1.4228140767426032,1.8675151725866188,0.3691579991436498,12.587507770508717,0.9058778480964003
2025-09-26,1.0259074839942524,1.443982634719315,1.8762653341110385,0.3793882732045555,12.625743059466378,0.9167968203489634
2025-09-29,1.0177390987084225,1.4589866724301,1.8472157473636797,0.3943884422343027,12.905613538316851,0.9221838516281944
2025-09-30,1.0193253108568885,1.4749949000239293,1.8361324950007827,0.3780703200140161,13.26730550043829,0.9294243332858612
2025-10-01,1.025828173386829,1.4834045124588284,1.8571319188672741,0.38472310102261886,13.317774771913989,0.9359990522798771
2025-10-02,1.0391512623321568,1.4644345863285362,1.8663486271673801,0.39589477021962427,13.443946196208033,0.9382286246140257
2025-10-03,1.0462092991140604,1.4721275923959452,1.8623824441339765,0.37769366619201405,13.346831065192724,0.9382000357717863
2025-10-06,1.0356618385170395,1.5257419224649267,1.9216481630479327,0.3864176122675982,13.187777596490257,0.945151055401779
2025-10-07,1.0339966801284124,1.5038088275347992,1.8671653517448643,0.3919407191128814,13.149544646726193,0.9379393412666155
2025-10-08,1.0465267844552613,1.507965556139986,1.8538653775173795,0.4135309413980124,13.460768506968732,0.9494953086603259
2025-10-09,1.0146461064746672,1.4962587310671438,1.817815982814524,0.4293470500574208,13.72534650767166,0.943847761556188
2025-10-10,0.9450964121848733,1.4415934567398905,1.75995008270765,0.35798632994664437,13.00578716496167,0.8913096888122363
2025-10-13,0.9640501898899934,1.4563588707054076,1.8483822927829188,0.3812084314910975,13.40036000189473,0.9203300438892306
2025-10-14,0.9649224851158955,1.45406525984516,1.8635488110731941,0.3581118812206452,12.766443215198194,0.9179841507032203
2025-10-15,0.9773732788353213,1.4533962900109212,1.9286479710034303,0.35296542819736376,12.751149567453849,0.9264989800037102
2025-10-16,0.9623847885898582,1.4446995351394794,1.9336646874422256,0.34606154464075956,12.902553873090547,0.913379202939502
2025-10-17,1.0007679647331305,1.454113190431086,1.9551310150444463,0.337086496017174,13.010374323607538,0.924240104106266
2025-10-20,1.0796757034201039,1.469452007111665,1.9930473107701356,0.35867671830230496,12.966023212987658,0.9442530083949321
2025-10-21,1.0838785583347685,1.4736090297695266,1.921998162369709,0.3935097748514227,12.852851857115024,0.9442240621921647
2025-10-22,1.0496195337775083,1.487370988983686,1.9363481345625218,0.36790277370632984,12.785559105281827,0.9341161196578818
2025-10-23,1.0585805393145549,1.4874662620501886,1.952564472338104,0.38761010995169953,12.929318926239949,0.9455854271235544
2025-10-24,1.0842757186506558,1.5020403947510146,2.03236378226295,0.4071919906906307,13.24283402661182,0.9614858264560764
2025-10-27,1.1317787644573292,1.5398385136225432,2.1414454168829344,0.4245143315677984,13.64276010809412,0.9846267074462651
2025-10-28,1.133285544542618,1.5902506100674096,2.120445457576379,0.4388241122418852,14.372261023596012,0.9898981325946903
2025-10-29,1.1388368012392327,1.5877658649688082,2.203278035463276,0.445414165497269,14.831828354652139,0.9908538933268076
2025-10-30,1.152318389943653,1.5123145951942254,2.2838942484456277,0.3987190513954857,14.51448984234418,0.9689582350964105
2025-10-31,1.1441502475693315,1.4743256361370172,2.2805106242017583,0.5327791775271113,14.48390371645229,0.9754168119188285
2025-11-03,1.1336817332124718,1.470598518489115,2.3100269362048254,0.5941606303574212,14.819595541730903,0.9791240700362283
2025-11-04,1.141533361891625,1.4576971044265603,2.237927789839071,0.5647879529003679,14.193326748503337,0.9556644234550695
2025-11-05,1.1423264679658578,1.4234355570699284,2.3169098397463688,0.570310963978089,13.927220084784054,0.9624417658684572
2025-11-06,1.1393918540354417,1.375364266939549,2.322043282119097,0.5253731846420664,13.382006688924077,0.9413859048788438
2025-11-07,1.129082446716445,1.3740263272710713,2.252977225235372,0.533971675211212,13.387357594279718,0.9432972476628143
2025-11-10,1.1387668427248743,1.417892370104989,2.384459173409058,0.559013743507083,14.220856717959316,0.9736210752656629
2025-11-11,1.1849666682901199,1.4306988051537157,2.3985755152539845,0.5634071761890469,13.770461365001319,0.9781391844210789
2025-11-12,1.1708369916818544,1.4424537078388209,2.3449097854884426,0.5326536262531105,13.819400803863862,0.9792398548472974
2025-11-13,1.16670919642322,1.4049428784301718,2.249944492713385,0.49110506094217077,13.288717309038452,0.9463962781615698
2025-11-14,1.1624222941267224,1.4378663390919892,2.224744184585476,0.4729667804353419,13.541822734739524,0.9460778699311281
2025-11-17,1.1231286856507627,1.4250121204836743,2.3251930975350588,0.4615440086903353,13.268835333051445,0.9279471835434017
2025-11-18,1.1229700644359162,1.3595477616894227,2.3165600189046147,0.3967734376025047,12.868144335262569,0.9117573221832054
2025-11-19,1.1318606256355883,1.3276753923122153,2.4160754813427805,0.39765210498538495,13.262717172195627,0.9191427135349735
2025-11-20,1.1135237217055107,1.2904295043631921,2.3768759142639198,0.36281904843626744,12.813089074737805,0.8898906101555757
2025-11-21,1.155119159633058,1.2602210320440244,2.495991338721537,0.38509965907705856,12.67850591026501,0.9087161840899847
2025-11-24,1.1902852157618913,1.2692213963017749,2.7167215076278906,0.42018372240661517,12.959141305422058,0.936809724637629
2025-11-25,1.1986204812538457,1.2835355864384397,2.7734210407955473,0.4414601143905257,12.597451682494219,0.9550272496336578
2025-11-26,1.2032243830685285,1.3242764374489338,2.732705464415736,0.4382592751602248,12.78403044226547,0.9685236846943706
2025-11-28,1.213543992670869,1.3554423452759172,2.735388376095968,0.4637407250313168,12.534747258903687,0.979268801050065
2025-12-01,1.247281000397034,1.3302126258131954,2.6736728404096013,0.4678830551652793,12.758030305422647,0.9702325827392331
2025-12-02,1.2718097186708173,1.3458196185328188,2.684405914970701,0.47127217342280003,12.87579232873154,0.973881769770834
2025-12-03,1.2556160229774802,1.2870783330594988,2.7289716623700686,0.4584687207340348,12.732798593676796,0.9807170045897569
2025-12-04,1.228229450809868,1.3019672491482597,2.7055218862911032,0.4379454448590041,13.023389596787338,0.9821652081294485
2025-12-05,1.2129882111401353,1.3130739127126705,2.7481047206537905,0.44058144700764523,12.949211428598147,0.9859300012918553
2025-12-08,1.2059233728360028,1.3507028042700875,2.6624164624260396,0.4240122222393572,13.18933316023299,0.9799640459572756
2025-12-09,1.2002870971115223,1.3554899818091681,2.701641730627968,0.4304767242207401,13.144979710419513,0.9782549692321489
2025-12-10,1.2129882111401353,1.291052013874877,2.738181945389408,0.454702948654512,13.053979231469624,0.991375103656885
2025-12-11,1.2070346929859617,1.3145579965603202,2.647357032148546,0.4452886142232675,12.83603422474152,0.9960089976233708
2025-12-12,1.2090192800078556,1.2909082221170998,2.6107000914531735,0.4196188853249554,12.384086816831186,0.9745478897950133
2025-12-15,1.1759170000525856,1.2731471465312274,2.5982089886822353,0.3967106140817229,12.481204287040093,0.9715646441073276
2025-12-16,1.1798861740963735,1.2806634269413282,2.578946353903047,0.3968361653557235,12.590559248557433,0.9661777915083607
2025-12-17,1.1578975814637094,1.2793706243583696,2.463955959697793,0.3887398798825805,12.072081665926882,0.9445428277831345
2025-12-18,1.1606762462058695,1.3169995159157866,2.5309655697760602,0.423196282609696,12.316790556207591,0.95922641451784
2025-12-19,1.1724246612993703,1.3262870226100798,2.585834254885187,0.4268993269359993,12.84062255298418,0.9769840165143417
2025-12-22,1.1509916072859316,1.3214998450709992,2.6164207330959885,0.4336775634510408,13.04709615430723,0.9893002684313577
2025-12-23,1.162025619633852,1.330739274153029,2.6697712671439087,0.4569623927487132,13.469220013438651,0.9983924136648203
2025-12-24,1.173535738537821,1.3363405365211602,2.666735678941581,0.45846872073403455,13.423336731012018,1.005422052610971
2025-12-26,1.1702812101511215,1.3348564526735105,2.659965574773501,0.459347388116915,13.570163234777244,1.005218714470543
2025-12-29,1.1731390640449506,1.3319362155641365,2.6605492044431633,0.456523106941054,13.393513182233107,0.9980727546725301
2025-12-30,1.167741084510002,1.3337553724342546,2.6639342565272033,0.45941011587013425,13.341511738950658,0.9956326969873937
2025-12-31,1.1580564455900642,1.3152760731911828,2.654011124302778,0.4486778282483501,13.261981495809026,0.98084726250221
2026-01-02,1.1513090926271325,1.2641467822734773,2.679110412738629,0.4215644991179359,13.441691213579471,0.984478224146883
2026-01-05,1.121541258944756,1.2637161421318321,2.6953378162755324,0.46273650637443553,13.385865188764136,0.9976952032747053
2026-01-06,1.0826443249616666,1.2908126549979233,2.669654541209977,0.5121303503780792,13.318571267334141,1.0095758327080975
2026-01-07,1.066529818419999,1.3145579965603207,2.7588456483358272,0.5160844014848218,13.461573189566481,1.0030981370974317
2026-01-08,1.0562898837923442,1.2888974899296168,2.7992378189170366,0.5457709092430958,13.150332954968755,1.0028947989570036
2026-01-09,1.058909441496641,1.294498752297748,2.8357780336784773,0.5526120650464807,13.136567970240765,1.0161407242875935
2026-01-12,1.0658950906491045,1.2844452383866671,2.874185863382836,0.5469006791739774,13.142686131096582,1.0193067598853474
2026-01-13,1.0722455262076571,1.2532794775860205,2.9221662905497796,0.5226117269869863,13.209215136220001,1.0152693006400821
2026-01-14,1.0635927753745014,1.1992298025326038,2.9206488534086583,0.4852681237956664,13.005036283816684,1.005363624164643
2026-01-15,1.0497011520442596,1.1862081209262234,2.8849260771447875,0.494870737254131,13.304041366299575,1.0108248077534325
2026-01-16,1.0284270836129297,1.20152767715663,2.852471983991067,0.5007704021538542,13.241334603515444,1.0091402102244733
2026-01-20,0.9583335104563031,1.1759631787241145,2.759078743243649,0.4498075024116699,12.617325471303637,0.9682404764759349
2026-01-21,0.965874698227992,1.1261263963366934,2.833559883973718,0.45175311620465064,13.018802438141474,0.9909560984378121
2026-01-22,0.971431420433541,1.1597817541050692,2.858775898343502,0.47077006409435973,13.135038137627612,1.0013552898024094
2026-01-23,0.9689704839440909,1.2306829998224678,2.828306146066632,0.5010215047018556,13.351453311742565,1.0020812677150275
2026-01-26,1.0274745061335713,1.251412390129977,2.8905296358936283,0.4963770652394526,13.259687916486099,1.012248174736429
2026-01-27,1.0501772586003075,1.300722377151227,2.9055890661711223,0.5356661864561909,13.416454823446427,1.0202655581819524
2026-01-28,1.0356509074991713,1.305749207619936,2.922633551245552,0.5251849056148461,13.645870065982791,1.0200622200415244
2026-01-29,1.050256933574993,1.0753323254677936,2.948783730046838,0.5171513478949223,13.721576897188335,1.0160535283187624
2026-01-30,1.059782708368576,1.0599648386514615,2.945865224738485,0.501900172084736,13.616046517203879,1.0100405800747514
2026-02-02,1.1433712303625732,1.0268361292229198,3.012290848187048,0.5248711710811877,13.193921488475658,1.0200330951584928
2026-02-03,1.139164003040761,0.968621345063096,2.965827858161225,0.4976322906767727,12.790915858621466,1.0029528700428019
2026-02-04,1.1948096855133956,0.9828877516401722,2.8879616653471163,0.4622972205667768,12.320615137740479,0.9932507103880552
2026-02-05,1.190206026610221,0.8846506341797284,2.8670648674928745,0.3976521049853847,12.143965085196342,0.9683566186475325
2026-02-06,1.2077488528200324,0.9204124382811016,2.769118244441965,0.3200152576880073,13.178627840731313,1.0061190843208205
2026-02-09,1.1820055770053104,0.9800632286763122,2.7861627295163953,0.30997326265432146,13.532690522932564,1.0157921190925356
2026-02-10,1.1745365339515534,0.9784834306831482,2.7191527624780854,0.2989271447313169,13.417983486462782,1.0104762025583751
2026-02-11,1.188997541856987,0.9358756392429481,2.630195464180142,0.28085159197770726,13.533456608835941,1.0100116338719842
2026-02-12,1.0795877694541396,0.9237634625584583,2.6073146824090916,0.2527341399579741,13.295629626120828,0.9789591481525577
2026-02-13,1.0323114815403596,0.921274159643404,2.5690232216786226,0.24765031892034983,12.979799893683639,0.9803535689327865
2026-02-17,1.0966705212674435,0.8999224068505467,2.525828557802907,0.26246220892287697,13.144979710419516,0.9835487294135723
2026-02-18,1.1004050427943222,0.9130399496287787,2.541122153868351,0.2853076566453281,13.375158699665658,0.9935412444973135
2026-02-19,1.0704499243391323,0.9119362229154531,2.5355185951195103,0.2857470382205496,13.36904170840664,0.9882833990489521
2026-02-20,1.1022322231589103,0.9060342916877573,2.6771264288218215,0.3186972087299058,13.515868212171862,1.0026625146138075
2026-02-23,1.1149449969399163,0.844807673010487,2.6363830095586867,0.28832031261597146,13.64816364530572,0.9822125583994061
2026-02-24,1.1623008383726279,0.8665441937277842,2.6294954655365896,0.3089690439974404,13.747578203627956,0.9966202628065011
2026-02-25,1.1789069978068674,0.9222045423051757,2.652843864963455,0.3220235992342071,13.954815551660781,1.0134682035789968
2026-02-26,1.1687365358705541,0.9275786489823401,2.5884022254317007,0.30495226513747853,13.138862719160494,1.0022846058554546
2026-02-27,1.0990539689857814,0.8844897873668367,2.6395353236949473,0.3180068203742452,12.55003038027684,0.992669642169538
2026-03-02,1.1033445149549022,0.9123678922414582,2.5783627242333855,0.3079020975873401,12.954564673147386,0.993802832403804
2026-03-03,1.0956376615346293,0.9381829235525545,2.5440403022166613,0.3100359904075407,12.768739133714723,0.9762287350384267
2026-03-04,1.0858643599142033,0.9442768711766274,2.538787635189703,0.3608107068900672,12.997388290347711,0.9901718707591307
2026-03-05,1.068145908683972,0.9705715023996551,2.512520730454485,0.374116268907273,13.020329931561028,0.9790752903241551
2026-03-06,1.0456598332825395,0.9623184730138687,2.484969483485968,0.33815353819483596,12.598208411623204,0.9531353829984608
2026-03-09,1.064888222447666,0.9644777018019195,2.579012034550887,0.33991087296059663,12.967565911165599,0.9702447329971831
2026-03-10,1.0724364546530922,0.9469639245152097,2.5869565372591428,0.3451828772578789,13.12968606267517,0.9670783400389009
2026-03-11,1.0722773476152292,0.9427413281109593,2.606349462453882,0.3346387728957525,13.226809380868072,0.9646093361509971
2026-03-12,1.0321524959582509,0.9282504123169859,2.5461845611925993,0.31505698792438364,13.005794182542466,0.9347768792741387
2026-03-13,0.9873396951047573,0.8979729846456734,2.531348230941735,0.3033832093989379,12.78478015381366,0.9238259232543202
2026-03-16,1.0087927893176212,0.9190856726142507,2.569666463675399,0.3289274827908115,13.011912343398283,0.9434042771409465
2026-03-17,1.0199958680752403,0.9164944804475199,2.632284037389433,0.35064316058238076,12.913259192592227,0.9485166768544147
2026-03-18,0.9859095536003015,0.8799315298347692,2.5945497912854734,0.31719088074458424,12.796250389621918,0.9213277944833846
2026-03-19,0.978123025205343,0.8666400548996354,2.5880077845846197,0.3102242694347608,12.655533859534916,0.916592767487477
2026-03-20,0.9704156859620536,0.832332194246787,2.516394817796896,0.2889478774508505,12.207386471624687,0.8891171032927327
2026-03-23,0.9982251670654207,0.8377543785362143,2.528778475595009,0.31888548775712566,12.43222508188638,0.9089527567595139
2026-03-24,0.99941689092459,0.7885234916843753,2.3930290701119596,0.30068447949707755,12.398575781977783,0.9025447464518068
2026-03-25,1.0072035407753028,0.7803664704967774,2.398753281355201,0.32873920376359145,12.664711685617043,0.9131470972765681
2026-03-26,1.009348935215617,0.7560390516654236,2.2818128144371865,0.3025672697692767,12.095732082800419,0.8789807505964744
2026-03-27,0.9768516263714886,0.7118943939225204,2.204942897101993,0.25110226069865194,11.811241696593708,0.8469405203776752
2026-03-30,0.9596097675203217,0.7224026602945464,2.1951297085706907,0.26120698348555704,11.631522622048871,0.8407655091342197
2026-03-31,1.0164997641936484,0.7761919517047899,2.3593838012960595,0.3071489814784607,12.337394173419609,0.8942725649498244
2026-04-01,1.0311196362254371,0.7723532410669567,2.4742217735631202,0.32158431342654836,12.440636822065128,0.9085450083970741
2026-04-02,1.0334238947921062,0.7919783165557917,2.455296109064153,0.31656331590970543,12.566058534810985,0.9102635551761926
2026-04-06,1.0567834799769815,0.7891952550190209,2.504595503588529,0.33551744027863317,12.585176764088216,0.9192931623172564
2026-04-07,1.0141956270827333,0.7863644099226617,2.568498133455947,0.34166820772635775,12.620355896609967,0.9201376052449042
2026-04-08,1.057101451141199,0.7961528353477789,2.707051460073673,0.38861432860858014,12.924730597997282,0.9690427508612784
2026-04-09,1.0697347928590277,0.7901071123623062,2.720719460105085,0.4664394549331774,13.064682211777704,0.9804021699645928
2026-04-10,1.0696556037073583,0.7795507683780174,2.7061165817220854,0.4961260584590135,13.425647854286934,0.9790917289084424
2026-04-13,1.0594853846825534,0.8443279260722181,2.753664016357347,0.5056031206434772,13.477650467166182,0.9984322593636894
2026-04-14,1.0565451837874487,0.8862651303884701,2.8891796130124896,0.5629050668606062,14.028276757012152,1.022782805741135
2026-04-15,1.1169315272538758,0.9731626945663852,2.938362281602933,0.5596414041095239,14.208760747863566,1.0387446710844719
2026-04-16,1.0928563247658794,1.016539433750117,2.9255113631090475,0.5671728525010074,14.168993287099154,1.0437545083264061
2026-04-17,1.1471246989870898,1.0286792513859995,2.9916339274814367,0.5725704080722902,14.423656615736556,1.0684547319804922
2026-04-20,1.1695308565023286,1.006031167378091,2.9418672722612884,0.5582606273982034,14.45271758740249,1.0643182838689729
2026-04-21,1.1148658077882478,1.0352529459483408,2.8819365367879555,0.5684909014591093,14.286002090069463,1.0508034447410686
2026-04-22,1.170484769994982,1.0772861584627815,2.964063761630661,0.6026962974057855,14.486368056907887,1.0715712731451195
2026-04-23,1.1725502465491027,0.994898921231008,2.9590402629510564,0.6009389626400248,14.267646437905215,1.0635320907073882
2026-04-24,1.1537192606113713,1.0374601053223174,3.023409796554204,0.6568600363782704,14.927633537252522,1.0795230809337566
2026-04-27,1.1263071827353994,1.0384197462251912,3.092803185796999,0.6388473071454424,15.565442742096291,1.0831056202268865
2026-04-28,1.1509384096656383,1.059676225951546,3.0862611790961454,0.6299351778102005,15.302365334086542,1.072969267530628
2026-04-29,1.146647863696518,1.0366921867631458,3.0881305788392774,0.6508977394928903,15.002580130538686,1.072648893817282
2026-04-30,1.156023762089549,0.9566564887684748,3.495377724408298,0.663575640907655,14.262293193355976,1.0932710978061762
2026-05-01,1.2258649501891687,0.9886132512632322,3.5057756134893907,0.6836596309750267,14.176641280568132,1.0990674855702234
2026-05-04,1.1995651641091882,0.9846785324272103,3.477270212326986,0.7074463780660154,14.178933690294265,1.0913778017288696
2026-05-05,1.2579649772616563,0.9739304660992187,3.5377849344300234,0.7168607124972601,14.027511840705582,1.1081553424773505
2026-05-06,1.2844236274679917,0.9863099366647299,3.650052794390315,0.7258984888740647,14.893984237343926,1.1374574763306669
2026-05-07,1.2838673601142419,1.018986540106396,3.649468450800568,0.7019234627558562,15.174651211614549,1.1309038416078026
2026-05-08,1.3305872592185177,0.9918760597382714,3.682295924158855,0.7114004291727578,15.457611765208107,1.1484967004008992
2026-05-11,1.327644629208331,0.9800721972828801,3.5402383208028594,0.688241151149086,15.781869612179232,1.1533900381107078
2026-05-12,1.3445046311686268,0.9566084111562119,3.525168181724087,0.6683456316440586,15.884347344518172,1.1501278725309234
2026-05-13,1.3768728325461534,0.9443248017625523,3.7035578921366836,0.6953961372536914,16.27055054675725,1.162157521304489
2026-05-14,1.3716240006772322,0.964573710000107,3.6854503800553706,0.677132305472862,17.028427050200833,1.1792261322030204
2026-05-15,1.3876889532712298,1.0245045855676747,3.63533283311334,0.6578016230494943,16.231548002299412,1.1530115933115637
2026-05-18,1.368681370667046,1.0322780150415296,3.6372022328564713,0.6623203197027723,16.00212106379506,1.1514969207136652
2026-05-19,1.37766812482396,1.0029122976871654,3.528789541356332,0.627675637948437,15.871346106499963,1.1371662275003525
2026-05-20,1.4037536629537186,1.0203779973616123,3.543392776699374,0.6632619063739964,16.09006772550264,1.159069926342629
2026-05-21,1.4255442827072096,1.0152807412773868,3.528789541356332,0.6849147606447845,15.787222856728476,1.1633516415087777
2026-05-22,1.4560039283649049,1.012780411387043,3.473999387456579,0.67148374312114,15.467553338000016,1.1718570007552755
2026-05-26,1.4521068990390487,1.0005661984245395,3.543041884977492,0.6650192411397571,15.431610458768489,1.1862750686176824
2026-05-27,1.4721483130220796,0.9844090331511313,3.542457541387744,0.7061912483962569,15.258774461386047,1.1858964451382739
2026-05-28,1.485350067669068,1.053269553308258,3.557645120320534,0.7196850894406828,15.384959920841684,1.1979550401146066
2026-05-29,1.481771252418938,1.1650720557700303,3.4432744087492457,0.6985970722515544,15.14712007256178,1.203431054165308
2026-06-01,1.4360421893565598,1.2145055449145241,3.3968956612934784,0.6397260702958849,16.158131241626414,1.209431316110575
2026-06-02,1.506743284195164,1.122130220491722,3.227267535126665,0.6099766432492675,16.04035752234953,1.2124315364233405
2026-06-03,1.4674559914184169,1.0549527108164702,3.1938557181786305,0.5691812898147697,15.423197548992945,1.1969065443254752
2026-06-04,1.4751703750954435,1.0583668093924836,3.3480635274648742,0.5928425813993199,15.741707997293553,1.2052078507104893
2026-06-05,1.4442336512356673,1.0036437537147123,3.3053057826813097,0.5441391257513368,14.70348615869908,1.148292826219679
2026-06-08,1.3981071849458941,0.9799367860263228,3.246858930105093,0.5390554004812746,14.974526181716746,1.153157039046456
2026-06-09,1.310704952273349,0.9398803426154736,3.257963957030589,0.5325908984998917,14.940072199210405,1.146836403387843
2026-06-10,1.3188964141524564,0.910787506142944,3.1658518458760874,0.49374106309081234,14.3451614657621,1.1129904304210951
2026-06-11,1.3511055084921204,0.8770305531755667,3.1820995961354193,0.5157705711836025,14.685875539695822,1.1489046274436032
2026-06-12,1.3153178418138345,0.8789539517187561,3.2044263759203444,0.49719300486911466,14.710377423039066,1.1605263491744648
2026-06-15,1.3573884146513966,0.9223286325337672,3.3174627708523694,0.5440763979981178,15.266238828157572,1.198625091104594
2026-06-16,1.3798154625563397,0.8938128744347296,3.363051208773806,0.5439508467241172,14.88035141705424,1.1855178216588653
2026-06-17,1.3536504923634038,0.822066962410144,3.25246998501483,0.49060295161373113,14.669031006595938,1.1582253047347173
2026-06-18,1.3700334161216188,0.8244232064900365,3.302032459090607,0.5338461239372123,15.131484902552117,1.1806643296479278
2026-06-22,1.3620807362550598,0.7664302850730409,3.087533027727954,0.4610418993618959,14.975291098023321,1.1738019354288776
2026-06-23,1.340528169779593,0.798167684272703,3.046035708854834,0.46932655962982106,14.316066575788994,1.142233957147821
2026-06-24,1.3308255554080493,0.7573899296515734,3.036216808962851,0.4703307782867019,14.236439256113043,1.141241030920792
2026-06-25,1.1882309131371476,0.6966558492039077,3.017747339398335,0.42476533834823815,13.986837942421918,1.1443364878142677
2026-06-26,1.2568641023065492,0.7935032737251808,2.943870888980442,0.46041433452701663,13.741063549457275,1.1288300784638579
2026-06-29,1.2406402855861969,0.7723450075920728,3.1339396180670462,0.5071721763820192,13.92788207657233,1.16390215540215
2026-06-30,1.301241119914354,0.7937436617864955,3.1774241334973574,0.49587495591101316,14.319894666112273,1.1807520616575493
2026-07-01,1.3411645979310447,0.847889786117112,3.2223111449350705,0.5169630688677036,14.127717046463982,1.1778025865397588
2026-07-02,1.454492775872469,0.8777517173595102,3.2071149989612584,0.5230510127946468,13.917163891505856,1.1749408434315907
2026-07-06,1.4865430060857783,0.859719084128838,3.283680072420066,0.5324026194726723,13.972290497435361,1.1939224052364685
2026-07-07,1.4706371605296438,0.8698174410727635,3.290343088575363,0.5438252954501166,14.077949533067711,1.1834971265533278
2026-07-08,1.4923485911314653,0.8433696084063784,3.23061082288572,0.5290134054475892,14.62845184565298,1.1767514105466672
2026-07-09,1.5148550710995856,0.8482744070152151,3.19519217657815,0.5504780764587194,14.525854814440535,1.195178170131836
2026-07-10,1.5076976835108336,0.851832885454354,3.1752031281122566,0.5398085165901547,15.152157525975277,1.2046396474709797
2026-07-13,1.5235236111807744,0.8801561860780029,3.120613942716491,0.552172683471261,14.583278508483371,1.187760616332549
2026-07-14,1.504039193286018,0.8510154190195478,3.202439536323194,0.5533024534021427,15.2164724843581,1.195528562129533
2026-07-15,1.6045635056308654,0.9024686089580944,3.3358151575229087,0.600185846531146,15.270066918480854,1.2042308270269553
2026-07-16,1.6503720007564207,0.9287722087876911,3.1434079831971875,0.5683653501851094,14.879585331150864,1.192286944780108
2026-07-17,1.6541891121960828,0.8937647968224671,3.0535168774277848,0.5516705741428207,14.528151902553871,1.1705894429624832
2026-07-20,1.5973262001559188,0.9344946208576712,3.114535270150941,0.5689930107875505,14.564138056866964,1.1670853443052476
2026-07-21,1.6064720613506958,0.9126629741002086,3.057958888197984,0.5536790114565826,14.871163064600923,1.185161711892719
2026-07-22,1.5917593971227797,0.8770305531755673,2.998810609138045,0.5367332286338549,15.236379021877891,1.1826208785386885
2026-07-23,1.5581188252653653,0.8349061843320653,2.7135906110941854,0.4665022784539601,14.983713364573262,1.155667139395078
2026-07-24,1.6484632021250807,0.8354834097318944,2.7375536957144195,0.4567741137214949,14.836709082094583,1.157857223390883
2026-07-27,1.6793999259848569,0.8710677530442725,2.8172750098699555,0.4522552255330925,14.045792638674705,1.158324650961498
2026-07-28,1.704610253950615,0.8915047079671004,2.9008539912059432,0.448928835028791,14.084074711504327,1.1634933349581256
2026-07-29,1.689579618558481,0.8779922524471617,2.935922102751673,0.42250589425403695,13.548119843905608,1.1302027002518789
2026-07-30,1.6517238032994848,1.1692076125826611,2.900269647616196,0.47805050570540497,13.933241169105566,1.1659171327392386
2026-07-31,1.4567197885795338,1.2347021117760377,3.162929414007267,0.704496545616154,14.370428265411922,1.1815114527795343
2026-08-03,1.4130586311863582,1.3449656895663864,3.3660903665765582,0.7825727744887527,14.821396720801456,1.2125826999266804
2026-08-04,1.4604574679560187,1.3697787363894967,3.4144841534728405,0.7411498562193759,15.227190669424576,1.2524732475441667
2026-08-05,1.473341251438789,1.3440520679070547,3.236572055597252,0.7112121501455384,15.784584246349834,1.2479760439796381
2026-08-06,1.4845547753912602,1.4036799221936627,3.1818661442675538,0.7087645227916795,15.766974796943376,1.24438421331278
2026-08-07,1.4918712700178758,1.404305078179417,3.1415375125739278,0.7226977454113266,16.147503115513477,1.2581093591114083
2026-08-10,1.4536646905410562,1.4334940698764722,3.179177521226639,0.7453548183389958,15.65672041548757,1.2574376999990453
2026-08-11,1.4269995655527614,1.4226744017222663,3.0187993006438942,0.7088271547773368,15.652892325164288,1.2502247351020341
2026-08-12,1.405826669764592,1.367951346044495,3.015760499801183,0.6775088635273028,16.15745521467657,1.2558606679890119
2026-08-13,1.4297855176401666,1.3893501472652545,3.0487243318957455,0.6640150224828769,16.25010014672592,1.271600969804993
2026-08-14,1.4351183968909202,1.3822331903869767,3.0433470858139176,0.6484499206039076,16.23938079206265,1.267103766240465
2026-08-17,1.4324121197782005,1.3098622694029736,3.021137388922968,0.6400398048295439,16.227895351496006,1.2563863453256898
2026-08-18,1.4677533151044373,1.31601737998332,3.0234754772020427,0.6283661220716603,15.824398490986212,1.241142774643619
2026-08-19,1.5218793431818494,1.3289046795175037,3.029553792807551,0.668471087150498,15.657486501390945,1.2458442097498956
2026-08-20,1.4778620775176705,1.3180647217287649,2.9822119671568306,0.6325082606704988,15.603125981364816,1.2269795048376717
2026-08-21,1.4623407608789973,1.3281338204315887,3.0307228369470884,0.623219573280817,15.44004208209283,1.236090590179118
2026-08-24,1.4702208102046082,1.3477421349179837,3.068596297467665,0.644809795565948,14.962275824843523,1.2295199808311739
2026-08-25,1.4667185120795572,1.3689402451884716,3.0557378828128847,0.6384707490910033,15.312178251230563,1.236645392398827
2026-08-26,1.4949756790925148,1.3913910198518642,2.9977586478924834,0.633575302848161,15.052622499182746,1.237141944852473
2026-08-27,1.5039699635061825,1.4332573574735883,2.981978158328924,0.6083449555250702,16.45529303955401,1.2518015884318028
2026-08-28,1.5447239559693666,1.4740639292568085,3.0514129549366613,0.672174035709239,15.65672041548757,1.2466911542012387
2026-08-31,1.5220386931312202,1.4440010130114644,2.966782012355112,0.630374367850298,15.904025810662166,1.2399745630776096
2026-09-01,1.5879452006212142,1.413793569876657,2.9161668631136872,0.5999347439831444,15.648299318534427,1.2245850106198537
2026-09-02,1.5865919406091002,1.3935590702201472,2.940714648283711,0.6003113020375841,16.181957098019815,1.2344553084030214
2026-09-03,1.6124610445850633,1.4576352063386002,3.0033697028022184,0.6249140845257961,16.4912791938671,1.2578465204430693
2026-09-04,1.5468729940823036,1.4074342397139463,2.9589213952568683,0.6224664571719372,16.637518560039204,1.2491442555456471
2026-09-08,1.5170240279561922,1.379732125364948,2.957751637197246,0.6128010201926912,16.283021957425508,1.236791552854776
2026-09-09,1.5100194317060902,1.3686511914095463,2.867568895073034,0.5841186353237362,16.125298320283555,1.2263955777349307
2026-09-10,1.599407223046562,1.3724572622005224,2.89037792787552,0.5809177960934355,15.737445986557823,1.213049948817031
2026-09-11,1.644777505811347,1.3878259252275522,2.9593893698727256,0.6116085225085905,15.732079876443791,1.2319146537292553
2026-09-14,1.6512248630616666,1.4349436025348825,3.08676841931669,0.5912735256607797,15.17023130531096,1.2219566239364656
2026-09-15,1.6373750205108335,1.3950043391147777,3.035185194439716,0.5591392947810847,15.26297799228183,1.2117650590386324
2026-09-16,1.645891983810913,1.3621471873310358,3.010504620133843,0.5436998399436783,15.395583368567436,1.2020114394678547
2026-09-17,1.6824270891998925,1.3980395508198384,3.0626725455606074,0.5765244591790337,15.812563340976649,1.2269795048376717
2026-09-18,1.675502167924476,1.3789130416404327,3.0885228779261036,0.5923405678384421,16.037150487926546,1.2298455362721756
2026-09-21,1.6981874307626224,1.4166360300536542,3.1520367783071235,0.6220898991174975,16.42883559036276,1.2644192739541817
2026-09-22,1.7043163310257077,1.399243990574142,3.1074717448278406,0.6003113020375843,16.543044378596147,1.2640679885551647
2026-09-23,1.6825861962377555,1.411721968785574,2.9515523121372964,0.5644741225991479,16.28549799384909,1.2477618063431066
2026-09-24,1.6738306938366359,1.3989067121566157,3.0045391039017995,0.5651645109548082,16.214213408140743,1.2459174686581345
2026-09-25,1.7148232254008606,1.4867825895822286,3.022786544319814,0.5669845734737882,16.251772670148554,1.2581250829746407
2026-09-28,1.6935706546380058,1.453299252628372,3.0091010532463134,0.5448922418602167,16.542278292692767,1.2413212762273522
2026-09-29,1.621933135935338,1.4520465882354676,2.9876959442913993,0.5481559046112989,16.415805112424568,1.2371935834487688
2026-09-30,1.6507472990365697,1.471028717551747,3.0246577288631586,0.5637209107227061,16.505486286185132,1.2325973910179866
2026-10-01,1.6292561891726742,1.4705467652184208,2.956348070309718,0.5579467970969836,16.69557968433752,1.236578744660357
2026-10-02,1.656080421198832,1.4933349653256767,3.017873703253417,0.5785956242460151,16.932430053725426,1.2531191766985144
