Date,AAPL,MSFT,GOOGL,AMZN,NVDA,SPY
2021-01-05,0.012364013583125777,0.0009647868246758229,0.008064173562539745,0.010004358381754175,0.022210058415512046,0.006887498796141811
2021-01-06,-0.03366179980575268,-0.025929322496871188,-0.009867564038246512,-0.024896614147709384,-0.058952956858527306,0.005978383305955903
2021-01-07,0.03412337190722892,0.028457057309196454,0.029868741369857732,0.0075771277744003385,0.05783009771891923,0.014857577615958961
2021-01-08,0.008631647252288488,0.006092445291594917,0.013238725492366488,0.006495514374673217,-0.005039731662574876,0.005697673903205525
2021-01-11,-0.023249462590847703,-0.009698254190371514,-0.02310567893618476,-0.021519462280005563,0.025966429869137997,-0.006741039766387846
2021-01-12,-0.001395244008673302,-0.01177071440076305,-0.010738735129297128,0.002125797051401035,-0.010039078471513085,0.00021124704315034215
2021-01-13,0.01622670032443141,0.006560198365828773,0.005652139875456319,0.014438406874172749,0.0034854799983166096,0.0026931788922832656
2021-01-14,-0.015127082018931204,-0.015346433363222944,-0.009345894088977014,-0.012135545173177387,-0.02449808366203854,-0.0035021129880600244
2021-01-15,-0.01373060502583534,-0.0017368103195636309,-0.0019067650111023182,-0.007424600125642833,-0.025813798353079287,-0.007292625749216186
2021-01-19,0.005426919031557231,0.01782276184100251,0.032906697010639085,0.005318518294228358,0.012889267868802179,0.007852034885148518
2021-01-20,0.03285613118475861,0.036499805469824675,0.05357336620262876,0.04570048462239673,0.026141628694067442,0.01383866263387068
2021-01-21,0.03665866164421239,0.0028082790302847993,0.002170078577065526,0.013363421550624865,0.03753999206918235,0.0009118154946838875
2021-01-22,0.01607346096114637,0.0043561215821574795,0.00446353020469803,-0.00446331304512726,-0.011177409877993982,-0.003539584280846775
2021-01-25,0.027683726922881347,0.015844148191294094,0.0009086639693247633,0.0005376354551673845,-0.004320786823893141,0.003943781960402903
2021-01-26,0.0016794242866240428,0.012198750849028661,0.007216686153275198,0.009754137082109926,-0.015966867640328952,-0.0015608587037158062
2021-01-27,-0.007683678170207542,0.002453466348648403,-0.04665229031299656,-0.02812581228312927,-0.03851806896583221,-0.024440601299143383
2021-01-28,-0.0349855166075238,0.025890981421169856,0.018835235493584568,0.0015591193708615059,0.010315214951329255,0.008600329996700129
2021-01-29,-0.03742068686874245,-0.029171583139705137,-0.01394346707061267,-0.009704654514695155,-0.004693152196187489,-0.020019575129987532
2021-02-01,0.016520266117559412,0.033152094798723164,0.035958989127703456,0.042629902924745666,0.019034326595691375,0.016645346681828155
2021-02-02,0.006336951909961419,-0.0005842978142587274,0.01376054855367781,0.011104214562255077,0.024155599722350152,0.014140481263271276
2021-02-03,-0.007778336278561393,0.014571686480931767,0.07282524966105708,-0.019961565909300982,-0.001936244707729795,0.0007861519133223194
2021-02-04,0.025757877128471884,-0.004074265618331019,-0.0025499983502783596,0.005575845147329783,0.009885057259537922,0.01136600232467777
2021-02-05,-0.0030982140252472368,0.0007851766789697123,0.017140435865863113,0.006349415177487883,-0.005360564841844662,0.003935488329356307
2021-02-08,0.00109661567373176,0.0011146655161009544,-0.002063446728141627,-0.008713780773966562,0.06237582923921314,0.007222059484751853
2021-02-09,-0.006573632861240575,0.005361729286065264,-0.004379952026035361,-0.00539885256244832,-0.012154816515588696,-0.0006659408504806619
2021-02-10,-0.004558811939545548,-0.0038972097711152953,0.005343474452628394,-0.005573405440383872,0.03512527401243459,-0.00043556040430881016
2021-02-11,-0.0019198345617748025,0.006877331064088166,0.0010880718006311962,-0.007439273910078148,0.0329511444759325,0.001615206643066358
2021-02-12,0.0017756799098003206,0.002045009451696833,0.003006829009277512,0.004775969497859078,-0.01898262402639128,0.00493984260202085
2021-02-16,-0.016103623761696717,-0.005265360600481217,0.007479538360592564,-0.0026726192693009576,0.024663666355640768,-0.0008662375785156717
2021-02-17,-0.017644206579541133,0.004359641604495312,0.003752217328801377,0.012141589169594624,-0.02767396651578491,0.0002295340341527119
2021-02-18,-0.00863633422157628,-0.0016790777148641967,-0.0060464404082331,0.005920814274298136,-0.0051658352871026825,-0.0042559430046558155
2021-02-19,0.001233655143174861,-0.011567274269313255,-0.008072900646067582,-0.023535055745747435,0.006575054741485564,-0.0017661178917423026
2021-02-22,-0.02979909587433527,-0.02680825400645248,-0.016540476202767107,-0.021280609604111933,-0.03823741227578381,-0.007691525324649784
2021-02-23,-0.0011112942093500777,-0.005287788786382808,0.0028525263165630754,0.004326059526709614,-0.01488938381945637,0.0012142047741923179
2021-02-24,-0.004052095159893576,0.005487354430694147,0.011499229957606438,-0.010946968676518232,0.025243856156133004,0.011019428033867129
2021-02-25,-0.03478270286972962,-0.023704812724144375,-0.03256518518370677,-0.03240038681954516,-0.08217820289692568,-0.0240958312946159
2021-02-26,0.002231670471080305,0.014804062201032586,0.002956401050308921,0.011700387973209825,0.030584395620670612,-0.005152647794134713
2021-03-01,0.05385136670751334,0.019622797177870188,0.02361630874926779,0.017203798394717307,0.00927860632184907,0.02424045239835726
2021-03-02,-0.020893746564336513,-0.012956607265931841,-0.002502852066468053,-0.016404262105025436,-0.03146283861132804,-0.007803332476614244
2021-03-03,-0.024456613086843104,-0.026980922628231596,-0.025706217555806377,-0.02893170479822993,-0.044867098557445084,-0.01324575339857248
2021-03-04,-0.015811786573089903,-0.003647497623401219,0.011196209323784956,-0.009128157985388907,-0.033932644075447826,-0.012374797143146599
2021-03-05,0.010738261960263396,0.021479487554157295,0.031043281086222896,0.007687481916645478,0.007376374492835014,0.01839668419914675
2021-03-08,-0.04167354680092983,-0.018177945054804856,-0.042711986715257555,-0.016167463748385735,-0.06967447955028727,-0.004978876789718645
2021-03-09,0.04064985548741196,0.028101588387587473,0.016368664414832645,0.03756837366056898,0.08033295807885144,0.014277442946936558
2021-03-10,-0.009166663912513529,-0.00581768318073328,-0.0020438389564825243,-0.0017010173123747085,-0.00415305486644546,0.006224815507677617
2021-03-11,0.016502779502240328,0.020265303739120277,0.031603143754364016,0.018298429776605563,0.04212699406462117,0.010138885752659865
2021-03-12,-0.007625604551041665,-0.005819659437513058,-0.02406049013595213,-0.0077402727850476305,-0.010582452298135259,0.0013471127873321276
2021-03-15,0.024456751130767618,-0.003987344253994829,0.00216587585347483,-0.0025279442445658162,0.026077196551921533,0.005963218029066963
2021-03-16,0.012743084925103565,0.012350448016780424,0.014335011913414908,0.0033034103914528767,0.007580969223261125,-0.001261108987976045
2021-03-17,-0.006450630777502742,-0.0028186032921990734,-0.0008015816972080092,0.014188848597238346,0.003761821074099947,0.0034097847582212903
2021-03-18,-0.03390523338297191,-0.0266620666307833,-0.029238073657459007,-0.03435878370750434,-0.046378689300440645,-0.014549557387515621
2021-03-19,-0.004480114584265782,-0.0016037586150556837,0.0027804818495942296,0.015511909856343209,0.00968755456018866,-0.0018502175503705143
2021-03-22,0.028335705416386636,0.02448470096942912,0.0018400793028354734,0.01167821172408301,0.02650664963849958,0.007984747208694243
2021-03-23,-0.006888745247496497,0.0067373900248712815,0.005239672499608439,0.008560288075996736,-0.008759013436073326,-0.00787063681139244
2021-03-24,-0.019993502827192255,-0.008923270118856186,-0.004310909805863461,-0.016073304438495972,-0.03272578619459954,-0.005083609671454825
2021-03-25,0.004163605336294118,-0.01325062533463739,-3.4483200277435344e-05,-0.013219634289670767,-0.008522352178599757,0.005625594058936034
2021-03-26,0.005141362078976641,0.0178186439386272,-0.003803211307605636,0.0018941122432061253,0.024251336859559824,0.0161148653118397
2021-03-29,0.0014849934286225164,-0.005243671203147282,0.010401321648073614,0.007765307334585803,0.008489860098784607,-0.0005050678039013601
2021-03-30,-0.012274433947999874,-0.014410809960387572,0.00033235669357645214,-0.006645597502498379,-0.005908214092370523,-0.0026530703518351517
2021-03-31,0.018765618872545797,0.016907554685043014,0.007842863622616436,0.01269600564306872,0.037019076005339935,0.004053587590995278
2021-04-01,0.006958676111243456,0.027908433823383483,0.032610576584479745,0.02162845443110406,0.034723688920291096,0.010798904846572643
2021-04-05,0.02357724998411448,0.027728873790379804,0.04187264997131157,0.02079404593469847,0.012724554533398713,0.01435324801545601
2021-04-06,0.002462259124148769,-0.004858290148282762,-0.004371229937399246,-0.0009018902147276409,-0.009007984466644081,-0.0005905996704020922
2021-04-07,0.013390439546487887,0.008230385342276936,0.013475124442804187,0.01723733655641202,0.020344163210678223,0.0011572340755179322
2021-04-08,0.019233721261111558,0.013405438780575096,0.0050913656066953195,0.006071242952548017,0.012267206919361007,0.004746921197037235
2021-04-09,0.02025164793848333,0.010266667297123,0.008994005091790935,0.02209562242522667,0.005797234924957095,0.007270147250265646
2021-04-12,-0.013232988412417823,0.00023439299017691262,-0.011472379881817818,0.0021321218730274705,0.056180382420260244,0.00036448302468405913
2021-04-13,0.02430653547563133,0.010081652714734046,0.004370257025217983,0.006098747605224553,0.03093586218950306,0.0029635467081112754
2021-04-14,-0.017853115127684838,-0.011219097357853536,-0.005553397540819738,-0.01970591825597423,-0.025670417580193283,-0.0034150268179790055
2021-04-15,0.01870779370753528,0.0152977727125585,0.019331680601925694,0.013828409714570444,0.056310022390628545,0.010742400523846563
2021-04-16,-0.0025278643839964365,0.004778572777775381,-0.0010939342294036258,0.006022342354579324,-0.01392747073948497,0.0033424548624083616
2021-04-19,0.005068541353158373,-0.007670429982028826,0.003070810430916948,-0.00806900981526193,-0.03461123864536941,-0.004912805784204832
2021-04-20,-0.01282999121016637,-0.001855187165392569,-0.004694739666170733,-0.011067567276491497,-0.012400924444231576,-0.007321554654054152
2021-04-21,0.0029296663142137636,0.008983383254069555,-0.00028962612612859484,0.008195669633476843,0.012474399988276819,0.009461719682212655
2021-04-22,-0.011685256678532263,-0.01308639170403969,-0.011337093952118793,-0.015758395892332966,-0.03321840162515166,-0.009132931150754087
2021-04-23,0.0180383850953989,0.01547615204283348,0.021047437155029103,0.00962218974677076,0.027945652086939887,0.010842272308059675
2021-04-26,0.002978287710070582,0.001531640837193482,0.004348008377881296,0.020389780364207244,0.013936744603100681,0.0020876382532364346
2021-04-27,-0.002449645559772784,0.0016062151589668616,-0.008203705297991859,0.0024729175512423485,-0.006218373759057094,-0.00021539064029763022
2021-04-28,-0.00602704333527071,-0.02828602387942869,0.029707766131413127,0.012017786731569835,-0.006826195841148963,-0.0002873280465917061
2021-04-29,-0.0007488726083570985,-0.008053089235780408,0.014293926870237117,0.0037039347600635875,0.003142053682819279,0.006372758287583435
2021-04-30,-0.015133119743513501,-0.0013067828015318472,-0.016407761865093073,-0.001120636171800582,-0.02057126306229562,-0.006570382571044253
2021-05-03,0.008215304501820286,-0.001268922003210049,-0.00442732904879739,-0.023340170719312603,-0.011509501998055116,0.0021566863099171663
2021-05-04,-0.03538563298671804,-0.016159785303680896,-0.015471239677364967,-0.022034541333801894,-0.03272295032033934,-0.006169195735110877
2021-05-05,0.001955475912569282,-0.005327085731517411,0.0034419464596195937,-0.012479432999494278,0.007473403992492633,0.000312424985212445
2021-05-06,0.012802298180123461,0.013226700393687008,0.009754787406178522,0.010955401769447537,0.004460960038260353,0.007985913196678185
2021-05-07,0.005327527445539326,0.010931739920440275,0.006237779405890542,-0.0044640578502762596,0.019916809298777816,0.007277939504542363
2021-05-10,-0.025804427047047773,-0.02091424739268366,-0.02558742714243789,-0.03072052637375966,-0.03689503855437437,-0.009902312668700564
2021-05-11,-0.0074103616363192515,-0.00384327022706743,-0.009464470243335632,0.010474816917876772,0.0028386342017570065,-0.008924932363481686
2021-05-12,-0.024938563672225578,-0.029362758600655403,-0.030752536857817425,-0.022323796765424953,-0.03828733846916821,-0.021245312338954547
2021-05-13,0.017919771984354016,0.016861958899113016,0.013085111790147597,0.0030235440044839024,-0.006777527637874536,0.012012618940480557
2021-05-14,0.019844799114183687,0.021067210058557606,0.02213497062756664,0.019430851184491837,0.04227880037022724,0.015355356461059344
2021-05-17,-0.009258590538770428,-0.011968331177897418,0.004626036942038336,0.0147351540352203,-0.005441371987076615,-0.002544408906597906
2021-05-18,-0.011245763614069926,-0.008565267961818668,-0.011555682853577776,-0.011653058569779051,-0.010571440361455187,-0.008615805902760454
2021-05-19,-0.0012815746583905163,0.0024740291310920703,0.003991200716797039,-0.000148514828115065,0.0035673659005572844,-0.0026217779045515366
2021-05-20,0.021012251052334063,0.013820462863079364,0.015606617062410955,0.004913709794237331,0.038871128445757686,0.01075790685091893
2021-05-21,-0.014767111271042133,-0.0053148824528675975,-0.005557173294719497,-0.013732853548741542,0.025953804002114333,-0.0008189486173797444
2021-05-24,0.01331414708148193,0.022882262310946144,0.029165801892192533,0.013084215261017773,0.04137264818237574,0.010194595605932166
2021-05-25,-0.0015736554835964478,0.003748373255171744,0.0007750141543330091,0.004332851226203749,0.00229008509774542,-0.002218672986138426
2021-05-26,-0.00039384874924008884,-0.0009138654737624874,0.007380825551762671,0.0018747562447005706,0.0033390325024107437,0.001984591716286621
2021-05-27,-0.012376972582514134,-0.008668285736473047,-0.00740654071643021,-0.010734558114025683,-0.013503151435212968,0.0005249633019384081
2021-05-28,-0.005348006214234813,0.0014837566915049116,-0.0024676446403950614,-0.0021794289420000723,0.04884420623153285,0.001788669452209124
2021-06-01,-0.002648303353260273,-0.009131534468850289,0.010323158581825309,-0.0013714148069622345,0.0012311217188276657,-0.0008808931178847512
2021-06-02,0.006276276166488737,-0.00040416181719704625,-0.004447411297274773,0.004765962837133042,0.03158743148632914,0.0015726384541208116
2021-06-03,-0.01215398196706352,-0.006429460384597907,-0.009706515311099007,-0.014526941142032901,0.011413431477032887,-0.0037113870194662724
2021-06-04,0.01902194797226464,0.020674476765233374,0.019590449629558915,0.006027657821926935,0.03585809994071898,0.009145721510490201
2021-06-07,7.940170442344296e-05,0.012042201472638459,0.00364735933436644,-0.0025606925929613222,0.0023181593583554427,-0.000970052249782194
2021-06-08,0.006672013619173356,-0.0048854898591347284,-0.0016069570641540354,0.020669153552085318,-0.00919451933680504,0.00021297620951510332
2021-06-09,0.0030771961807287695,0.004038418808709698,0.003961078859797684,0.005220349302289318,-0.005429224715317815,-0.0014918380910444728
2021-06-10,-0.00802336683042415,0.01439310822316342,0.011291825294998725,0.02087684594544914,0.0038453667172451134,0.004648563244643356
2021-06-11,0.009832797530318071,0.0025270262948082767,-0.002024488056728724,-0.0008418265339896758,0.02297029376350479,0.0016520486333349016
2021-06-14,0.024577650447284105,0.007755305574938864,0.007698823251409692,0.011067127216432215,0.0108552745082926,0.002239164189842935
2021-06-15,-0.006437459031540693,-0.00588716374705045,-0.008379158576760193,-0.0002186996793457352,-0.012778701327923692,-0.0018339878435850165
2021-06-16,0.003933800245007557,-0.003793096687341624,-0.005328808959467968,0.0094941835711142,0.0012231037018517465,-0.005583249030530646
2021-06-17,0.012600771290063317,0.013676380718750991,0.00804008550905233,0.02166464377780497,0.04755659801482803,-0.00033173944356312823
2021-06-18,-0.010091639396999308,-0.005634496620028573,-0.013409395338815022,-0.0006706583139327593,-0.0009913570263520022,-0.013490570655893874
2021-06-21,0.014103713699121556,0.012334683502363886,0.01416594537895155,-0.009446804682075038,-0.011347719687628044,0.014316037404659365
2021-06-22,0.012698631501298463,0.010965917193026087,0.004252544100299183,0.01490466106187549,0.024936363485118296,0.0053463699516898
2021-06-23,-0.002090289514745325,-0.0009038991856628042,-0.0016634802341074506,-0.0004621896804161141,0.009027348863784868,-0.0012055489135051056
2021-06-24,-0.002168376853209919,0.005353058797234578,0.0030541331670927985,-0.015622946391951387,0.007779171314302058,0.005915814587514445
2021-06-25,-0.0022487195639541158,-0.006262026363251683,6.941225238166204e-05,-0.013806561613952328,-0.009085640451951482,0.0035520532107273795
2021-06-28,0.012545668979933922,0.013961208333676423,0.00022450538872664794,0.012474089136242261,0.0501284657278569,0.002015885079281521
2021-06-29,0.011500252193924476,0.009973620719294862,-0.002150393270800244,0.0012340341405479016,0.0020890483588473785,0.0005382388494048485
2021-06-30,0.004621420045744173,-0.0018427534290732517,-0.0014967147988880214,-0.0023143032508132766,-0.0012107849895574008,0.0008414785317358842
2021-07-01,0.002263188040794617,0.0025843588837732856,0.0029077053371331374,-0.0020900020900020966,0.010473461578915488,0.0055367009750191265
2021-07-02,0.019596333249062514,0.022275057357428185,0.02297366667910028,0.022723749230608936,0.01360591101529618,0.007643603988444658
2021-07-06,0.01471881010983056,3.625954351749172e-05,0.0074446917748309804,0.04692710742205475,0.010323416354130588,-0.0018214822148318044
2021-07-07,0.017955098353906296,0.008175427408214864,0.002250600735958841,0.005669564076709488,-0.01578619129923786,0.0035340070586387107
2021-07-08,-0.009200023235228061,-0.00896658219630675,-0.011306658131225555,0.009422227593882448,-0.023021837294366243,-0.008148014541614512
2021-07-09,0.013055434873441296,0.0018745415710572644,0.0037945146365834237,-0.003234704202571881,0.007410864659924021,0.010674717920869492
2021-07-12,-0.00420381058397179,-0.002230500230856025,0.011607986631553935,-0.00021234814297532711,0.023054693353312672,0.003581986753135258
2021-07-13,0.007888841904390098,0.013197515380673153,0.0028824357455514704,-0.011076947823728367,-0.012796896671289915,-0.0034090113380331744
2021-07-14,0.02410092970287847,0.005445223931772825,0.007032174586298012,0.0011747744165069296,-0.02017304018806232,0.0014924111344691848
2021-07-15,-0.0044920570959648964,-0.00523890848104136,-0.009607117039655111,-0.013711143174944485,-0.044111976429267785,-0.0034155750070251623
2021-07-16,-0.014076289903617534,-0.0009963677752282685,-0.0002755021911308164,-0.01585423166667732,-0.04245715429907748,-0.00784374549425848
2021-07-19,-0.026914241931501492,-0.01332100050259577,-0.018839218641722,-0.006727030092302577,0.03407051173502218,-0.014767610850232704
2021-07-20,0.02597399597780692,0.008338371748928042,0.013096257981487502,0.0066486136498793424,-0.008932779231867305,0.014330094685411687
2021-07-21,-0.005131530029549025,0.007446822100690698,0.010613304698557924,0.003361110852517335,0.04287591488254239,0.008096403862028811
2021-07-22,0.009628630145606776,0.01684454263062296,0.0068405468959364946,0.014735635895966048,0.009479449150095354,0.0020939239145876254
2021-07-23,0.011989176602327012,0.012336670031013908,0.03576886877803087,0.005115384934792466,-0.0018372692632128151,0.010288158954224524
2021-07-26,0.002894209640208034,-0.002140617555461577,0.007668467610457919,0.01180863619816197,-0.013498042275408295,0.0024547963094947445
2021-07-27,-0.014900500858143761,-0.008683563448573017,-0.01592873265205741,-0.019846876786293155,-0.004457727707885661,-0.0045574136293558
2021-07-28,-0.012195735106161232,-0.0011166346767824686,0.03179667579889056,0.0010837371680696428,0.015358329260848791,-0.00041023548724861136
2021-07-29,0.00455198963941994,0.0009783006264729721,-0.002325527434398622,-0.008373940689987869,0.008152729749235421,0.0041475254893088565
2021-07-30,0.0015107053206993015,-0.005549813265930736,-0.0077407081721253546,-0.07564890713277761,-0.00829018109080537,-0.004856443105027419
2021-08-02,-0.0023306870972548133,-0.00031578381198693606,0.0009501259345621182,0.0011690369463182027,0.012872247313335805,-0.0020980801525289916
2021-08-03,0.012644160429319484,0.00807550064580509,0.005750744272757791,0.01043374884144277,0.0032910141498474488,0.008135363131007267
2021-08-04,-0.002782219059986768,-0.002124897832914918,-0.0037198757414084183,-0.0034222398904129037,0.0231647933356689,-0.004918832073438462
2021-08-05,0.0007485654006909037,0.010505781799452274,0.008332999890220183,0.006340362999381677,0.017904365576628,0.0063329125559219435
2021-08-06,-0.004767056650147872,-0.0002072070872526366,-0.0037649760452240777,-0.009197334693852421,-0.01313184376713028,0.001652363350106656
2021-08-09,-0.00034223442576442054,-0.0039037408905742144,0.008652610609712452,-0.0009177334401756498,-0.0034861395985623655,-0.0008135006337048889
2021-08-10,-0.0033540175660525806,-0.006554900147798248,-0.0007739515735158964,-0.006340816609805455,-0.017688808282181778,0.0012439361628722168
2021-08-11,0.0017854241824890593,0.0017804762240023475,-0.003859581406901791,-0.008603643493863333,-0.01188827527837133,0.0024848553593090905
2021-08-12,0.020773304529160264,0.009966624332272911,0.006714030389524339,0.003459810192938395,0.010457311631485444,0.0029969321110163705
2021-08-13,0.0014107945377970221,0.010489270256047512,0.003888554235467856,-0.0028848279463596915,0.014217650436474383,0.0018198783041414313
2021-08-16,0.013547924147489177,0.005976145027994928,0.004225800433686144,0.0015239472057770875,-0.01178913963321937,0.0023544163731843426
2021-08-17,-0.0061540095576746445,-0.005159522910130998,-0.01191516337742271,-0.01728702615047184,-0.024661630478065244,-0.006555116179932319
2021-08-18,-0.025501242964640958,-0.0061192905653699725,-0.008872355153002887,-0.012566487390164305,-0.02148227648674761,-0.010944992482016636
2021-08-19,0.0023232047591545957,0.020775292421198577,0.00170531187305345,-0.0042078187123096855,0.03981094736142965,0.001548334318277833
2021-08-20,0.010156605077811909,0.02557537166272872,0.01289448312849939,0.003827154714335368,0.051419533660397976,0.007957122061817756
2021-08-23,0.010257175758092707,0.0009528170631984967,0.01900605311732617,0.02060035500127988,0.054861344173487536,0.00879672556769262
2021-08-24,-0.0006009561378301775,-0.006663474845411188,0.008711783308126053,0.012220318769066596,-0.007514261363343877,0.0015871810049408186
2021-08-25,-0.008421268132713156,-0.0020154680685803283,0.005787065434404548,-0.0019965141547840792,0.019272273562413345,0.0020986391836343987
2021-08-26,-0.005527203262776115,-0.009668851929121924,-0.004493837006496748,0.005098257262930783,-0.006527791938751415,-0.005903419040741209
2021-08-27,0.007184360666017575,0.00210644763495349,0.018124231654903067,0.01014175672465778,0.02573876781701978,0.008940905335063976
2021-08-30,0.030417220201673922,0.012912149935665251,0.004072636329503387,0.021476998866989616,0.002297171824101607,0.004397758547701525
2021-08-31,-0.00842473694599477,-0.005632422307136564,0.0007401005032405816,0.01438520002272603,-0.013181125084928857,-0.0014817944913464443
2021-09-01,0.0044788060913329986,-0.0001655847654431497,0.003579918475628441,0.0023654092095504176,0.0025017287534490062,0.0005316338447645119
2021-09-02,0.00747492007422923,-0.002253252851990406,-0.013280276580230344,-0.004564478889317991,-0.002005215660777826,0.0030765345197620864
2021-09-03,0.004230164441571871,-3.2838236208698746e-05,0.003158049882696634,0.004311086264728647,0.01995883311037372,-0.00024261453966767377
2021-09-07,0.015489573261121103,-0.0031880533318916493,0.0037636694233686985,0.008982024369138308,-0.007923402884200126,-0.0035755857972981087
2021-09-08,-0.010083639786911403,9.96804716528743e-05,-0.00408586443577974,0.004619174430729789,-0.014253235648322482,-0.0012181561751476444
2021-09-09,-0.006704938915352954,-0.009859439122856917,-0.0010440419765122,-0.011726004336084506,-0.0072517895139815325,-0.004280252668624529
2021-09-10,-0.03310165222937089,-0.005180882670246412,-0.01856578844290291,-0.004308001431212238,0.013572823496453612,-0.007884361435254839
2021-09-13,0.0038932203484165484,0.004328577926553834,0.010338829487002599,-0.0034532897607970625,-0.014503205756486559,0.0025590362550711454
2021-09-14,-0.009561982374854616,0.009427887660650391,0.0014893973243879088,-0.002073980962099431,0.004063011487059898,-0.005396511870640275
2021-09-15,0.006143566470879769,0.016778499642391198,0.013223841038991768,0.007475391332653958,0.00445061571071137,0.008352587986820703
2021-09-16,-0.0016104915620823723,0.001312318845493321,-0.005674100914547675,0.0035819053548502566,-0.0044308954975972314,-0.001585276449892814
2021-09-17,-0.018348024832871457,-0.017528583401962616,-0.019566637455472602,-0.007373319866162298,-0.01537655342396893,-0.009741092515563876
2021-09-20,-0.02136082990991739,-0.018574900317207654,-0.014776228675655534,-0.03084174438431353,-0.03593596532265597,-0.016674130186955627
2021-09-21,0.003427820572636575,0.0016991446471703586,0.00225974772998061,-0.0036057473697842513,0.006299388644259496,-0.0009447129078589134
2021-09-22,0.016872009607866056,0.012822497233569097,0.008994125715450663,0.01089234819407503,0.032712104839454303,0.009754860970601076
2021-09-23,0.00671950440034963,0.0032821617559730676,0.006647334197946941,0.01063594079605279,0.024656772105793756,0.012150054756024264
2021-09-24,0.0006128501420519239,-0.0007009057851211642,0.00707434178318711,0.0027868730462519142,-0.017836192727751166,0.0016472574863559686
2021-09-27,-0.010549643945790055,-0.01730432255400005,-0.008037065319230763,-0.005756835077931344,-0.019066135301653575,-0.0028610174973079383
2021-09-28,-0.02380134758436825,-0.03620367607954034,-0.03715816372937375,-0.0263784679831095,-0.044367727991193595,-0.020151664164582916
2021-09-29,0.0064826321570083945,0.0016933158102401258,-0.010870451512608126,-0.004475351789266391,-0.008792698178848424,0.0016831860739860982
2021-09-30,-0.009311644753112969,-0.00732421546976425,-0.0050424243536025815,-0.0048710792439015105,0.00969910767350357,-0.012222660991472623
2021-10-01,0.008127296654232952,0.025468205939667588,0.021447301024485332,-0.0005418778291703674,0.0012551880659754655,0.011884482055844803
2021-10-04,-0.024605574931386487,-0.020719630925559063,-0.021117909418121417,-0.028471678341373097,-0.048693407241759856,-0.012896262074442943
2021-10-05,0.014158491862636513,0.019957007140804173,0.01768272535615356,0.00978753803838428,0.036438468627413734,0.01040515175740131
2021-10-06,0.006307189426546955,0.015064382063562753,0.011336438146737793,0.012732016728672857,0.012175233129209095,0.004155979449806058
2021-10-07,0.009084033506979061,0.005936325746328519,0.012067212512653303,0.012391203105561077,0.01811605167859942,0.008645482331469667
2021-10-08,-0.002721693740945108,0.0,0.0040256704674779265,-0.004181805261295635,-0.01157776316081316,-0.001823632693880417
2021-10-11,-0.0006299236045205214,-0.0021027672775418838,-0.006234523475389775,-0.01286860335091844,-0.006528962482354017,-0.007239598889022036
2021-10-12,-0.009102842500788966,-0.004588111264994366,-0.017744846311094853,0.0003172745113595443,-0.0011596328535919964,-0.0024615729206262094
2021-10-13,-0.0042400772088940775,0.011710974898353488,0.008303425445225887,0.011378601203982708,0.012965209549927081,0.0035975548365629884
2021-10-14,0.020225849528090478,0.021734179997201286,0.025940866249577477,0.004743759227551214,0.038540429142926325,0.0168206797850734
2021-10-15,0.00751244774558546,0.004822400203340349,0.0015374414128745961,0.03308023939004423,0.005334252357620528,0.0076156916784104745
2021-10-18,0.011806079851379048,0.010124806376653472,0.009973887926860048,0.011064772529006062,0.016467019561207108,0.0029606986247658895
2021-10-19,0.015080239066858736,0.0030589536455885025,0.003214945293388727,-0.0007514424560826072,0.0030600960237028296,0.007714799544357387
2021-10-20,0.0033611230763535005,-0.002660387980468637,-0.01024874775465856,-0.008446195751808605,-0.008389419217590288,0.003927678753152142
2021-10-21,0.0014739568294048766,0.010897503862153046,0.0008251301122834676,0.005841756945129006,0.02664784113050289,0.002608280419462483
2021-10-22,-0.005284850479034708,-0.005148836776686316,-0.030443412657769398,-0.028954833317208384,0.0014983575306648511,-0.001036281953285756
2021-10-25,-0.00033615475365433856,-0.0033313215191707046,-0.0008687008689359788,-0.004550989805058192,0.019361161582025277,0.005363133978761425
2021-10-26,0.004574504944346858,0.006425887488765714,0.013543589755659058,0.01677526160393561,0.06695150687283258,0.0008996758631383273
2021-10-27,-0.003147571143300776,0.042113738223853,0.04959482139212135,0.004863638245470758,-0.010761666526378333,-0.004430146406363189
2021-10-28,0.024991757557744076,0.003651718919284841,-0.002520073091706543,0.01594115275917063,0.020039722165787976,0.009648910449911119
2021-10-29,-0.01815562834322204,0.022413814062997472,0.01506347942980879,-0.021511245053778105,0.02509939187740673,0.0020293185810902337
2021-11-01,-0.0056073288674935995,-0.006784896468936985,-0.030727022234883772,-0.01610709978002456,0.010169202217225504,0.0017200598049376126
2021-11-02,0.00711576820837978,0.011415756110653152,0.01348805629282146,-0.0016154097805501921,0.022225060700284738,0.004042966098605438
2021-11-03,0.009798775043625474,0.002611683074678517,0.008014109187537644,0.021507811127532195,0.007461780064593082,0.006105265462986287
2021-11-04,-0.0034985168634750208,0.007305488222441037,0.011388282744136724,0.02748232410840923,0.12042271532720128,0.004712789322105504
2021-11-05,0.003582097347739177,-0.0011298162030803915,0.0039421240011188186,0.01207642928374364,-0.0016442751127216937,0.003469287182205072
2021-11-08,-0.005552538046430189,0.0027678405166735587,0.001202705684197003,-0.008527948857282919,0.03535888400242815,0.0008539293949003657
2021-11-09,0.002459387143775693,-0.003086306754810919,-0.0007550517145823443,0.025007238016599764,-0.004772023037755813,-0.0033054399797713963
2021-11-10,-0.019163087974860105,-0.015329947585780768,-0.02031315344386342,-0.026334994227121156,-0.039077618136488135,-0.008044954230788104
2021-11-11,-0.00033804583948049416,0.004927372679900621,-0.0008705383326693683,-0.0027425987825921982,0.03160327103596883,0.0003235268864425489
2021-11-12,0.014336891814844543,0.012905225278998067,0.019973568373182538,0.015162029225161966,0.0,0.007546777150390316
2021-11-15,6.686357050833536e-05,-0.0019301584639417335,-0.001519802186385033,0.0058238044631160335,-0.012010534291195585,0.000342646445568473
2021-11-16,0.0066664354716476915,0.01023583745700929,-0.0038800507821478147,-0.001404486161877938,0.005928328308145714,0.003957826831342048
2021-11-17,0.01649028748964443,0.0006785596141547501,0.0011563719940681505,0.0023441312596286235,-0.031188925680600832,-0.002429203844396932
2021-11-18,0.02853589201212814,0.006339785589529523,0.012100985198866265,0.04143700734081479,0.0824990187519048,0.003396328516530156
2021-11-19,0.016975818816413524,0.005391643552381753,-0.00608650641933417,-0.005273114275827329,0.041357450267019535,-0.001788309077879191
2021-11-22,0.0029278122214828617,-0.009559222126220401,-0.017622788463030337,-0.02828730052206352,-0.031196026066509508,-0.002815274252818356
2021-11-23,0.0024222595642047207,-0.00632700533173558,-0.003554555263647785,0.0020909577736383245,-0.0065714966570596944,0.0013263011320454599
2021-11-24,0.003283169286166121,0.0006812731837790853,0.0023185972143442424,0.00010331533981333685,0.029231808856139407,0.002669647576831524
2021-11-26,-0.03167849356535879,-0.024355748443193326,-0.02694348585341011,-0.021184701669844985,-0.03583878710981703,-0.022303069242848195
2021-11-29,0.021873789626531526,0.0210810642718966,0.02354350732638144,0.016267432688752415,0.05945465435165542,0.012266582988003538
2021-11-30,0.03157773237492112,-0.017942596251134924,-0.024963731475955875,-0.015302274022490625,-0.020973145405856486,-0.019457468285996704
2021-12-01,-0.0032064742618305164,-0.0015426967833697125,-0.005962066445868719,-0.0180634873037836,-0.03786115397842915,-0.011107433669428901
2021-12-02,-0.006129817195760334,-0.0017874006715157265,0.013573055618228969,-0.0018468889124809706,0.021982024318605742,0.01531645112135438
2021-12-03,-0.011724265558091918,-0.019666557844712607,-0.006746395687409645,-0.013839076006382012,-0.044605636191178966,-0.008701497290131477
2021-12-06,0.021502625956989485,0.009844532346636514,0.008123130794739808,0.011086219388703134,-0.02137303735057916,0.01184334573869461
2021-12-07,0.03544639301067409,0.026764004709591394,0.028741555945295705,0.027986504263362688,0.07956878489994645,0.020684815174122573
2021-12-08,0.02278291430175461,0.00014907195835167641,0.006226570865330183,-3.689871657430732e-05,-0.018534010593192263,0.002648022831915675
2021-12-09,-0.002970079182482266,-0.0055824954773401325,-0.0036978139727118498,-0.011279643604146683,-0.041978343112635375,-0.006751636779384174
2021-12-10,0.028013527950348394,0.028339788552389056,0.0024586738811416264,-0.011247564604614624,-0.009577073224760646,0.009413554020520465
2021-12-13,-0.020674329409861913,-0.00916676982927389,-0.014695774354704372,-0.015356076499860039,-0.06745477799576494,-0.008858177527306998
2021-12-14,-0.008023175752179923,-0.03258682050549255,-0.013163049870162036,-0.0028071293797337082,0.006249827398870034,-0.006879992111576416
2021-12-15,0.028509092434048533,0.01921767809847852,0.01760882431112787,0.024977573145925636,0.07488443501321673,0.015624825057011682
2021-12-16,-0.03926396820053235,-0.029135077520225372,-0.013630182347263431,-0.025641174633125208,-0.06802572937244244,-0.008818449270828532
2021-12-17,-0.006501615678021211,-0.0033857098951589615,-0.018830625785022592,0.00678920370502567,-0.020643323434447525,-0.010642878907558329
2021-12-20,-0.008121991711243726,-0.012013408483629195,-0.0008326684267805362,-0.017283556389377508,-0.0029495805620511906,-0.0106334960640877
2021-12-21,0.019086772723311496,0.02306895147308108,0.013173564758813372,0.019978649621920752,0.048919615943300965,0.017758967705198803
2021-12-22,0.015318777123803029,0.018057697973477893,0.020509485576686082,0.0036381058820253998,0.011177779893317474,0.009998934819446248
2021-12-23,0.003643840677446608,0.004471620186437875,0.003425036570195328,0.0001841364158221559,0.008163483903056878,0.006221861762962355
2021-12-27,0.02297484864551258,0.023185574785747898,0.0067385138111275555,-0.008178022851368039,0.044028217010277704,0.014152442219860006
2021-12-28,-0.005767220210426971,-0.0035041561978529367,-0.008245093228042344,0.005843719029521299,-0.020132502032507493,-0.0008172523914646845
2021-12-29,0.0005020350192515011,0.0020512713669063043,-0.00021800622178835827,-0.0085549217086347,-0.010586377503579825,0.0012789729161564178
2021-12-30,-0.006578479287164929,-0.0076911402909100035,-0.0030990732925318953,-0.0032890070546229833,-0.013832688124149839,-0.002764413239057961
2021-12-31,-0.0035352155790729922,-0.008841245676682541,-0.009223710297339038,-0.011429400216389607,-0.005915073398614634,-0.0025202432729893864
2022-01-03,0.025004266669481856,-0.004668245933369342,0.0009629352350284393,0.022118320898886212,0.024140597289556753,0.005789887668909088
2022-01-04,-0.012691684987771401,-0.01714686602079607,-0.004083039799332666,-0.016915587005979504,-0.027588735745322723,-0.00033473345572410107
2022-01-05,-0.02659991731235245,-0.03838795664684591,-0.04587630917021601,-0.018893091563845,-0.05756224688826872,-0.019202213820596503
2022-01-06,-0.016693221608783837,-0.00790181936270784,-0.00019957265736081364,-0.006710981961323137,0.020793928419384322,-0.0009394433549949621
2022-01-07,0.000988500552557614,0.0005095526200802336,-0.005303206346984002,-0.004287778294336242,-0.03304002385794924,-0.003953638619086486
2022-01-10,0.0001163181055210405,0.0007323552021778479,0.01206061493869015,-0.006570176170610398,0.005615503928504628,-0.0012441658145508905
2022-01-11,0.016783421825814937,0.002259388414834751,0.007690914012948635,0.024002125643924677,0.015218977637828646,0.009108217735317448
2022-01-12,0.0025705353655165464,0.010444971106106093,0.012126552238371557,-0.0009373300985386912,0.006542582252428764,0.0027034483675139054
2022-01-13,-0.01902801134009313,-0.042322438093475356,-0.020105166727459767,-0.024169655027437842,-0.05085882126049113,-0.01377859103890422
2022-01-14,0.005110597306560161,0.01771645569251179,0.006447161871624196,0.005731487003565627,0.013809945715415939,0.0004089752534623958
2022-01-18,-0.018894288939143578,-0.024339504952561763,-0.02496755599303846,-0.019862738846190164,-0.03856419539222666,-0.01770937210146306
2022-01-19,-0.021024890745289015,0.002247240266669337,-0.006481888610782471,-0.016477101806013472,-0.03227439066685778,-0.010383659712435933
2022-01-20,-0.010346907650954806,-0.0057035503651425845,-0.013388318818376765,-0.02963230963415675,-0.036582009149112915,-0.01106818891090977
2022-01-21,-0.012765281033597198,-0.018467988161022575,-0.022174252616479317,-0.05950180896147472,-0.032132195466962554,-0.019630581803964597
2022-01-24,-0.004864327272762203,0.0011485322868165504,0.003471322386525477,0.01332698348311534,-8.572039220933192e-05,0.004246729450409825
2022-01-25,-0.011384538983003956,-0.02658856353772221,-0.0295786361246827,-0.031533745543573244,-0.04483995220883341,-0.012208843701504102
2022-01-26,-0.0005633361623980093,0.02849337615371339,0.01810373502545204,-0.007954330670553511,0.02006777408558058,-0.0025086782591320356
2022-01-27,-0.0029432856979773048,0.010548977279899452,-0.0017641524648250861,0.005508645722495764,-0.0363600560321119,-0.004938219550565837
2022-01-28,0.06977777093178594,0.028081483917756556,0.033688584435138225,0.031084056738273746,0.04083091304344788,0.024835422743690216
2022-01-31,0.026125875860062653,0.008823928251243007,0.014641705503634972,0.03886361030218932,0.07206665322563066,0.018011006979895994
2022-02-01,-0.0009726882231704259,-0.007138716957930669,0.01729824229447674,0.010830762802234384,0.006207627264494642,0.006757108333429684
2022-02-02,0.0070442059755242425,0.015221907292904957,0.07523751319020344,-0.0038427158906232384,0.024515142505995735,0.009714100717978402
2022-02-03,-0.01671994730125481,-0.038952266396620194,-0.03317571307450884,-0.0781276325178123,-0.05126388922826808,-0.02350515654475782
2022-02-04,-0.0016791305708555582,0.015568406130134882,0.0014188591790877947,0.13535901735711864,0.01549169260893346,0.004702347839489196
2022-02-07,-0.004234525948032863,-0.016310044281991676,-0.028556922225854486,0.0018777353189827206,0.01681831919361665,-0.0032094769388092415
2022-02-08,0.01846675584959656,0.011995111423104055,0.001422423948068685,0.022021627828944013,0.015366881031155799,0.00822796124130254
2022-02-09,0.00829374158935714,0.02183476925994987,0.015731737112412603,-0.0013877341505965646,0.06360560516466007,0.014636138155718736
2022-02-10,-0.02359894432948817,-0.028373237011858454,-0.02098998836585142,-0.013561706274733853,-0.032990254938162655,-0.01796567312256081
2022-02-11,-0.020218564771776304,-0.024274080572737056,-0.03129058798742257,-0.03591110674363196,-0.07260681665059399,-0.0197186726955052
2022-02-14,0.001423406817735673,-0.00013565714050889355,0.009260460562427797,0.012221683270054351,0.013278394540801486,-0.0032692977742082574
2022-02-15,0.02315221978252624,0.018542790840598844,0.007987395477575099,0.008658352201907249,0.09181187017786252,0.016126745918044527
2022-02-16,-0.0013886783348753262,-0.001167476340170781,0.00826813357018974,0.010159039538768955,0.0006039710409115884,0.0011208372299882363
2022-02-17,-0.021269181572092122,-0.02928225742399604,-0.03774557240778642,-0.021808901106176726,-0.07559148774691127,-0.021361322746734968
2022-02-18,-0.00935567145548355,-0.009630727508492032,-0.016116197192511006,-0.013261957754408193,-0.035295912613669045,-0.006475118305802718
2022-02-22,-0.017812554087363375,-0.0007292432712209251,-0.0045205653890233455,-0.015753494788264932,-0.010659134240970869,-0.010731535499128753
2022-02-23,-0.025863857374699983,-0.025893432747487344,-0.01714369964632656,-0.03575624663287669,-0.042881583724195926,-0.017738654914669638
2022-02-24,0.016679965921937656,0.051093586305336114,0.0399960013476135,0.04509522427819257,0.06079440454227081,0.015049061619186732
2022-02-25,0.012965543740363517,0.009233152558242308,0.013327963822904243,0.01605793012842116,0.01722237413199701,0.022064047700041556
2022-02-28,0.0016379349016699685,0.004978063960760171,0.00444364149019405,-0.0014662630028149382,0.009438256131758083,-0.002558512245109723
2022-03-01,-0.011628017941995639,-0.01285175847700637,-0.007370947681053064,-0.015765550251120253,-0.03723585762925741,-0.015230272561747138
2022-03-02,0.020588314583282807,0.017765596914219417,0.003804303301409906,0.0060241839623909055,0.0318237233394858,0.01839610378513168
2022-03-03,-0.00198136748357991,-0.014224296886087395,-0.00499361961358713,-0.027319556126581324,-0.02089176787500946,-0.004978393325966501
2022-03-04,-0.018408217061087973,-0.02047846523258179,-0.014884516267601455,-0.0152637929917393,-0.03280768078358465,-0.008124591294790817
2022-03-07,-0.023717640606535917,-0.037777107797171916,-0.0419083469274526,-0.05622045424233624,-0.06906177711247552,-0.029479350122636916
2022-03-08,-0.011676083010075056,-0.01097101893004715,0.00574462913955065,-0.010465446730283379,0.007587114991160382,-0.007581640309377358
2022-03-09,0.03499743742094741,0.0458580892325029,0.049687492520210874,0.024001199930983708,0.06972190058590688,0.026810794681630945
2022-03-10,-0.027186090685024866,-0.010086252677383611,-0.007423862717710339,0.05412515560997311,-0.01546864296028616,-0.0045156138957274106
2022-03-11,-0.0239087725141236,-0.01932861901978078,-0.019323508539456302,-0.008806846762653975,-0.024627054656500058,-0.012714888423197457
2022-03-14,-0.026562525522565994,-0.012961065683853024,-0.030180167945147884,-0.025229488143872714,-0.03484161519560969,-0.007308468502692733
2022-03-15,0.029677277014124925,0.03874227813848963,0.025779797001633575,0.038867730338306705,0.07702748713241037,0.021990530920161344
2022-03-16,0.029015567913421636,0.02521383817560352,0.031599054189973774,0.038933563723705156,0.06629506681902808,0.02217417038741165
2022-03-17,0.006453972371652794,0.002819393952957272,0.00419019643127716,0.027007748989816838,0.011022501988017464,0.012510951439574036
2022-03-18,0.020919216611432256,0.01764752585725926,0.017084006917574834,0.025512151358369817,0.06811741345440536,0.010952717136780477
2022-03-21,0.008537388620677877,-0.004227358864348552,-0.00017630357710674005,0.0014945523217748669,0.010622482391309696,-0.0002923294544930899
2022-03-22,0.02080040194997812,0.016379407643539956,0.027674356276608636,0.02103830044237709,-0.00785496944107622,0.011701338514964021
2022-03-23,0.008233945409842125,-0.015030179740873617,-0.011385807998865238,-0.008981816492546923,-0.033554579380151495,-0.012878292218786891
2022-03-24,0.02267781603757979,0.015393110502956997,0.023840193480720195,0.0014779010051912955,0.09815093189326829,0.015074167193017018
2022-03-25,0.003734048821375291,-0.0013812464006714986,0.0007133368419873776,0.006868294014676479,-0.01626998897626797,0.004883668053900614
2022-03-28,0.00503679439606497,0.023116378346444977,-0.001535255701077487,0.025592678900108856,0.019030858526380756,0.007113186177263975
2022-03-29,0.019134290711254387,0.015159470027676258,0.007422701293525291,0.00192027764251268,0.015485955983846722,0.012370660238968378
2022-03-30,-0.00664969074845001,-0.004914430542356851,-0.003978723643441984,-0.01780118433038691,-0.03371029146011961,-0.006174709213009666
2022-03-31,-0.017775533806626775,-0.017683128668426695,-0.02022692741795451,-0.019864567358571672,-0.014590019174714697,-0.015391283904385489
2022-04-01,-0.0017183796301963872,0.0036005983360831717,0.007787420964129321,0.003450973226124532,-0.021036474710501962,0.0028339324348938266
2022-04-04,0.023693631274855687,0.017936457711343,0.020128428020715017,0.029264484561530857,0.024258773055918725,0.008566656759556146
2022-04-05,-0.018941844360301552,-0.012984814946777057,-0.01665018039724564,-0.025492089193307588,-0.052229497591208984,-0.012631244025331445
2022-04-06,-0.018451118785560716,-0.036606134631535614,-0.028757117815062072,-0.032300120131985244,-0.058771429734150615,-0.00999926553138808
2022-04-07,0.0018043813790165064,0.006243865356546641,-0.004829961986399844,-0.0061194323502751224,-0.008153226419014836,0.005038878650236223
2022-04-08,-0.011908965507240632,-0.014600149665354945,-0.019140649974086488,-0.021066740550443774,-0.0449852563384453,-0.0026737983364220064
2022-04-11,-0.025515901759834092,-0.03943162956451218,-0.03349132857926085,-0.021613947156313595,-0.051992089728825075,-0.017092457249122006
2022-04-12,0.011523298902931467,-0.01121758517619853,-0.008608873958305785,-0.002213363562407644,-0.018843516436924612,-0.003705331502612208
2022-04-13,0.01634258335182781,0.019712127807042457,0.017065306638129663,0.03152445706895657,0.0325055734985753,0.011453746904252826
2022-04-14,-0.029988399656109777,-0.027084533942612343,-0.02435816415339187,-0.024652684274885983,-0.04256190722888664,-0.012451951870381173
2022-04-18,-0.001330872446353104,0.002465895426791098,0.007468678783302707,0.007109164667870926,0.024696550029154052,0.0004112880237814309
2022-04-19,0.014115367828261505,0.017039839644167554,0.01826902734879665,0.03488883060861969,0.01905148423413361,0.016142579451231986
2022-04-20,-0.0010157690715791867,0.003715244247555427,-0.015145450926307702,-0.026041044919075107,-0.03225495017471203,-0.0007415137426582952
2022-04-21,-0.004843499828620534,-0.019380736710233437,-0.025191247541395234,-0.037026427673936824,-0.06046930772283232,-0.014953453177773746
2022-04-22,-0.027821263459168688,-0.02414470626068821,-0.04149355650064057,-0.026608937569704394,-0.03309719344119677,-0.027439121394051247
2022-04-25,0.00673727528915502,0.024413364343311095,0.02874141258864893,0.011943186356370372,0.019831013892112503,0.0057976920158331335
2022-04-26,-0.03732795994054838,-0.03740372907827805,-0.035945807812873265,-0.0457507730510871,-0.05597437946662065,-0.028961150312914685
2022-04-27,-0.001467109290239521,0.048108549354106245,-0.03670881006118554,-0.008781047317448887,-0.019853011183080804,0.0028119088706894946
2022-04-28,0.04515570570500249,0.022632668362421615,0.03699203482573665,0.04653418536434306,0.07423278046101811,0.02525952196813175
2022-04-29,-0.03660467449222249,-0.04181174037597679,-0.03723333983383881,-0.140494377749234,-0.06243030549115758,-0.03695568353179468
2022-05-02,0.0019661829983161905,0.025043165671261525,0.02167650540849575,0.0017580913238786078,0.05316257068370289,0.006019495859354462
2022-05-03,0.009622778927548259,-0.009456063404895465,0.006441814050987205,-0.0019799044812061073,0.0035322097327599167,0.0045841114219511425
2022-05-04,0.041008284555290375,0.029100553782928085,0.0419912699276459,0.01348046853293483,0.03734295467631088,0.03045284193024833
2022-05-05,-0.05571597279930818,-0.04355461287349405,-0.04707563835903905,-0.07561036490424522,-0.07327627575895745,-0.035542891410386024
2022-05-06,0.004726995814480439,-0.009446650811279933,-0.0065145877806392916,-0.014041240035030156,-0.008968275795341096,-0.005968963083886725
2022-05-09,-0.0331892392922194,-0.03694554729182242,-0.027953324576861616,-0.05213354825727934,-0.09236932387529195,-0.032017355568836
2022-05-10,0.016111976015267482,0.018595519570342,0.01674489187013961,0.0006434445934944133,0.03805304314970415,0.0023105618883061396
2022-05-11,-0.051841256977238626,-0.0332094556079352,-0.00692758671232141,-0.03203225709010704,-0.05484557941936974,-0.015886007026407856
2022-05-12,-0.026894268316777548,-0.019957801223973615,-0.006676857119108592,0.014790404884573283,-0.02735968501985553,-0.0010439213677722048
2022-05-13,0.031916517658444166,0.02259627249295937,0.028415280256895104,0.05727556035084924,0.09465175183798902,0.02390780561135819
2022-05-16,-0.010672413630606226,0.0014555136723548578,-0.013834526445897888,-0.01985316173972196,-0.024963118057154787,-0.004057595129336677
2022-05-17,0.025422511466600906,0.02034382031399895,0.017720407622541234,0.04113327357999652,0.05288457591720852,0.02057041656742231
2022-05-18,-0.05641901089118673,-0.04552932834538992,-0.03926665581745392,-0.07156196640827217,-0.06816321916128898,-0.040311447828821234
2022-05-19,-0.024641319029976683,-0.0036998227667049965,-0.013543386473655716,0.0019278532990965047,0.010981753349206924,-0.006124809295052658
2022-05-20,0.001747039797981742,-0.0022912420288240254,-0.013371593972986373,0.0025345295167615856,-0.02511117968289789,0.0004366095892149868
2022-05-23,0.04011953762390563,0.03203193734450749,0.023689848414106818,-0.0003160506951839226,0.012219969313842949,0.018710197871862233
2022-05-24,-0.019216190773110764,-0.003951430335459971,-0.04949412146860144,-0.03214110432537598,-0.04402894158787485,-0.007633765449802432
2022-05-25,0.0011401977016021192,0.011169901311054886,-0.001557042574135914,0.025696475417555487,0.05082340438169708,0.008834852906747237
2022-05-26,0.023199595925284422,0.012875320011158875,0.018784550415207324,0.04029499229486544,0.05160517077278626,0.019981408469913475
2022-05-27,0.04075627206473409,0.027604121418725036,0.041969423817234786,0.036632083603781895,0.05377871375385945,0.024548905356994943
2022-05-31,-0.005346294197968393,-0.005013441189763879,0.012870040846801434,0.04397010379074828,-0.007389425116592796,-0.005610684091322038
2022-06-01,-0.0008731258722624036,0.002022734080442401,0.0011426182104108396,0.012266042992872705,-0.018852076480368574,-0.008088769071553759
2022-06-02,0.016811309140446262,0.007928790181760847,0.03275470774324529,0.03145034300738625,0.06943241497975094,0.01904355895288079
2022-06-03,-0.03855541866871404,-0.016606935697712988,-0.02619820524178884,-0.025185068024527135,-0.04450772146233972,-0.01641137014427363
2022-06-06,0.005227450291644509,-0.0047035207825048,0.0199012830088805,0.01994280728922404,0.0035257071645558025,0.003044768775534612
2022-06-07,0.01758579644992264,0.013953715885746343,0.0028160744029630536,-0.014344105316090427,0.007452068033750869,0.009592165502145589
2022-06-08,-0.005043246081328001,-0.0076698261492156306,0.00038013761875932417,-0.014796745486375773,-0.014480089762733517,-0.010872142336830315
2022-06-09,-0.03595556984674386,-0.020783208702485068,-0.020124916675226645,-0.04150848957443054,-0.032175102082265705,-0.02378297919164707
2022-06-10,-0.03862858376057576,-0.04456370458048187,-0.03199350013189273,-0.05596211721574329,-0.0595079977342573,-0.02899560836534132
2022-06-13,-0.03828522507449017,-0.04241261177661493,-0.0429016554834768,-0.05453719355874542,-0.07817843520621326,-0.03796819538522256
2022-06-14,0.006672847044392638,0.009204938998218282,0.0030358419158582617,-0.013118555361940287,0.012078974223045158,-0.003013171865583808
2022-06-15,0.02011149741885432,0.02973550680499737,0.028571475999502605,0.052389802934770247,0.043634791103122295,0.01425612067751758
2022-06-16,-0.039651603904165666,-0.026970310479023984,-0.033990948704766044,-0.037243378610853584,-0.056029530331663024,-0.0330960179690547
2022-06-17,0.011533387725201072,0.010940191756504625,0.010468350415097083,0.02469609751257895,0.017883303976217402,0.0021556639752693396
2022-06-21,0.032760711917861673,0.024591112070406096,0.041071043859169265,0.023159471438541024,0.04319894373361821,0.025173562409249062
2022-06-22,-0.0038270386737518924,-0.002404013356017254,-0.0005064048404955779,0.0024843268523027096,-0.012435117695203446,-0.0018127846969890893
2022-06-23,0.021573509411793923,0.022636676436934344,0.006767460095404854,0.0320330939965241,-0.008251831129595155,0.009802349598458049
2022-06-24,0.024516983705143103,0.03414968460334644,0.05107708649697962,0.03575237064906034,0.05553146093975614,0.031794034312817354
2022-06-27,0.0,-0.010496800471429979,-0.018152093342878817,-0.027820692849391482,-0.015006115213324733,-0.003819657177370428
2022-06-28,-0.029789661364551412,-0.031749059658493395,-0.033030201035704976,-0.05140434227234392,-0.05258164393099518,-0.020432866103627823
2022-06-29,0.013023889296374325,0.01473812362343141,-0.002731961814696482,0.014152668728781626,-0.02753115971846609,-0.0008145500151683915
2022-06-30,-0.018027582140253684,-0.013179208101300466,-0.02451621337559784,-0.024880638358707907,-0.024642715066119925,-0.008124307625989258
2022-07-01,0.01616430916980227,0.010707159794824062,-0.002069359010462457,0.03154127203651247,-0.041955355812055894,0.010576536204069953
2022-07-05,0.018930600059564595,0.012597616447041382,0.041618348077999245,0.035962053023039786,0.030365736557715683,0.0018886738910348644
2022-07-06,0.009606936248249154,0.012782929564375545,0.011557173313807123,0.007312791463036872,0.011093117180963175,0.0033774035303080208
2022-07-07,0.023999666890810456,0.00822640002526076,0.03675428022265681,0.01749322109655349,0.048116452799524145,0.014977007616632232
2022-07-08,0.004714537872035018,-0.002756729403237679,0.004802893147882292,-0.006791033294013538,-0.0012612483599726554,-0.0008224746572351727
2022-07-11,-0.014757852723635057,-0.011768853400431434,-0.03080765050405443,-0.03280250030721621,-0.04331355823241412,-0.0114235649733474
2022-07-12,0.006833709309755465,-0.04098143651208763,-0.014315834160838814,-0.022639810105564928,-0.004619833774444304,-0.008848930888579742
2022-07-13,-0.0025365028814283708,-0.0037449819521568894,-0.023390464646639297,0.010803884746268588,0.005436796000714006,-0.005251605978023877
2022-07-14,0.020482609644440597,0.005381499779985921,-0.008854765862269964,0.002083294604712016,0.013716770886084584,-0.0024285535742445408
2022-07-15,0.01145005808760824,0.010390224184571473,0.01277553640050888,0.02639434033114041,0.025370829074053303,0.019105082308190635
2022-07-18,-0.020643274441270898,-0.009621309758130137,-0.024580093119171087,0.0018493974357440823,0.021507732815079006,-0.008257065480225423
2022-07-19,0.026721602650011222,0.020766929519552058,0.043841248368633234,0.03911741266419111,0.0553378532898281,0.02701934450916932
2022-07-20,0.013510191191820065,0.010557414563996392,0.0007907722261304428,0.03857539627705431,0.04796369933335254,0.0063730625963756005
2022-07-21,0.01509418520339878,0.009799423851062361,0.0038628977616208537,0.01515028639903937,0.013646507612791847,0.010183341015531644
2022-07-22,-0.008110857680931671,-0.01691621485724537,-0.056323105456964506,-0.017732481209791984,-0.040498688240394154,-0.009278342338994272
2022-07-25,-0.007398306148010847,-0.005876398103137892,-0.003614583134805338,-0.010455798059483823,-0.017033275385289648,0.0012150316917907134
2022-07-26,-0.008826233027992902,-0.0267744207966244,-0.02316049971046774,-0.052253606265046715,-0.028841546673985086,-0.011830917886220704
2022-07-27,0.03423471915353149,0.06685208271588094,0.0765567236886957,0.0536538959419941,0.07602964654732602,0.02596634411986476
2022-07-28,0.003571663129978031,0.028540509242655165,0.01026015108605871,0.010829110898360028,0.010904904979245789,0.012542314447365976
2022-07-29,0.03279330437487604,0.01566503038629463,0.018385456760140695,0.10361464095050721,0.00995338569390869,0.014578837941936706
2022-08-01,-0.006153758845776736,-0.009724230069909634,-0.012551495330302087,0.0032604850044939404,0.015305937960069294,-0.002961153427229579
2022-08-02,-0.009287310830337847,-0.011474166189447854,0.0023506300499904764,-0.009084834427092181,0.0046090418583941695,-0.006597527117667146
2022-08-03,0.03824774785168583,0.027836300292598537,0.025623227280457073,0.039952299225118226,0.019810049176036015,0.01565939754464063
2022-08-04,-0.0019261925331696128,0.004177370198904962,0.0009315707109263105,0.021860686341448332,0.017043434478156705,-0.0006755432925520388
2022-08-05,-0.0013889225557528473,-0.002608852205297274,-0.006091932046248694,-0.012414983387324718,-0.01176164719861561,-0.0016901167870777556
2022-08-08,-0.0029032661414795102,-0.009154810562028048,-0.0014470988686979824,-0.009872154542052702,-0.06298398363625457,-0.0011609416545834694
2022-08-09,0.00030336310317724546,0.007063218482804112,-0.005711884786061883,-0.011333489631663474,-0.03973449356088776,-0.003970919983848464
2022-08-10,0.02619441649130705,0.02430020763983398,0.026322485363207804,0.0352608325167747,0.05917126143087681,0.021003939753948542
2022-08-11,-0.0044314772862544816,-0.007400492462736663,-0.007184602703869558,-0.014366830308238487,-0.008565052659467387,0.0
2022-08-12,0.02142558516848081,0.01703726457784205,0.023897697509574156,0.020691152408548463,0.04274892646906747,0.016929079007722336
2022-08-15,0.006333678851648594,0.0053441658620538846,0.0032872726517765294,-0.0025775713556979163,0.017264373545093248,0.004120687299599135
2022-08-16,-0.0009239469331446815,-0.002589609323153552,-0.0031127209646721887,0.0111747882760318,-0.008039135159890298,0.001958834596891723
2022-08-17,0.008784444491596544,-0.0026362780534359143,-0.017666235072323788,-0.01851079360669594,-0.0288151736830623,-0.0070980751736213765
2022-08-18,-0.002291514187227728,-0.003947387933724733,0.005185944014662658,0.0014074379989574837,0.02388900997348342,0.0029063821340671314
2022-08-19,-0.015101862264648713,-0.013854254942025412,-0.024631831930530423,-0.02860159688639219,-0.049219725343320864,-0.013437975964457283
2022-08-22,-0.023029434506465774,-0.029354959220039833,-0.025338911414643728,-0.036243902638259384,-0.0456605559642802,-0.020822507152064906
2022-08-23,-0.0020287950945734323,-0.004716656596200686,-0.0033264059895399267,0.003002506326521548,0.008629452751194533,-0.0024193759328078324
2022-08-24,0.0017940260838462674,-0.0023512529102629465,-0.0014931152188709662,0.001347163157822573,0.002386542548028059,0.003201280731445877
2022-08-25,0.014922484759282595,0.011095182155321126,0.026035773860683786,0.026008936084948253,0.04012273650642806,0.014117426769183927
2022-08-26,-0.03769927173566556,-0.0385869249313624,-0.05409347902304529,-0.04756700784791723,-0.09227907772231192,-0.03384881620655256
2022-08-29,-0.013690214948174018,-0.01066811329683115,-0.008337823370824893,-0.007342307563037775,-0.028228872020367834,-0.006612508152960883
2022-08-30,-0.015305404864788041,-0.008520965827561122,-0.004386729314988624,-0.008167020675137082,-0.021074682091740127,-0.01097779055682846
2022-08-31,-0.010635204724460334,-0.005704002478885362,-0.006609192293963062,-0.015225659516225343,-0.02417885431089495,-0.007608972625788524
2022-09-01,0.004706950779715724,-0.004092242028591375,0.01404535564534326,0.008282741023605045,-0.07665307581048963,0.0031379124870165587
2022-09-02,-0.013611016372673257,-0.016666679785682148,-0.017222456246932083,-0.002425266463259912,-0.020807770476492293,-0.010544524291883572
2022-09-06,-0.008215178795634936,-0.01097411985276786,-0.009643024557540625,-0.010979542799969155,-0.013336420110352298,-0.003772951180295858
2022-09-07,0.009253709225400142,0.01911170766107584,0.024716830410046686,0.026722663554652915,0.01879517482911286,0.017964902241974556
2022-09-08,-0.009617735439707786,0.0016659581101035048,-0.009776218566877493,0.0026259778181887405,0.02012522099176839,0.006536142332414174
2022-09-09,0.018839816588385183,0.02297699062388059,0.0209449745201018,0.02657523304266962,0.028377526535282138,0.015535205369525684
2022-09-12,0.03850802722602875,0.008281004580883655,0.001897690251400297,0.023861278411006825,0.008201774550888885,0.010747809543645959
2022-09-13,-0.05867971963482432,-0.0549783341420359,-0.0589933425619239,-0.0705752837581286,-0.0947258844816844,-0.04348251865994557
2022-09-14,0.009555609645650387,0.0009126473932423718,0.006518418043457208,0.01364140798846103,-0.00022843464684474402,0.0038156817582661873
2022-09-15,-0.018929827627914286,-0.027119095221240563,-0.019904666916993663,-0.0176585314552421,-0.015158651084845931,-0.011353232338284891
2022-09-16,-0.010960183011409996,-0.0026083916393960793,-0.001068819043644531,-0.021777003694830932,0.02080593526770924,-0.007628769297359672
2022-09-19,0.02508275511937952,-0.0008989030136282716,0.0026263196124729493,0.009147615105472573,0.013941662690199585,0.007754773685022309
2022-09-20,0.01566557311079131,-0.008465466879026051,-0.018725028954400758,-0.019813903001303146,-0.015393898942818729,-0.01147845649971313
2022-09-21,-0.020267610591390706,-0.014435896693864136,-0.018390355039490047,-0.02987152347123645,0.006451252045276634,-0.01744393067114991
2022-09-22,-0.0063753777398154465,0.008495460980160185,0.008662414847903532,-0.010376272544574294,-0.05278635172164614,-0.008399606004974802
2022-09-23,-0.015123530475821045,-0.012698295965076212,-0.013980493515143633,-0.03009120154088929,-0.0035826958965601285,-0.016754872583484737
2022-09-26,0.002260369264314388,-0.001975253989392134,-0.005772828796874352,0.012040804722097675,-0.023010428238442238,-0.009892752803825955
2022-09-27,0.00656574265574128,-0.004379843450477372,-0.006824937921944496,-0.006426381710496365,0.015129392692168286,-0.002552776857269956
2022-09-28,-0.012651371357974228,0.01971136470543189,0.02615391870754369,0.0314657666190894,0.02602094101563801,0.019676366759572295
2022-09-29,-0.04911930689101396,-0.014808800031917313,-0.02628693156033768,-0.027201076403397084,-0.04051490227747434,-0.020888997495540962
2022-09-30,-0.030039215480746728,-0.019368560368599463,-0.018168705774013305,-0.015679468675155683,-0.006628791735604045,-0.015463584144426279
2022-10-03,0.03075259666505703,0.033662662939895505,0.03125986906046618,0.025486701357681163,0.030727583264593017,0.02640144932335642
2022-10-04,0.025623311277718885,0.03381241574600047,0.030413738532314216,0.04496029692750958,0.05234993176630409,0.030986643558122084
2022-10-05,0.002053171192225589,0.001285664780678708,-0.0020662163734026517,-0.001156159830559278,0.0031895585951549066,-0.0023281974319585563
2022-10-06,-0.006625714300287466,-0.00967091431867284,-9.848649717469904e-05,-0.00537407121029132,-0.005980745535363319,-0.010315946202902215
2022-10-07,-0.03671872058274828,-0.050852930379317374,-0.027016436258721077,-0.04771409266460691,-0.08027421535213797,-0.027893942489252366
2022-10-10,0.002355802332037804,-0.02130293457796717,-0.00830969192964115,-0.007768849586377025,-0.033620428653629464,-0.007635221086425337
2022-10-11,-0.0102550194356128,-0.016750268074028685,-0.006948793944687615,-0.012844190270001499,-0.0071976632465307055,-0.006333177244058574
2022-10-12,-0.00460494870517647,0.001508154463388145,0.0039102003627973225,0.006149206372302096,-0.007422993576987946,-0.0032983172023369756
2022-10-13,0.033612778213037986,0.03760818145639555,0.015375331307730944,-0.00327726077574253,0.040000026632561525,0.026391013311929168
2022-10-14,-0.03224009192057853,-0.024248686248469542,-0.025237361492802646,-0.05003107895219994,-0.06128762029266688,-0.022788925562681528
2022-10-17,0.029122837667245438,0.03924554968852245,0.03531487125362309,0.06445275295885255,0.05887588827850454,0.025697310788348027
2022-10-18,0.009409303843259442,0.00408364570258013,0.0080025387226077,0.022585461588422673,0.006645489746798905,0.011749659318412542
2022-10-19,0.0007653460155092606,-0.008469446646247714,-0.011313070909160006,-0.01108629175628062,0.007019268597714623,-0.007086731330372742
2022-10-20,-0.003266994595308881,-0.0013954843247372395,0.0034126721961567075,0.0015642678860967596,0.011866116763313173,-0.008385231128541615
2022-10-21,0.02705908544594049,0.025280543473130024,0.011603376827730827,0.03531453097461368,0.022306087971022626,0.024301610399288576
2022-10-24,0.01480256816302239,0.021187887407499995,0.013744781656869431,0.004190412347291339,0.010669070926852653,0.012236426820128932
2022-10-25,0.019337726257049548,0.013791647301958365,0.019118329054990557,0.006509754475742646,0.052543833120663797,0.015968441320633575
2022-10-26,-0.01962729793504847,-0.07715627919247037,-0.0914050682180737,-0.040961814879887926,-0.027524440852393806,-0.007534025405290801
2022-10-27,-0.03046529907500173,-0.01975610301386832,-0.0285472716827172,-0.04063638620803933,0.021712155632133134,-0.005339867784718844
2022-10-28,0.0755526571377001,0.04022044509566203,0.0441336197986808,-0.06804249715805744,0.049939363562567785,0.023790614106239172
2022-10-31,-0.01541056994785528,-0.015856211984086044,-0.018485901410658756,-0.009380148789788212,-0.024360306971845214,-0.007223193140003192
2022-11-01,-0.017542464215497433,-0.01705928041359861,-0.042746997966725986,-0.05515425020719422,0.003408273560489672,-0.004375951309593673
2022-11-02,-0.03730508684607281,-0.035368483753739244,-0.038686794182478446,-0.048248766657425834,-0.02392380340700062,-0.025096185409575922
2022-11-03,-0.04240494414347151,-0.026578743753089773,-0.0407034930672755,-0.030612240672440172,0.01528099532820848,-0.010296783851995173
2022-11-04,-0.0019475261231852725,0.033325446748071474,0.03775619533574792,0.01881299269611514,0.05476494274612098,0.014392899454420682
2022-11-07,0.0039023160580826666,0.02926969030041837,0.022060274985506556,-0.00494619214148917,0.010242998919230972,0.009565622211258118
2022-11-08,0.0041752537786461374,0.004388435835342985,0.004633556011402584,-0.006075283660437414,0.021047400085116408,0.005395438186156953
2022-11-09,-0.03318977879195972,-0.01905016800745396,-0.017772975415656367,-0.042676192754212194,-0.05656741267801324,-0.0206019660082033
2022-11-10,0.08897431701609526,0.0822681165048762,0.07581330479749893,0.12177847617944293,0.14329246242383742,0.054954091734742416
2022-11-11,0.019268687869336665,0.016997293426680216,0.026293441155761377,0.0430508514990382,0.036634680430544186,0.009678407101266329
2022-11-14,-0.009485826713489076,-0.022500012601635366,-0.0073646253685129,-0.022819754250081425,-0.001959588671621826,-0.008506699200038437
2022-11-15,0.011869472566227168,0.0017383884632415914,0.028631296943330442,0.004569038353104293,0.022767707312912888,0.008529248279308455
2022-11-16,-0.008330861088550967,0.001823795391907801,0.0041648971278547275,-0.018394983322363,-0.045361881549749405,-0.007628899041646875
2022-11-17,0.012971152195095925,-0.00020690027036229797,-0.004957013761517914,-0.02337318995330062,-0.014644830334165304,-0.0030597867455841588
2022-11-18,0.0037819044409890257,-0.0019033429408011893,-0.009455065963391296,-0.007485493894513584,-0.017095088890677013,0.004540132893074089
2022-11-21,-0.021680367589970384,0.003440919732143888,-0.018782808373014603,-0.017845764989037338,-0.005970664518034963,-0.003635932154913313
2022-11-22,0.01466125337766555,0.01231140682212506,0.015167449890713947,0.008003437930963697,0.047072179495599054,0.013457052677057879
2022-11-23,0.005926201091441152,0.010407045025606632,0.014528634035398502,0.009978544373689724,0.02999097855495636,0.006301524756638921
2022-11-25,-0.019593385563033694,-0.0003636968441058652,-0.010156602499557299,-0.0076489282090407285,-0.015073621220803357,-0.0002237221698127012
2022-11-28,-0.026264423537711967,-0.023152482220843207,-0.014467279364842267,0.00578089353348199,-0.0272278051876772,-0.01595685358185761
2022-11-29,-0.02114829262913398,-0.005914884326779224,-0.008953556941584617,-0.016285245651894598,-0.011878668486584143,-0.0017177246894387599
2022-11-30,0.04859411037555961,0.061623512406812964,0.06093061491333529,0.04457912603558589,0.08237957112463445,0.03150077921820227
2022-12-01,0.001891163215936409,-0.0017635538771934023,0.0,-0.010772746070691896,0.0125271388169641,-0.0007361450283759341
2022-12-02,-0.0033709644246489034,0.0012957099032140373,-0.005446077276183514,-0.01434557849824114,-0.015115027935818537,-0.0011534360266697297
2022-12-05,-0.007983288021463864,-0.01890062849606755,-0.009557940552635702,-0.033145598727553405,-0.0157622662246516,-0.017989229748668345
2022-12-06,-0.025370115905797963,-0.020303688758800398,-0.025130811170553602,-0.03032636052572657,-0.037507414103549075,-0.014414876896203244
2022-12-07,-0.013784695532004565,-0.003059748939203244,-0.021035148668026693,0.0023795930251859776,0.008319385692509673,-0.0017010068684212287
2022-12-08,0.012132894323748866,0.012399190707574892,-0.012955638740978048,0.021365582288144003,0.06507449935957865,0.007833778249186185
2022-12-09,-0.0034351428032337594,-0.008003213182181557,-0.009390580850020425,-0.01394579034322141,-0.009785201081601969,-0.007470235987619089
2022-12-12,0.016389860617356478,0.02888934816078259,0.005170781310515293,0.01638799835988136,0.031409930908440575,0.014417318206366492
2022-12-13,0.006782583272064269,0.017464551631366287,0.024863298084051744,0.02142456926150338,0.030624192109884874,0.007569748623855954
2022-12-14,-0.0155359510758738,0.0011676997636511643,-0.005855866812131794,-0.009838858835905628,-0.022022886350385074,-0.006393494702899627
2022-12-15,-0.04685426737846121,-0.031918144979441676,-0.04428309892496152,-0.034177820705733164,-0.04085090956654991,-0.024461702831055643
2022-12-16,-0.014578457330303718,-0.01734873526455838,-0.006603572941372038,-0.006670394101153776,-0.022475100230139322,-0.011806230517979022
2022-12-19,-0.015909867408534395,-0.01732803035234165,-0.02016401507119392,-0.033462353983410575,-0.019130093947045124,-0.00847953553222247
2022-12-20,-0.0005286949600210589,0.005614410533973935,0.0065581896728150735,0.0031795134041781026,-0.010397393075241346,0.0013683991977355703
2022-12-21,0.023809375670242883,0.010876709343021318,0.0062905950901051,0.018546709195681466,0.025862723332464865,0.014952367379695186
2022-12-22,-0.023772574916433364,-0.025528677887656892,-0.020316995758228984,-0.034343619255829294,-0.07042002456842877,-0.014266113174423722
2022-12-23,-0.002797908680423289,0.0022670857370306052,0.016750167822887185,0.01742450254827599,-0.00867065364732622,0.005752374517407066
2022-12-27,-0.013878618682272137,-0.007414044620070781,-0.020620765327683865,-0.025923742926365456,-0.07135336058267572,-0.003943611931072177
2022-12-28,-0.03068521470082919,-0.010255204354643332,-0.015677023595296324,-0.01469172937442731,-0.006019473895555683,-0.012427904738663509
2022-12-29,0.028324197303736476,0.027629853655174896,0.028249181450460403,0.02884381103830358,0.04039602777847273,0.0180003747759796
2022-12-30,0.002469034612798904,-0.004937515179796348,-0.002487104274646268,-0.002138278742257471,0.0007532764675999282,-0.002634202341685654
2023-01-03,-0.03740469047137207,-0.0010009127994305977,0.010087315446341893,0.021666663033621747,-0.02045980360542332,-0.004209758729070812
2023-01-04,0.01031436075426706,-0.043743162567324356,-0.011669746628455102,-0.007923564525679994,0.0303179485287306,0.00771996471967884
2023-01-05,-0.010604714162275597,-0.029637725220742706,-0.021344176285414518,-0.023725589118479662,-0.032815677628386775,-0.011413364646057689
2023-01-06,0.03679410894735424,0.01178536488214732,0.013225001492149557,0.035611152390083056,0.041640196148468256,0.022932474863538443
2023-01-09,0.004088638490452157,0.009736377763264858,0.00778568034115934,0.01486987397850048,0.05175315063149144,-0.0005670568184665825
2023-01-10,0.004456598877341955,0.0076172032923031985,0.004544368715660552,0.028731709234134817,0.017980609138603665,0.007012792332354856
2023-01-11,0.021112404614365365,0.030238205703039478,0.03506001318450358,0.058083825879343465,0.005782858003460456,0.012647952927028916
2023-01-12,-0.0005995354501949768,0.011621361597477842,-0.004261343314506449,0.0018929468094222024,0.03187296286916519,0.0036406424971580087
2023-01-13,0.010119286342519906,0.003018835436849887,0.010863588427385329,0.029915043601747016,0.02349973161940655,0.0038797166142465755
2023-01-17,0.008756265877186031,0.004681723016029871,-0.009009877480448236,-0.02109661268732821,0.04751721350544891,-0.0018321201762926398
2023-01-18,-0.005369865004466012,-0.018889188421347125,-0.0018621796394212575,-0.006142675153973931,-0.018359315625115502,-0.015787695611780728
2023-01-19,0.0004436157185156997,-0.016454025434803676,0.021180732678230063,-0.01864654092151996,-0.03521907131059099,-0.007280231287096317
2023-01-20,0.019220870775277232,0.03574374083721965,0.05341202030776859,0.03810845093076898,0.06406204375645941,0.018629276282344343
2023-01-23,0.023500278979353473,0.009824316087180929,0.018057727083502506,0.002776315095798454,0.07590118313290839,0.01199854749193019
2023-01-24,0.010063052432455644,-0.0022261226214658203,-0.020944110422141615,-0.012305137300550828,0.003751373000723479,-0.0010734302649674232
2023-01-25,-0.004700752159573884,-0.00590810583207757,-0.025383785150792315,0.008928577793566816,0.003010405243956127,0.00037471721322313023
2023-01-26,0.01480374818957464,0.030713394731327393,0.024154509657945633,0.02099198301215366,0.024789304922147704,0.010990518018928697
2023-01-27,0.01368371686672698,0.0006453927956919792,0.018970504332134652,0.03043737760442866,0.028431613682917023,0.002297888715436791
2023-01-30,-0.020077895221933262,-0.02196176771721392,-0.024454082335763516,-0.01652968356145279,-0.05907195636123208,-0.01254698870457116
2023-01-31,0.009020773073203703,0.02101278716445787,0.019599802992940507,0.025658817736008643,0.01956989612431137,0.014703254852983072
2023-02-01,0.0079008770488036,0.019934639734975557,0.016086522282598548,0.019586971068148662,0.07196635243702487,0.010627911102770948
2023-02-02,0.037062770597675376,0.04688396650470761,0.07278710500725483,0.07379935352944922,0.03657505799291605,0.014556989778104157
2023-02-03,0.024399715368748742,-0.02362028848305564,-0.027473613130018948,-0.08431497620839845,-0.028052669995345503,-0.010629340544998866
2023-02-06,-0.01792877606204657,-0.006115767612758893,-0.017942309138403556,-0.011703250716856073,-0.0005216035568084143,-0.006111108912656538
2023-02-07,0.019244784736012432,0.04202188543807717,0.04606413522814856,-0.0006850625818668465,0.0514011788167259,0.01307861094183016
2023-02-08,-0.01765278320366437,-0.0031020018454055442,-0.07683017876439235,-0.02017429777965274,0.001443515435215037,-0.010934753591597568
2023-02-09,-0.006911626421516104,-0.011659802376830397,-0.04387640722023367,-0.01809100582487666,0.005944226776073869,-0.008669458938343033
2023-02-10,0.00245624188608895,-0.001972230131367936,-0.004631086174049837,-0.006412838631079665,-0.047991971209032536,0.002333959814801778
2023-02-13,0.018806852040899713,0.031242511386278426,0.0004230110519578556,0.019772567289289666,0.02459468429688272,0.011738915687959706
2023-02-14,-0.004225167840503641,0.0031329567650344448,0.0007399156273126817,0.0016073541414833858,0.0542957634892689,-0.0004600535773312542
2023-02-15,0.013903583197997227,-0.007992787774154131,0.02386975204105246,0.014643999584324163,-0.009011364219537188,0.0032472897188000616
2023-02-16,-0.010429230358061536,-0.026622784229855534,-0.014751376312324371,-0.02975486385196624,-0.033473805480935814,-0.013768676496695331
2023-02-17,-0.007546610930852626,-0.015601607004647855,-0.012145216171525974,-0.009679109147912035,-0.027906539014227016,-0.002498464222677299
2023-02-21,-0.02668005937057072,-0.0208867705086776,-0.027132974521953956,-0.02695468312187932,-0.03427168333302466,-0.020060874757841685
2023-02-22,0.0028958488690031814,-0.004590886480180134,-0.0015252949500721424,0.012793392483054111,0.0047926991759443816,-0.0013781318929142472
2023-02-23,0.0032908209942299482,0.012961745381766754,-0.008292521452761492,0.000313172345862478,0.1402143384518182,0.005319432055494788
2023-02-24,-0.018005376130350803,-0.021784337667206444,-0.019364045271353603,-0.024212061179431754,-0.01597375388068445,-0.010682391351167997
2023-02-27,0.008247572406068882,0.003771717424327692,0.008302564531527334,0.0027807715104863906,0.009232909542963297,0.003405763006583351
2023-02-28,-0.0034478749514211815,-0.0029580753645604974,0.0021141701592881645,0.005012811540044737,-0.012126969588196701,-0.0036957098842400615
2023-03-01,-0.014245812083455656,-0.012629319118167892,0.0033311163520088893,-0.02186145722806776,-0.022312017416091123,-0.003836024002986216
2023-03-02,0.0041290994847136275,0.01965325104686877,0.018149547546255418,-0.00043399062951077205,0.027138679578396996,0.007777295956619801
2023-03-03,0.035089964252368544,0.0166460893372542,0.017934762270845894,0.030066258059702422,0.024706222473876105,0.016037766654693586
2023-03-06,0.018539451536818685,0.006188968925591398,0.01580352110654748,-0.012118034851298809,-0.01406424254988703,0.0006928785259585624
2023-03-07,-0.014496454341123566,-0.010588999068468996,-0.01334996093948293,-0.0021333007812499583,-0.011125509234655273,-0.015328884673164178
2023-03-08,0.008377306109338845,-0.0017705048978147175,0.004155022251340235,0.003955051898638651,0.03834615383667361,0.0016322591871416048
2023-03-09,-0.014914741386822361,-0.005439504024748354,-0.020477495797204148,-0.017781071140368643,-0.03080937923088911,-0.018450130637428508
2023-03-10,-0.013878768431532573,-0.01478291677803123,-0.018305916811294565,-0.0164769283801236,-0.02009731923075353,-0.014429168418714777
2023-03-13,0.013265935883659541,0.021440881114677568,0.005296384838961332,0.01873687738723384,4.35753771956815e-05,-0.0014253648787341255
2023-03-14,0.014089362484946744,0.027055988283366528,0.03139058715205145,0.0265065123894086,0.04776628019296303,0.016530085938712302
2023-03-15,0.0026214014039955824,0.01783032013798591,0.022773048646729466,0.01391230747297123,0.006857007997510101,-0.006254403402199404
2023-03-16,0.018694005383774526,0.04053660741454124,0.043804161785638174,0.03991688242309577,0.05419350854305538,0.01754512423522403
2023-03-17,-0.005454131524032402,0.011694217555624276,0.012958572613088526,-0.010895681300578386,0.00720388814132189,-0.011692558811534526
2023-03-20,0.015483960172010924,-0.025766587984692224,-0.003936414069802052,-0.012531560404374087,0.006802781806022784,0.00961561880134143
2023-03-21,0.011944003254401148,0.005693581303428452,0.03655411168317646,0.029679680207260972,0.01154452963880015,0.013130565275514039
2023-03-22,-0.00910333751396386,-0.005442290661078708,-0.014773116753546534,-0.018984232685839597,0.010267538665312825,-0.017046405195021874
2023-03-23,0.006969567512268959,0.019721551265734716,0.02157295759150024,0.00010133876939955044,0.027316056581659254,0.002703132427639643
2023-03-24,0.008305711701391605,0.010480787012482118,-0.0015150900724804073,-0.005875816395847999,-0.01515211115470072,0.006562073428746373
2023-03-27,-0.01229352570784692,-0.014934068271974854,-0.028262530731456348,-0.0009171134251457769,-0.009260976080813443,0.0018699728572850738
2023-03-28,-0.003980231013097857,-0.0041608402759170104,-0.013956799380593132,-0.00815996577200262,-0.004560760583039447,-0.00224479540519551
2023-03-29,0.019790835572727206,0.01918368588936703,0.00356336348213393,0.0309543624265336,0.021734159744686732,0.01453480666384288
2023-03-30,0.009889687385215673,0.012620002064214875,-0.004931357377065071,0.0174563591022443,0.014786594197015113,0.005855502848017835
2023-03-31,0.015644053325600593,0.014961914704574752,0.02814933758967242,0.012647067799287592,0.01438841229531973,0.014094422962015019
2023-04-03,0.0077018254336285175,-0.003711151635305776,0.006073534180168982,-0.008519675143944028,0.006768232518321149,0.0038106803845450177
2023-04-04,-0.0032493175061389934,-0.00017418164929161595,0.003449586741117283,0.015037527888523972,-0.01830857293149346,-0.005548235537932378
2023-04-05,-0.01129040397585801,-0.009889343162894693,-0.0023871619713337067,-0.027417013542964663,-0.020835597044359444,-0.002618243282767052
2023-04-06,0.005495794821134714,0.025532792717460673,0.03780965278516568,0.009495540049077267,0.005803338916487544,0.00390099971817337
2023-04-10,-0.01597261659560878,-0.007578613023674463,-0.018262222138238915,0.0010778033801970288,0.020046511269121048,0.0010262589880423167
2023-04-11,-0.00759112949203955,-0.02266829395716652,-0.010240525205902018,-0.022022120390757682,-0.014866373106016573,0.00026853805501714234
2023-04-12,-0.004352893353823495,0.0023333026130127887,-0.006739591543584056,-0.020916697119598093,-0.02480765811050878,-0.004075999438640898
2023-04-13,0.03410354396463644,0.02239940994959877,0.026663004097352117,0.046713683014299345,-0.0012078364864546165,0.01328279899869722
2023-04-14,-0.002114058762403559,-0.012765690347136482,0.013404106883852851,0.001074224694457282,0.011147731062153943,-0.0024428451402382922
2023-04-17,0.00012117996811578102,0.009296173050032275,-0.026637280193942847,0.0022436418178335416,0.009118722301973081,0.0035883522095008225
2023-04-18,0.007504551675774129,-0.001488950065921535,-0.013871946167304472,-0.004282604839014548,0.024627754189576745,0.0006521949208107003
2023-04-19,0.0069683470446240126,0.0002773713894130836,-0.0030622243727205234,0.019550341547772243,0.009542176633728472,-0.0001689061155171201
2023-04-20,-0.0058465455481320205,-0.008112222705524141,0.010654671723752562,-0.0046980391066805405,-0.029608626641283498,-0.0054570894445474805
2023-04-21,-0.009780827720307528,-0.0012231674962176475,0.0011396815007163053,0.03034391291745231,0.0005533923750309366,0.0007768749876666536
2023-04-24,0.0018784318453635152,-0.013963074310970658,0.005312702715301931,-0.007011967150520215,-0.002839444458359597,0.0010431999693172322
2023-04-25,-0.009435517879975763,-0.022535810832774117,-0.02000577667664627,-0.03427172037496595,-0.029620565443126523,-0.015873778514523762
2023-04-26,-6.0886017492989275e-05,0.07243471855441252,-0.0013480158483826221,0.023496184744855597,0.02724734903103143,-0.004235687717635939
2023-04-27,0.028395160867243918,0.032027747547526575,0.037412112352115834,0.046103983455159314,0.01001632310723366,0.01990816587778732
2023-04-28,0.007541025360294773,0.007971530556710515,-0.0023236981706495907,-0.039792412663683385,0.01920976949091835,0.008535028519395027
2023-05-01,-0.0005305331176959083,-0.005532542004749397,-0.0013043304805200329,-0.032242712137328766,0.041839338616669774,-0.0010096289868275488
2023-05-02,-0.006191284049524737,-0.0004911983113864427,-0.01753719552876276,0.015482549283793778,-0.0242131545463119,-0.01123911135576372
2023-05-03,-0.0064673342527648,-0.0033069732675287122,0.0008543712721809094,0.00019303553981586674,-0.014463030635506136,-0.006864262806662524
2023-05-04,-0.009913389693038233,0.0033179456250136408,-0.00683037769947914,0.0033767339022539034,-0.008632327170216891,-0.007082862673597257
2023-05-05,0.04692695531942492,0.0171573566315808,0.008405833033231058,0.015961573674128537,0.04056302378664767,0.018512552327754506
2023-05-08,-0.00040356761995707924,-0.006438164760554477,0.020839081679062232,0.0016089169321718,0.016422489023464548,0.00026672712378483787
2023-05-09,-0.009970812882016733,-0.005345837679542775,-0.003897021828868086,0.00746481056277859,-0.019896324138296784,-0.004385576080439435
2023-05-10,0.01042061643464609,0.017296339197307775,0.04098737325163504,0.03348339526223332,0.010990251038504262,0.004672569540161264
2023-05-11,0.0010947974115498305,-0.007044419949430947,0.043131989558922834,0.01805969525073481,-0.010628531403252928,-0.0017441125681797454
2023-05-12,-0.005417573537536247,-0.003675706030909054,0.00806393480348877,-0.01711533396079623,-0.008327893908484651,-0.0013102731852306926
2023-05-15,-0.002897453582682341,0.001585755247915932,-0.008510010197881113,0.008525256609829501,0.02163013628894528,0.003449961922642464
2023-05-16,0.0,0.007367459518807129,0.025748891751860015,0.01978421437062372,0.008980089939681024,-0.0066824173605636306
2023-05-17,0.0036033619858719668,0.009451726225944368,0.01112867419577146,0.018518504813616277,0.0330331307886953,0.012138856000945442
2023-05-18,0.013666175006241454,0.014394706451213546,0.01646807879233969,0.022943736154795724,0.049705118280802596,0.009633243440665185
2023-05-19,0.0006282885180139974,-0.0005649094631621221,-0.0005699211911045499,-0.01608126535201726,-0.013069026547817275,-0.0014550421033135974
2023-05-22,-0.005480766833474426,0.008921156338697944,0.01865443482636331,-0.010666648290490577,-0.002814714018360309,0.00040605323111919667
2023-05-23,-0.015154904054944685,-0.018431682969946572,-0.019912160944485446,-0.00017393506729301844,-0.015652988534938683,-0.011222932748939263
2023-05-24,0.0016321009275832576,-0.004472883034912778,-0.01354434801800286,0.015305697616548875,-0.004887813418495313,-0.007244746998449791
2023-05-25,0.006692236428980758,0.038457986741451844,0.02133987291392403,-0.01498929336188437,0.24369628272863775,0.00865974093116817
2023-05-26,0.01410466667263477,0.021385658534140095,0.009151388467168564,0.04443478791610045,0.025434525324497192,0.012950923608760156
2023-05-30,0.0106598021814297,-0.005046642613723895,-0.007543577204646823,0.01290486257498391,0.029913328549422635,0.0003807957234318593
2023-05-31,-0.00028212031496854806,-0.008514306806096883,-0.006468815053881527,-0.00887721353399118,-0.05676775363155362,-0.005544924187307232
2023-06-01,0.01602249072278661,0.012758995845010723,0.006917752778111463,0.01816217265513176,0.05117085424340151,0.009500678510922178
2023-06-02,0.004775230850405876,0.008479142110327631,0.007678711543255057,0.01205508998453797,-0.011138908962144756,0.014461309915113407
2023-06-05,-0.007570835317407987,0.0016101827377772437,0.010748380246075717,0.008450728786783213,-0.003966729102226951,-0.0019161264704548042
2023-06-06,-0.002060494582513561,-0.006727206494102966,0.010316613000459274,0.010454888481148839,-0.013198659159020076,0.002177346255518131
2023-06-07,-0.007756245900249703,-0.030868031663156104,-0.03778175558514041,-0.04249267220189956,-0.0304009667292785,-0.003457821870829436
2023-06-08,0.015465060896959315,0.005813417229530327,-0.002938703511159657,0.024911297199049942,0.027618427886985986,0.006048627992042421
2023-06-09,0.0021598309184460707,0.004704009681108845,0.0007367781769884729,-0.006599595129369917,0.006751504032679545,0.001794409099872718
2023-06-12,0.015638633517027545,0.015484025938688584,0.01153566209577539,0.025439515368102628,0.018364673109805496,0.009071636232391711
2023-06-13,-0.002611454454500284,0.007352713017081403,0.0015367856461854235,0.0007111003199982147,0.03900506866441167,0.006593020322778864
2023-06-14,0.003491224966643003,0.009123642693483314,-0.0012921658920823642,-0.001894879884926648,0.0481449739692108,0.0011907533944099935
2023-06-15,0.011198784486033064,0.03189682022690521,0.0114821171383086,0.005458016543269828,-0.008000504052846469,0.012397817650469545
2023-06-16,-0.005859905743317073,-0.016575693394718316,-0.012470900483084746,-0.012744888197649074,0.0009144151223969832,-0.0034062139297362792
2023-06-20,0.0004868072961636827,-0.012502658262868449,-0.0034809541368238106,0.002310948445805039,0.026140587668475046,-0.005188313749616702
2023-06-21,-0.005675622670783698,-0.013281923775408266,-0.020714857576321077,-0.00755284590127181,-0.017416922987562478,-0.005123631572994891
2023-06-22,0.0165254421702965,0.01843753662365133,0.021567752653002703,0.04261789623803569,-0.0004646444838557473,0.0036097659131675286
2023-06-23,-0.0017111671148511975,-0.013806208560344979,-0.006577371074164451,-0.006300361919969633,-0.01896554269503814,-0.007560001358950963
2023-06-26,-0.007552974473652219,-0.019162775454562242,-0.032695762625487124,-0.01546431587167707,-0.037361772266673254,-0.004085917745945689
2023-06-27,0.01505900529536408,0.018167782099388408,-8.447851730175593e-05,0.014529104045574393,0.030616326974951313,0.010963446982159342
2023-06-28,0.006327738531977545,0.00382612837811358,0.01563427214599744,-0.001083754432466999,-0.018125076183617028,0.0005042522163871688
2023-06-29,0.0017965454611512666,-0.0023823553614225057,-0.008986491903582472,-0.008834406537251538,-0.007174568478950483,0.003941387192481827
2023-06-30,0.02310246874221722,0.016385718327886822,0.005037659577082243,0.019233769000189582,0.036254959577725066,0.0118007906334745
2023-07-03,-0.007784540710900512,-0.007488142441795853,0.0016708887148737528,-0.0010739443770555468,0.0026239034090935753,0.0011504334882670442
2023-07-05,-0.005871357336895366,0.0004735655242815717,0.015429617717745758,0.0012287180203460757,-0.002263473186787879,-0.001487211760593521
2023-07-06,0.002508702555209963,0.009226639437351247,-0.013470358587709397,-0.015493205988729275,-0.005057054739201816,-0.007830455296376493
2023-07-07,-0.005891254366729104,-0.011867318394893744,-0.005245191896740553,0.011062622017709689,0.009500533341112893,-0.00252486585137901
2023-07-10,-0.010856071192294259,-0.015983918812948805,-0.025359788449149212,-0.020419182854096718,-0.0075996051068194514,0.0025312569355766534
2023-07-11,-0.002809920761761675,0.001928766463817233,0.0059252765789366,0.012978852839820476,0.0053343800764174,0.00636839394061095
2023-07-12,0.008985663711626124,0.014227076292894214,0.015280704580496574,0.01568569880112225,0.03530255088293832,0.008045997552762696
2023-07-13,0.004057529073980604,0.01619213101546446,0.04717061960806146,0.026758409161619312,0.047264323351548176,0.00793677916637292
2023-07-14,0.0007870625256318764,0.007529042150451248,0.007066057186225327,0.002829408900884234,-0.011048946230087342,-0.0006226669854759725
2023-07-17,0.01730589973965513,0.0014196005137723233,-0.006139303412317387,-0.008315972513331604,0.021816711415636902,0.0034720028159398453
2023-07-18,-0.0013404901714018091,0.03979974338749326,-0.007140084584137507,-0.005465676406731013,0.022234023120353275,0.007430715681567612
2023-07-19,0.007071640225487341,-0.01226760128798321,-0.013978596472143168,0.019046892602732513,-0.008780171592852604,0.0022237841708601103
2023-07-20,-0.010097285893049368,-0.02312145657631226,-0.023190934078938685,-0.03989357175040831,-0.03307328968557832,-0.006634504992970469
2023-07-21,-0.006161704243167754,-0.0089369435896548,0.006879068503411023,0.00030773533446226686,-0.02660368565511717,0.0
2023-07-24,0.0042201381416304695,0.003897719172843317,0.012581292227968222,-0.009230745755709147,0.0068382015957271225,0.004467268206254538
2023-07-25,0.004513570558976943,0.01700933775931146,0.005595273525017319,0.002562125956798944,0.023917349916596553,0.0027300638846694536
2023-07-26,0.004544957932045346,-0.03763762080248856,0.05776968007199712,-0.007589335934878205,-0.004969409866243724,0.00015367441523195247
2023-07-27,-0.006580974006446527,-0.020872230179322493,0.0010053640467659886,0.0007803832093540297,0.009856537586526048,-0.006629990322230328
2023-07-28,0.013508015846071197,0.023131460421507377,0.024574955877216587,0.030877245332297854,0.018518550937831835,0.00979036448025683
2023-07-31,0.0031658502546660916,-0.007240541408019774,0.0010562502338251623,0.011118568090654923,-0.00044918313003050603,0.0019040052219059245
2023-08-01,-0.004275710825100254,0.0012503736213280714,-0.008815739825878799,-0.014886223394710907,-0.004751050707625826,-0.0028615403483293056
2023-08-02,-0.015490085398495945,-0.026283121903792672,-0.02409725670863816,-0.026425663778747666,-0.048121620259621634,-0.013910910512592856
2023-08-03,-0.007321576920141792,-0.0025647548760637795,0.0005451628778336826,0.005459768439170398,0.005556754125385144,-0.0028657912065600533
2023-08-04,-0.04802011558034003,0.0034285940953331373,-0.0026468595412981744,0.08269337801006271,0.003706752972760352,-0.0045227269061109965
2023-08-07,-0.017253682563486916,0.007108376385684068,0.02669557323876348,0.01898684357254843,0.01649507932640537,0.008728489272434192
2023-08-08,0.005311667007962928,-0.012298856971815875,-0.0009880898689811346,-0.016031491771390738,-0.01657965835406172,-0.0043486749403353064
2023-08-09,-0.008954347161393428,-0.011716025077559866,-0.013242034826605464,-0.01493494570121734,-0.04724159384211224,-0.006685283445912904
2023-08-10,-0.001234694936403713,0.002172331499826541,0.00023119046934505505,0.005150463718840648,-0.0039011277887534,0.0003589120249491984
2023-08-11,0.00033753096317967746,-0.005945479418730137,-0.0010023460527590622,-0.0010825194798443905,-0.03616571150949499,-0.0005829693750932785
2023-08-14,0.009393312096093398,0.009438779315688484,0.013661706026138587,0.015605834874352187,0.07093380866737231,0.005519919952787999
2023-08-15,-0.01120048051795286,-0.006727472875827312,-0.011802060003178627,-0.020630355012962953,0.004273910900457922,-0.011648633569559697
2023-08-16,-0.004959137360052046,-0.0024286317744969255,-0.008322102993747027,-0.018885675014943426,-0.010332252871589342,-0.0073380953791072345
2023-08-17,-0.014555141942413363,-0.010985912005671783,0.009479317094673867,-0.008069975106044458,-0.0032654586173888056,-0.007620085544662425
2023-08-18,0.0028161713384062814,-0.001262579843883671,-0.018934504472812308,-0.005672447612115605,-0.0010383486284211152,0.00048133164004759976
2023-08-21,0.007736837104627359,0.01706292152151523,0.0071393592976576326,0.01095925117625085,0.08471355197669816,0.0065063091912958
2023-08-22,0.00790487727031386,0.001801768933637815,0.005530891882715272,-0.0031926989840012077,-0.02765778819327469,-0.002708851613738905
2023-08-23,0.021948877953023915,0.014079351820786012,0.025488121607964764,0.009459994580714559,0.0317069322639596,0.011138002384048606
2023-08-24,-0.02617038784420178,-0.021498741871352367,-0.019566100290577593,-0.027154721211281152,0.0009977762405162238,-0.01385915232896573
2023-08-25,0.012643153385444528,0.009407578948395834,0.0007701991218138637,0.010770617478674804,-0.024277548283792805,0.007049932613076182
2023-08-28,0.008846081047125143,0.002228947422369787,0.008700382834397669,-0.0009004586682715976,0.017753812415337578,0.006341243292783849
2023-08-29,0.02181026794584362,0.01455049249082463,0.027173733480338136,0.013294308852149106,0.04161431757950562,0.014454864624247055
2023-08-30,0.01917203408921586,0.0011572926029230768,0.009734374291728187,0.0011860029483812262,0.009839126107521246,0.0041187051898330385
2023-08-31,0.0011726826023152892,-0.0031327335173133575,0.00213420288553845,0.021766395374215985,0.001847337558918749,-0.0014634036089543612
2023-09-01,0.00846332306191333,0.00274588491277461,-0.003745396733318085,0.0007970481467276525,-0.017141256960386708,0.0018652176466851245
2023-09-05,0.0012666153990947837,0.014878364811012679,0.0008110769746454416,-0.006154002858205887,0.0008040271878406724,-0.004321878073714647
2023-09-06,-0.035793259502721164,-0.002008589997163801,-0.009648566273108838,-0.013914209970579572,-0.03054953153170903,-0.00672245372777347
2023-09-07,-0.029249377664720355,-0.0089221611945004,0.005949425529647945,0.018395430569861038,-0.01742435624515859,-0.003070098154895229
2023-09-08,0.003491594626978678,0.013215834842204233,0.008280527083849076,0.0027565441218631026,-0.014467671887380296,0.0015059398103782762
2023-09-11,0.006622733831682437,0.01097892622468799,0.0039596537073482985,0.035231212663680456,-0.008645477250493916,0.0065766552261130595
2023-09-12,-0.01706091512456198,-0.018257627638701313,-0.011539825860266806,-0.013067856717097759,-0.0068175676287955955,-0.005485667217962065
2023-09-13,-0.011854582501411692,0.01293059097649829,0.010122653720062047,0.025632022130484877,0.013706135114965212,0.0011660855582258378
2023-09-14,0.008782502391769809,0.007855857938980693,0.010167691758871555,-0.0008975138235036706,0.0021107639202284645,0.008622268389973042
2023-09-15,-0.004153964196038862,-0.0250368734453561,-0.005068926423602682,-0.029919857618376344,-0.036879409287474796,-0.012048339741322023
2023-09-18,0.01691341918926681,-0.0035127170951854136,0.005895444814259854,-0.0029204620264398073,0.0015034181191428964,0.0005865321568145898
2023-09-19,0.006180852322920538,-0.0012461237190428687,-0.001230334870871097,-0.016788047695762587,-0.010144195022514846,-0.0020739140839630688
2023-09-20,-0.019992095985413516,-0.023976828095107927,-0.031150115803316836,-0.01700219075536713,-0.02943487101363962,-0.009193148686483688
2023-09-21,-0.008889671052648929,-0.0038657541579762977,-0.024674940098493803,-0.04405345369833069,-0.028930694669288992,-0.016528642420714057
2023-09-22,0.004944710224384918,-0.007886527834062407,-0.0014563169281963662,-0.0016238050792075631,0.014457842339157034,-0.0022482904923353253
2023-09-25,0.007380349357535065,0.0016721094953888738,0.006602484387574936,0.01665124873434287,0.01470768621910823,0.004205138535487318
2023-09-26,-0.023398525978761353,-0.01700595798672666,-0.019373118486628482,-0.040298626825268746,-0.0073659175997720094,-0.014691274582096292
2023-09-27,-0.008897506228650043,0.002082523482545895,0.015322516875255987,0.0,0.013290122329742582,0.00039915419730851553
2023-09-28,0.0015254644858329058,0.0027177402396301176,0.013558906026718054,0.0,0.014622985734595417,0.005797384548081874
2023-09-29,0.0030466443920169617,0.006727041483920448,-0.010959056895447294,0.009049050319664742,0.00951518879292812,-0.0024269147168212157
2023-10-02,0.014835484012871047,0.01916068809095406,0.025294392611924676,0.01840783446134786,0.029494729901747174,-0.0003976602299796683
2023-10-03,-0.007769788603859018,-0.026134140521704485,-0.012968761265677808,-0.03661366636292884,-0.028247898755807133,-0.013386086485666637
2023-10-04,0.007308726435468316,0.01777320804915372,0.02121883769283328,0.018280939360016735,0.012041322163637957,0.007281980249475906
2023-10-05,0.007197900314076522,0.0012541509232766312,-0.0012571265074526883,-0.008188983586829512,0.014690932076625085,-0.0003768283290253027
2023-10-06,0.01475048395507872,0.024737085824907634,0.018582862833350644,0.015878056641289273,0.02403318410429489,0.011872964335709613
2023-10-09,0.008451252056220326,0.007822593090308416,0.0061057254625871415,0.0023444468936362206,-0.010685746563357856,0.0064020351667706255
2023-10-10,-0.0033522399041832074,-0.004335805570459539,-0.002600827555262142,0.009511938819224852,0.011596334058864732,0.005204807868341987
2023-10-11,0.00790388797321806,0.012272004758417943,0.01803558448064546,0.01814956889912689,0.022009752612402345,0.004096379540939221
2023-10-12,0.005061444795846359,-0.0037904055939745884,-0.01124156794725617,0.0037927633547389927,0.002969580923532389,-0.006096511134232041
2023-10-13,-0.0102929643305949,-0.010357339531263943,-0.011585190801280065,-0.019194502454286222,-0.0316112760340429,-0.0049808392494131715
2023-10-16,-0.0007268671670572768,0.014981670665889402,0.012667356870541546,0.021265196921155027,0.013945900480253792,0.010521515822241367
2023-10-17,-0.008784564392751215,-0.0017436746607857323,0.00445730066536143,-0.008147882355257097,-0.04679467503174506,-4.593770614813586e-05
2023-10-18,-0.007394906718385386,-0.005872501922276507,-0.012596496794676337,-0.025405007278304192,-0.03964659735444365,-0.013325014331698637
2023-10-19,-0.0021608488039958074,0.0036658347437610317,-0.0015224219762923763,0.002107149015711185,-0.0022515317597364692,-0.008786570469647148
2023-10-20,-0.014704332114053975,-0.014034945492817585,-0.01560773516187719,-0.02515573116103942,-0.01695908298156401,-0.012287845274471687
2023-10-23,0.0006940896020564136,0.008112168357705674,0.006637004529294055,0.011104892625885654,0.038369337145463644,-0.0017334012108565222
2023-10-24,0.002543259776062623,0.0036742484989611413,0.01692305747820133,0.015802781594350668,0.01600921716097048,0.007539525328783103
2023-10-25,-0.013491716942872545,0.03067796195366901,-0.0950938504675739,-0.055771610960691276,-0.04314852142616976,-0.01435205087188618
2023-10-26,-0.02460543262108905,-0.03751438675521901,-0.026510710466340015,-0.01499299533713827,-0.03477814281273994,-0.011974791778749605
2023-10-27,0.00796943922395621,0.005855648617266729,-0.000899636630699252,0.06832816082460003,0.0043147166220955935,-0.004532718620987031
2023-10-30,0.012305203013601718,0.02274020976554203,0.018744396637348837,0.03890722509168976,0.01632087312703434,0.011955665364346002
2023-10-31,0.0028186760423343227,0.0023717550867272674,-0.0030531974071151824,0.002863308000901066,-0.00925610742092986,0.006280382268644802
2023-11-01,0.018738597756704056,0.023542639627388118,0.01910054645792414,0.02937864429857373,0.03788617073048761,0.010664616387147996
2023-11-02,0.020693383882925964,0.0065016933354440365,0.008224596348834767,0.007810272439553012,0.027903111919709955,0.019164314538770766
2023-11-03,-0.005181095797972657,0.012861644073905998,0.012628756473882508,0.0038386235328597973,0.034455038076658395,0.009123557814365801
2023-11-06,0.014605016701765727,0.010572699314269407,0.008907761584770357,0.008225103459209127,0.016575926144602793,0.0023004516022138155
2023-11-07,0.014450953338734918,0.011218958514758404,0.005527694351852963,0.02125376487729147,0.004458990981329292,0.002845995440742266
2023-11-08,0.005884791591142635,0.007406000167367255,0.006642520387022621,-0.004414580990635519,0.01346953452584998,0.0007324198593041675
2023-11-09,-0.002624402034444251,-0.006910844804900562,-0.012135899075830792,-0.010416636461610618,0.00807320357398611,-0.007798799907394627
2023-11-10,0.023219958870345225,0.02489686414884984,0.01804374311720003,0.021052569890351647,0.02949927846211864,0.015604954192212084
2023-11-13,-0.008583639778459662,-0.00808828766369274,-0.0037711245711885555,-0.006756765374750118,0.0058965417393401776,-0.0009531778664227941
2023-11-14,0.014285619964398366,0.009790472942430517,0.011583020137953648,0.02251214528584833,0.021307986180432614,0.01940070925376247
2023-11-15,0.0030409252257046493,0.0004059774935118998,0.007483995680612088,-0.017832688951265996,-0.015466325994393681,0.0021169835818826144
2023-11-16,0.009042214196089748,0.01758325147658324,0.01715927690285346,-0.0025837648398919777,0.012109457114338307,0.0012230329330820133
2023-11-17,-0.00010542953989167714,-0.016800994971285177,-0.011830686392651946,0.016453061783939793,-0.0036783198733276734,0.0012438893181689892
2023-11-20,0.009278044975528754,0.020521874234151527,0.006946877821151665,0.0065436854591447435,0.0225364296583217,0.007697717170123131
2023-11-21,-0.004230646639035163,-0.011577996826441561,0.005284387580394734,-0.015260459261028925,-0.00922461962058796,-0.002179611434402262
2023-11-22,0.0035143765050169584,0.01281251796272298,0.011097574375104946,0.019527539517508297,-0.024587517832335704,0.0038609267704279304
2023-11-24,-0.007004299296389238,-0.0011115613266737823,-0.012997563770148823,0.0002044767086364363,-0.019295460935646935,0.0006154669558224857
2023-11-27,-0.0009475672927250489,0.003126405707833513,-0.0020483055725721844,0.006746559883569869,0.009753822786586097,-0.0018011317070349975
2023-11-28,0.0032142052949224453,0.010802693115839368,0.005791429055389319,-0.00473835354015173,-0.008726914936630248,0.0009901644316310243
2023-11-29,-0.005409741915806232,-0.010060113904401757,-0.016108055139081645,-0.0048288883967405605,0.006670795642956584,-0.000703440521818921
2023-11-30,0.003062783264429658,0.00015845760037436207,-0.01822346908675543,-0.001571972217158657,-0.028458671431131788,0.003937459771498286
2023-12-01,0.006791410713215651,-0.011612213516660974,-0.005055431918924325,0.006434406632690459,-0.0001070029066668754,0.005915924469192646
2023-12-04,-0.009464674465205825,-0.014338810289967086,-0.019641892954329387,-0.014894936132684111,-0.026836222789165642,-0.005249423070070258
2023-12-05,0.021063265213773663,0.00915635162788253,0.013305314535237978,0.014084566393959497,0.02329349945509107,-0.00019712999514065466
2023-12-06,-0.005687081554814455,-0.009986039508567246,-0.007405061571846283,-0.016067541747663228,-0.022827675010846815,-0.004029660295721382
2023-12-07,0.010139435406503416,0.005829920904214525,0.05314540677028945,0.016329923474831087,0.024020366802549153,0.007630238191048688
2023-12-08,0.007412191649273758,0.00884203691101515,-0.014167777370794554,0.0036764247561378305,0.01952968744355288,0.004299220082694566
2023-12-11,-0.012927370291465179,-0.00782954292560134,-0.012593521971993482,-0.010378502226973785,-0.01850303400310993,0.0038895629807889076
2023-12-12,0.007920047036422462,0.008295275788517964,-0.005776755544985024,0.010898597193382598,0.022090289171927457,0.0045672521717736725
2023-12-13,0.016691684879036828,-2.68081783260099e-05,0.00037742788302819186,0.009221593773735215,0.00904366835644077,0.013790147568556677
2023-12-14,0.0007576511176934364,-0.022544367475712535,-0.004752495725472761,-0.00954043404920335,0.005448485498444233,0.003209465798810651
2023-12-15,-0.002725744128225016,0.013117284016340935,0.005002385201523296,0.01729753821347546,0.011168431036696846,-0.0016464607228712236
2023-12-18,-0.008503444303010532,0.005178844942197669,0.024132680603905943,0.027338841569267247,0.02427910084997631,0.00562488622001589
2023-12-19,0.005360154288931662,0.001637119392533526,0.006259372980566225,-0.0018174467759756174,-0.009445548005198368,0.006081022110664858
2023-12-20,-0.010713892754102172,-0.007073125089089416,0.012367263921950533,-0.01085895208954335,-0.03009838953370436,-0.013857423773483313
2023-12-21,-0.0007698231238029152,0.007878895526610696,0.015035644963161454,0.011306871390431628,0.018270359331910457,0.009481935526338248
2023-12-22,-0.005547536171520928,0.0027841400310790743,0.0076198267978846435,-0.0027300973670256745,-0.0032661425095195096,0.0020095867575959936
2023-12-26,-0.002841096521413844,0.00021368522385811772,0.00021207834051972796,-6.514474615582078e-05,0.009195207958697216,0.004222640783027254
2023-12-27,0.0005181075218716469,-0.0015746767224794622,-0.008126276975885971,-0.0004563413242133496,0.0028004343499141715,0.0018080853378115158
2023-12-28,0.002226324847998784,0.0032343950251458864,-0.000997303177202924,0.0002609139551152939,0.0021248081297329247,0.0003777242310194495
2023-12-29,-0.0054240367573574755,0.0020250605184295445,-0.0038508321042255433,-0.009388462612883952,0.0,-0.0028949686440654654
2024-01-02,-0.03578684212025174,-0.013748583034744244,-0.010881264906795862,-0.013228970207501023,-0.027341447178183986,-0.005596356311275752
2024-01-03,-0.007487542809373138,-0.0007278979473799296,0.0054283533942678375,-0.00973782115920796,-0.012435527568931404,-0.008166689660125126
2024-01-04,-0.012700125662565953,-0.007177637314092489,-0.018212117697439245,-0.026267891590348702,0.009018336176369601,-0.003221073749963277
2024-01-05,-0.00401296987789157,-0.000516322264044744,-0.0048391718236349135,0.00463442024626004,0.022896817581157025,0.0013695626471044164
2024-01-08,0.02417483214053262,0.0188717289619027,0.02291339106339385,0.026576703830634596,0.0642808814296758,0.014276075934046117
2024-01-09,-0.00226337011840394,0.0029357285004742995,0.01519717855442182,0.015224607114340927,0.01697519633228972,-0.0015170437827003447
2024-01-10,0.005671303170917685,0.0185739673328027,0.009435939738332122,0.015590940651907248,0.022770002720648108,0.005655408921280358
2024-01-11,-0.003222516471142023,0.0048595998431650855,-0.0014056085111257,0.009432101662268044,0.008684496721536483,-0.0004406430412424722
2024-01-12,0.001778163993040538,0.009983458012094326,0.004011780233848405,-0.0036086969005325598,-0.002043095732821132,0.0006927159626370916
2024-01-16,-0.01231706006150346,0.004633520308810368,-0.0011214189507816608,-0.009442449238027617,0.030561280317931372,-0.003671299427632224
2024-01-17,-0.005173589134882417,-0.00204974675065428,-0.0071584367220441925,-0.009467203666572499,-0.005835187109227813,-0.00555862948942365
2024-01-18,0.032570747470771266,0.011297362852263904,0.014207881609588524,0.011798781932089941,0.018803682246149478,0.008892805538544879
2024-01-19,0.015533165132228799,0.012186703674631705,0.02021188103845284,0.011986946826648914,0.04174618144818698,0.012466150723920322
2024-01-22,0.01216323612919501,-0.005417903223448373,-0.0026642855977778712,-0.003604979862209201,0.0027398468914008323,0.0021144111630142515
2024-01-23,0.006653164168152204,0.006027469450940348,0.007192149506558554,0.008011406531487353,0.0036711947557146463,0.0029164192965691615
2024-01-24,-0.00348398638690961,0.009175385780957113,0.01128930876908485,0.005447960655367012,0.0248692842448186,0.001093182604395393
2024-01-25,-0.001696547824940775,0.005738205402217922,0.02131821069654305,0.005609771850602074,0.004155633276289761,0.005438971990336272
2024-01-26,-0.009012671558811358,-0.0023217262162983365,0.00210718283094824,0.008684596622424712,-0.009510336154358923,-0.0012705179708160097
2024-01-29,-0.003586131900271905,0.014334090960826273,0.00867335836055183,0.01344896590822775,0.023496250440286692,0.007919446240754136
2024-01-30,-0.019245729233049014,-0.002757915036620151,-0.013354135555483704,-0.014014601164705653,0.004946684737609175,-0.0007734882337023796
2024-01-31,-0.01935752216619735,-0.026946280909146525,-0.07500345791312912,-0.023899390262627773,-0.019864863250648956,-0.016317396592104072
2024-02-01,0.013340586702045742,0.015594498662076628,0.007566316039928189,0.026288672108771616,0.02437962930721449,0.013088243385340759
2024-02-02,-0.0054051900569629385,0.018425790873522363,0.008642643391766125,0.07866649218561839,0.04970893934170961,0.010527345896630624
2024-02-05,0.009846705296579605,-0.013545157574332611,0.009130198506707154,-0.008730574595861018,0.04794439195791478,-0.0036411849808546393
2024-02-06,0.008631585721411206,-0.0003945599745760475,0.0029234129699273748,-0.00681113075414308,-0.01599563502582768,0.0029034249677784008
2024-02-07,0.000581240851310616,0.021110334149335275,0.009992814324145671,0.008158468416245013,0.027497896544770528,0.008340279631984915
2024-02-08,-0.005754888364901789,0.00014491122587756422,0.002542282648063665,-0.004046223223746481,-0.006533455744667793,0.0004417085496768447
2024-02-09,0.004094041827806594,0.015551350602743375,0.021177607534958565,0.02714319777292107,0.03578357883032712,0.005779457003501243
2024-02-12,-0.009001794004151242,-0.012578734283715698,-0.009865994625559593,-0.012095159915523457,0.0015940949326598286,-0.0004389764836632004
2024-02-13,-0.011274401323025707,-0.021528558341461612,-0.01620003113583457,-0.021469171561243172,-0.0016608204698823625,-0.013773030200640801
2024-02-14,-0.004809767918569574,0.009665315893824467,0.005512067996605863,0.013875689909627953,0.024567504918773242,0.009087716223003639
2024-02-15,-0.0015747626526944059,-0.007155148487793417,-0.021721161672087153,-0.006901349311422389,-0.016806499080369575,0.006899669230050476
2024-02-16,-0.008430298333647501,-0.00614922999751677,-0.015759710352865275,-0.0017079419299743659,-0.0006194247690083365,-0.004979909412018091
2024-02-20,-0.004113792156406837,-0.0031430323008552197,0.004269640356602489,-0.01433539469369316,-0.04353212978890997,-0.005505486684568628
2024-02-21,0.004185838698273825,-0.0015144472256040098,0.010133428109202924,0.00903755380828164,-0.028508729408177058,0.0009058482471346885
2024-02-22,0.011243968740243915,0.023546628765723554,0.010802997763801558,0.035530017339574504,0.16400863992412007,0.020695536976350626
2024-02-23,-0.010034076353453658,-0.003182273949604353,-0.0009019603231534834,0.0023485144793740087,0.0035523810832078784,0.0006896316596884944
2024-02-26,-0.007451424395086281,-0.006823782254617772,-0.04438714852166781,-0.0014858549486425066,0.0034891308927440523,-0.003662551297314409
2024-02-27,0.00811445934498356,-0.000147030622676958,0.009522319763488385,-0.006810521779339163,-0.00494379926760613,0.0018576276405823933
2024-02-28,-0.006625468220785136,0.0005889724865710821,-0.018001299711208563,-0.0021896371944472026,-0.013189108279041073,-0.0013215656359362171
2024-02-29,-0.003693121938747823,0.014519767113566395,0.01525161878531911,0.02078996747858297,0.01865768803525114,0.003594930678976649
2024-03-01,-0.006030438764258461,0.004496673770135073,-0.009533538267377573,0.00825982552183624,0.04003181615646789,0.009388320968662489
2024-03-04,-0.025381157379746222,-0.0013957143781343495,-0.027635969892922385,-0.003591063770984282,0.03595071134402761,-0.0010724194381077634
2024-03-05,-0.02844100520428705,-0.02957223949141785,-0.005099314415751732,-0.01948421375262155,0.00857656198734369,-0.009994094161217104
2024-03-06,-0.005878271630371246,-0.0013908058615049734,-0.00957260122428416,-0.0035033346396604603,0.03182733346286404,0.005067283843022796
2024-03-07,-0.0007094176700637167,0.017533472447715415,0.02267879290900865,0.019076784751165476,0.04474627903608641,0.009926431560008053
2024-03-08,0.010236630697807447,-0.007137011736676135,0.007664852913597864,-0.008313545751684748,-0.055477000235143015,-0.006002298291439279
2024-03-11,0.011831539049635298,-0.004185071707378918,0.016690021206787087,-0.019332758891648982,-0.020039421842120153,-0.0008597807793050416
2024-03-12,0.0027786674700536196,0.02659956848977041,0.006028780290058711,0.019946455814511488,0.0715719752095405,0.010757247682681381
2024-03-13,-0.012122572609349014,-0.000433395177364293,0.009314129917125324,0.0066708374081581034,-0.011151948461029737,-0.0015673970676423066
2024-03-14,0.010927210727809777,0.024379811292047693,0.023678437822557852,0.012403729449981915,-0.03239136290933575,-0.00197678313620675
2024-03-15,-0.0021965215871663224,-0.02069523141346108,-0.013417184411768424,-0.024223786467438835,-0.0012167851624246273,-0.00686662156037765
2024-03-18,0.00637245243313167,0.002161267395651034,0.04604054921027023,0.00034398325434925603,0.007035656145426339,0.005943123154694696
2024-03-19,0.01358516473515059,0.009800675683987015,-0.004401421948113993,0.00813845829732096,0.010660835110571698,0.0055571044539721726
2024-03-20,0.014709066979140761,0.009064660139843639,0.011630360488686486,0.012791359170393646,0.010895343118921152,0.00924940325841006
2024-03-21,-0.04085740170846308,0.009735868946185722,-0.007664502576289034,0.0,0.011762288510190233,0.0033044868329703547
2024-03-22,0.005310271869249705,-0.0014671420821461556,0.021477081612430116,0.0040415450203241665,0.031213607672921917,-0.0018955275237154678
2024-03-25,-0.008300455241998073,-0.01371480022143956,-0.004642855281925984,0.004696213001679439,0.007561643755582326,-0.002763063048617509
2024-03-26,-0.006672487619490575,-0.002861298114081534,0.003998138424213371,-0.007845994154095037,-0.025694272800568463,-0.001846904023916296
2024-03-27,0.021212625795592688,-0.0005218831207592922,0.0013273374987923248,0.008581036192426339,-0.02496730979109263,0.00840390128704338
2024-03-28,-0.010559332205900884,-0.0016846587532491908,0.00039758151186752855,0.0030584610251771505,0.0011747587853212504,-0.0001911530432039399
2024-04-01,-0.008455580183682199,0.009150961883316988,0.030212759356088137,0.003270852211551434,7.748019174447229e-05,-0.0017399273779888924
2024-04-02,-0.006998872077350837,-0.007372113019574411,-0.005981093981260455,-0.0015472110151306673,-0.010081635780713305,-0.006357980168873456
2024-04-03,0.004797469269181676,-0.002349016797684733,0.002329235104745253,0.009519072430478781,-0.005455416186217477,0.0010984776758633519
2024-04-04,-0.00489230909952032,-0.006112500465248805,-0.028337189798647522,-0.013212014767422509,-0.03438484301403155,-0.01220609629756475
2024-04-05,0.004501723061021812,0.01828261525542585,0.013087197018955665,0.028166707356770848,0.024480560398477902,0.01044683524235257
2024-04-08,-0.006663516390456592,-0.0021854566636394512,0.015409640934638924,0.0006483768975988902,-0.009942199084623238,0.0005594304390883487
2024-04-09,0.007242441912852282,0.003980188962803055,0.011301264390318533,0.002591909504893186,-0.02041714138946149,0.00115687868558223
2024-04-10,-0.01113933542365575,-0.00708446953986086,-0.002937381021166363,0.0015080453603608657,0.019741370114497503,-0.010013344996037898
2024-04-11,0.043270919663794816,0.011033406955533787,0.020942871177231037,0.016671181255133227,0.04109656354521585,0.007546965260737393
2024-04-12,0.00862676182007105,-0.014091041045833252,-0.010539181983763801,-0.015445639364236818,-0.026816592562421193,-0.013803095840329238
2024-04-15,-0.02186350131775472,-0.019578081922270618,-0.01819541962516924,-0.013485250630092094,-0.024777088023876792,-0.012528157464574141
2024-04-16,-0.019167308896789748,0.0022725182117733222,-0.0029705840165789033,-0.001633742516860992,0.016441682510736078,-0.0018237076766191018
2024-04-17,-0.008147418320685662,-0.006609234843286904,0.006930198581755587,-0.011128128209780819,-0.03866606821727847,-0.005918145927562901
2024-04-18,-0.005714278368982861,-0.018380852916236257,0.0034730554585120643,-0.011363622972558218,0.007568113063091353,-0.002057856621656584
2024-04-19,-0.012212581717483295,-0.01273898339937296,-0.012306703416652742,-0.02561096030926935,-0.10004606720027986,-0.008728246840649989
2024-04-22,0.005090855447134057,0.004610140953761777,0.01421247526055014,0.014888568814227066,0.04354337378334683,0.009209095568160741
2024-04-23,0.0063916092618898634,0.016485491685674925,0.012669651591727282,0.01303389727631088,0.03653255683252166,0.011866554141672037
2024-04-24,0.012702401783511785,0.003655570999671065,0.00549729393640086,-0.016430862529557833,-0.033315912641574075,-0.00047465050058881353
2024-04-25,0.005147187194528335,-0.024494971466747284,-0.019669534017079382,-0.016535467634067658,0.0370873836752057,-0.003798882876045906
2024-04-26,-0.0034726304837703337,0.018243809655683396,0.10224357100764192,0.034260361668536854,0.06175557511943586,0.009473954705583099
2024-04-29,0.024807860057505682,-0.010016844433285765,-0.03373065677514764,0.007460258507441919,0.00025089594794769354,0.003541505172151682
2024-04-30,-0.018270917840036427,-0.032119344619344625,-0.0202829197280332,-0.03293549122868411,-0.015440485268159443,-0.015841325203145407
2024-05-01,-0.006046892486628264,0.014409541313728624,0.0066346537282513385,0.02285714285714291,-0.03889961313887935,-0.0032471397568200056
2024-05-02,0.022031700516619068,0.007342732234358884,0.016843705361360595,0.031955314082140474,0.03342942609146893,0.009353443441858289
2024-05-03,0.05981633006920939,0.022169797893760945,0.0037211972620063705,0.008066292135759712,0.03463179456546217,0.012395193942297933
2024-05-06,-0.009106784779670307,0.016918331372380857,0.005142245078282315,0.013371946429286963,0.037741121823184454,0.010326877688004554
2024-05-07,0.003797073782924487,-0.010156355971700282,0.018738705881921724,0.0003179520909595279,-0.017213008846236,0.0011035482079475578
2024-05-08,0.001864209063384692,0.0029317097013803473,-0.010919605934956444,-0.004026247769404412,-0.001568014995083411,9.672134683258449e-05
2024-05-09,0.0100142670258494,0.004335640996921519,0.003424199391498073,0.007978723404255428,-0.018415748848164104,0.005761835661660442
2024-05-10,-0.006890288909748854,0.005869257525529692,-0.007707612819749854,-0.01065965315282813,0.01274401200844233,0.0012881057573119747
2024-05-13,0.01764549456412423,-0.0024595035579048075,0.002905338784934708,-0.004853789332504466,0.005796887765234793,0.00013433936040718741
2024-05-14,0.006173439293038818,0.006864741277453845,0.007094722772856166,0.002679959159411549,0.010586462785003192,0.004588336530928494
2024-05-15,0.012218030977297012,0.017483891354840964,0.012739081020233245,-0.005773249525686364,0.03583751620266007,0.01238265292644214
2024-05-16,0.0006324247900448832,-0.004939906417921858,0.009680645147752243,-0.012688857146349708,-0.0028636631003612356,-0.002057530434477317
2024-05-17,0.00015798598460636804,-0.001852827636867671,0.010793492898184764,0.005826891232250109,-0.019923930423103475,0.0014376665303006408
2024-05-20,0.00616218387004519,0.012208039069036003,0.004884549711151154,-0.006280474722663021,0.02488123133212694,0.0011521850332256722
2024-05-21,0.0068573226470169946,0.008699187929766206,0.005256877117047365,-0.0021248741632045043,0.006394014052671704,0.002452273373356517
2024-05-22,-0.007538587480465431,0.003449448728799709,-0.008265578747713498,-0.00010914012742568868,-0.00457090851950448,-0.00287909685335741
2024-05-23,-0.021057980233345597,-0.008176207787890966,-0.016044759076218273,-0.011358061353112014,0.09319646520979785,-0.007304390604211841
2024-05-24,0.016588161748486874,0.007400600455578221,0.008297383301599348,-0.0016570176564539851,0.02572269953085038,0.006616457525630448
2024-05-28,5.26231846724734e-05,0.0003718780491237528,0.008057625113699007,0.007745471073219212,0.0698043258032972,0.0006990624966618508
2024-05-29,0.001579017864671739,-0.0026724707439833573,-0.0028347175088996313,-0.0007136405620595809,0.00811236328813525,-0.007002464579088374
2024-05-30,0.0052551219771634905,-0.03378596881855156,-0.02154623123322985,-0.014833517662161122,-0.037666038916009725,-0.006633925034091104
2024-05-31,0.0050185987961999245,0.0011093027150206325,0.0022660714622939615,-0.016060700229647673,-0.007846200972755235,0.009108106324044574
2024-06-03,0.009258810404757734,-0.003878556577881165,0.0038841263037576734,0.01076849847083472,0.04895421921438947,0.0008152392790434781
2024-06-04,0.0016492691817848737,0.006166874119165611,0.0035802679548004868,0.00560726713319748,0.012495790204692936,0.0011180467339011457
2024-06-05,0.007820852054617244,0.019083175488051385,0.009321631657809748,0.010817455564965828,0.0515555709172395,0.011885081701314748
2024-06-06,-0.007096473870239595,0.0012027877253248942,0.007525216879521901,0.020520748266509736,-0.011777171329260372,-1.856900872398981e-05
2024-06-07,0.012391906753969062,-0.0015783077673079404,-0.012844586052215612,-0.003783767287795614,-0.0009089842166193352,-0.001215940074110522
2024-06-10,-0.019147686695754396,0.009484596753152053,0.004303863119776263,0.014975553234585881,0.007461464668850004,0.0030899131908428412
2024-06-11,0.07264888101093048,0.011241672700625926,0.00919944404896511,0.0009087895389929823,-0.007144045384961051,0.002408219266786471
2024-06-12,0.02857864813269173,0.01936757897511132,0.006624432519114709,-0.0018159287809064173,0.035480861550703624,0.008213025382427519
2024-06-13,0.005491072596936375,0.0011791050419520666,-0.014792736309615973,-0.016373254687715777,0.035223620995155525,0.002013518793267721
2024-06-14,-0.00816833188834687,0.0022419230323729167,0.009305759982403572,-0.0009247574783878276,0.01751420933303338,0.0006083905301905723
2024-06-17,0.019671306617958573,0.013105258249624718,0.0025455893654260375,0.002177904217078641,-0.0068243241518585185,0.00795914268166964
2024-06-18,-0.010984383537003928,-0.004527596290900715,-0.01213075182656198,-0.006791263808433312,0.03511972788495776,0.002540597005839862
2024-06-20,-0.021512887942818026,-0.0014337982433588747,0.0069108871407479455,0.017996874289478493,-0.03540354831119186,-0.002716659401390875
2024-06-21,-0.0104444404446572,0.00915403239809498,0.018888267501141476,0.01601287280926522,-0.03219144905950888,-0.0013406054574014448
2024-06-24,0.0031327426283069837,-0.004691196985393442,-0.0022825523677368897,-0.0185635417434159,-0.0668404822518125,-0.0032506448605784666
2024-06-25,0.004468147399944167,0.007326948796407828,0.02683859429282376,0.004149318226444709,0.06756418703674871,0.003850737666635462
2024-06-26,0.01999331429299378,0.0026832617576491025,-0.0008150080539316429,0.03901472799901873,0.0024586148935112906,0.001248496860363879
2024-06-27,0.003985815530088921,0.0015259905700129028,0.008320565783076939,0.0218997235669518,-0.01906656146394159,0.0015763572816247517
2024-06-28,-0.016254029403611203,-0.01302864961530159,-0.01758253813927413,-0.023249966952787915,-0.003629231025439439,-0.003935206600352736
2024-07-01,0.029104449121025056,0.02188159526313238,0.004611505593687948,0.02043982896891161,0.006151937453743983,0.002058070220223307
2024-07-02,0.016240015936550556,0.005583306367490604,0.012295861456958157,0.014198798656638534,-0.013113532606293887,0.006729604332527339
2024-07-03,0.00581098009701031,0.0032441025384424282,0.0031309230691152212,-0.012050018310546862,0.045732550598243105,0.004462535692299374
2024-07-05,0.0216203802396846,0.014736300215536069,0.025723785507191232,0.012196992290986808,-0.01909892525344281,0.005766606836128396
2024-07-08,0.006538874205380685,-0.0028231338898346836,-0.008237014051125202,-0.0035500335693359197,0.018834884646652394,0.001154139509944585
2024-07-09,0.0037749925909937865,-0.014370378412726703,-0.0002646191068018666,0.0002509059834530092,0.024805172802410347,0.0009723301022346309
2024-07-10,0.01880343918460725,0.014601454948622195,0.011641518890712188,0.002257434315787954,0.02686859193288882,0.00989494836668614
2024-07-11,-0.023220814306413984,-0.024772030684006574,-0.029344040075597322,-0.023724863074531144,-0.055666703867326084,-0.008622331695145036
2024-07-12,0.013050994218992695,-0.0025291105542317727,-0.0026942862724145256,-0.0028710461411536325,0.014442787565852155,0.006307531646837727
2024-07-15,0.01674320789196382,0.0009039691311181208,0.007888703001850628,-0.009100746683474936,-0.006190148187068534,0.0027501826800009344
2024-07-16,0.0017918603040314451,-0.009780619815055513,-0.013992295699944757,0.0015566783408964557,-0.016194453766356087,0.005930116669278673
2024-07-17,-0.025295965180458957,-0.013347622160107764,-0.015767806335733492,-0.02637038381521739,-0.06623942581619635,-0.014021236273249915
2024-07-18,-0.020534792599341767,-0.007102190174568368,-0.01839576574225732,-0.022242286163404512,0.02627340431284786,-0.0076847190254574205
2024-07-19,0.0005798750578482892,-0.007402990674241661,-0.00016885216205231313,-0.0033741230867346816,-0.02609605615580146,-0.006640697294749476
2024-07-22,-0.001560270888298243,0.013337591442479368,0.022571292328642745,-0.003167158934036185,0.04757049451498663,0.01031012756938865
2024-07-23,0.0046881961948308515,0.004312186786453953,0.0006605271547042157,0.021144894800451786,-0.007689782480357676,-0.001568787940795291
2024-07-24,-0.028754266357637115,-0.03585478336623882,-0.05038791675183363,-0.029934025650088625,-0.06803177808536298,-0.022662597304122678
2024-07-25,-0.004804539028368304,-0.02448109047878022,-0.030991113844398677,-0.005419431054668911,-0.017242768215053994,-0.005210401963480105
2024-07-26,0.002161013380774346,0.016419574516915336,-0.0016738427531521882,0.014734466536293178,0.006946860499834839,0.01119956221299745
2024-07-29,0.001284652651888596,0.0034332190192767342,0.0151497297119505,0.003835599716395466,-0.013001960538984836,0.0005881113159427187
2024-07-30,0.0025660794576216617,-0.00892840248519966,0.004483027798584116,-0.008133134602594794,-0.07043641700034997,-0.0050664892638487835
2024-07-31,0.014990690573182697,-0.010805846065819025,0.0073403328521095546,0.029002194810164417,0.128120963341666,0.01625441638944025
2024-08-01,-0.01675072595820104,-0.002964139039722924,-0.004546923101899747,-0.015563100170141508,-0.06674063522081286,-0.014160899338214183
2024-08-02,0.00686940594481289,-0.02066599469380681,-0.024010455782555007,-0.0878470841762542,-0.0177640457742273,-0.018618121686118427
2024-08-05,-0.0481669470622641,-0.032656782425950825,-0.04446165525555423,-0.04097671157906757,-0.0635777824912529,-0.029123900519452572
2024-08-06,-0.009748314712606843,0.011286956698058015,-0.006028348717084575,0.005651399696776416,0.037829750206114676,0.009219560909415225
2024-08-07,0.012498376730412764,-0.002953155034266741,0.004106455628972272,0.0051874985158653075,-0.05122289816705261,-0.006683968773198434
2024-08-08,0.016633084757459615,0.010692154404886134,0.01944123640482287,0.018615215947435537,0.061267662773494935,0.0231175846276217
2024-08-09,0.013736142517741357,0.008269291427240644,0.010121475366917432,0.00687575011257735,-0.0020956757537589077,0.0044095465183078275
2024-08-12,0.00712980351331205,0.0019457708263028728,-0.008431412143083516,-0.000838620987187122,0.04076357666003494,0.0005252995176763253
2024-08-13,0.01719308123340446,0.01769870227227366,0.011522538234962854,0.020563504874259175,0.06530914715147573,0.01644557530091073
2024-08-14,0.00203381552080506,0.006883886151050289,-0.023087178322072854,-0.0007636117446156998,0.016704141965840025,0.003154640840673739
2024-08-15,0.01353044045495877,0.011823766716488882,0.0057990634075577585,0.04403286281963403,0.0404809538476969,0.01714022354239053
2024-08-16,0.005918490661636522,-0.006080213462761774,0.010291383475083737,-0.002984395462729106,0.013999654649322402,0.002242125296502806
2024-08-19,-0.0007078915959314314,0.007312296006127816,0.022766308058343787,0.006551472258579993,0.043506146577040106,0.00956144497064515
2024-08-20,0.0027447506541566913,0.007757453546101578,0.003059910209646244,0.003703308593809629,-0.021153806769510064,-0.0016259571119814353
2024-08-21,-0.00048548335482245797,-0.0015537048354875571,-0.007955462662061263,0.006876093995775934,0.009823207752174268,0.0034362481296041913
2024-08-22,-0.008259808305736582,-0.020252762663933388,-0.012360644027071044,-0.022097583221652117,-0.03704286505959309,-0.007848341007718584
2024-08-23,0.010288138741991082,0.0029841139683568496,0.01111122174405832,0.005166572293719973,0.04549858622412928,0.010625420945469477
2024-08-26,0.0014988273305740485,-0.007917747180993695,0.0032603741584760204,-0.00869856159361615,-0.022493666454562855,-0.0023839332592284768
2024-08-27,0.0037414943871150186,0.0008464949516182596,-0.00890723634359114,-0.013561281383547064,0.01455026751112376,0.0013731297473582593
2024-08-28,-0.006753350612903386,-0.007829242380217316,-0.011112205300081168,-0.013401063602498708,-0.020966597521792196,-0.00580521267877987
2024-08-29,0.014570132715693074,0.00613734497902052,-0.006570439052190902,0.007728290643119529,-0.06384849862268094,8.952696107789038e-05
2024-08-30,-0.003437925668784869,0.009730917762564184,0.009890028370264758,0.037067191865004956,0.01513741367627408,0.00954610752997942
2024-09-03,-0.027205293899992045,-0.018458971743666064,-0.03684685218343542,-0.012605042016806678,-0.09525003749312622,-0.020579013448769
2024-09-04,-0.008618736678376093,-0.0013188333091306292,-0.005782780529682396,-0.016567365497562103,-0.01657407293935187,-0.002046694588240028
2024-09-05,0.006927830770843801,-0.00124734021926598,0.005049508670139424,0.026308183871355473,0.0094152325812904,-0.002432535425637372
2024-09-06,-0.007015017096111742,-0.016381415717335646,-0.04019321173658652,-0.03653943460735232,-0.04085432362181263,-0.01683006116965957
2024-09-09,0.0004075502072728998,0.010007481746121538,-0.0133360057883255,0.023396899008788496,0.03539825708307376,0.011196236972005114
2024-09-10,-0.0036213939030280695,0.02090116324380631,-0.0003362299672449165,0.023660258265018275,0.015309375404415126,0.004355612982860579
2024-09-11,0.01158515618615863,0.0213423167988831,0.016816946067070626,0.02768031821904482,0.08149857071144262,0.01025910204694691
2024-09-12,0.0004939468704443506,0.009360939721249295,0.023352543125461533,0.013440254011034547,0.019161836365882756,0.008423025519766592
2024-09-13,-0.0012119483310931711,0.008407368916634406,0.017906797319697132,-0.0027272433520638684,-0.000335877509690774,0.005222869896428728
2024-09-16,-0.027775309417678584,0.0017417377248094557,0.0038104522734681012,-0.008579580976924128,-0.01947941212798665,0.0014770281609410851
2024-09-17,0.0021728213816776254,0.008832971213015961,0.007971798066706892,0.010763186217390919,-0.010190083262880956,0.00040852437124416774
2024-09-18,0.017989752505520373,-0.009973606651844658,0.0030755986369337407,-0.0024080275860086653,-0.019205803706508817,-0.0029658482496188743
2024-09-19,0.03706540777142653,0.018291176662543318,0.014579707828935806,0.01845197970580159,0.03969300129346642,0.01706435863224054
2024-09-20,-0.0029273684682535883,-0.007796094872014492,0.008942930711122399,0.009111555436973395,-0.015864954771875994,-0.001728617192906845
2024-09-23,-0.007581020317304343,-0.004043338999074053,-0.010636208439101957,0.011899784481557152,0.0022414768779812633,0.0024989563415040994
2024-09-24,0.0039739617590086596,-0.010011266169420163,0.00271839874512958,0.0004126358007008335,0.03965250684776822,0.0028612486764134637
2024-09-25,-0.004398163264546562,0.0068504509856155416,-0.004929427840591916,-0.007372694808574054,0.021841642396522642,-0.0022055858738448952
2024-09-26,0.005080302810326565,-0.0018514713630295443,0.007678401736924689,-0.007115748848874004,0.004291134411755326,0.003964786856283542
2024-09-27,0.0011865783957658582,-0.007627839569634309,0.007497139365000516,-0.016687603998192135,-0.021283513570402257,-0.0014503999865576045
2024-09-30,0.022872078754435865,0.005326767892252615,0.011589076097057172,-0.008724793206352333,0.00032956179371845806,0.0040073144360677215
2024-10-01,-0.029141635926272724,-0.022333158871664094,0.006873395714307451,-0.006440170323887107,-0.0365613701423918,-0.00895843135052643
2024-10-02,0.002519807793746498,-0.008462217351631551,-0.006766755536808611,-0.0019986515757441925,0.015812143856202443,0.0004220236379359754
2024-10-03,-0.004894646237275424,-0.0014144667854839588,0.0,-0.015154729791167831,0.033655803428645825,-0.0018279976395086939
2024-10-04,0.00500722072045745,-0.001152496170811701,0.007234850014878669,0.02500542770436165,0.016849755948416867,0.00908711509499005
2024-10-07,-0.02253087954560362,-0.01567067902947783,-0.024422243473361194,-0.03061493551686767,0.022414316689403302,-0.00904037479728248
2024-10-08,0.01840416964067826,0.012623842716646516,0.0085902368492905,0.010619458719785868,0.040479246292881355,0.009457612031593898
2024-10-09,0.016698336395353897,0.006631092040170428,-0.015330507364721524,0.013408477078997505,-0.0018059417394399313,0.0069262514801462505
2024-10-10,-0.002178325762561495,-0.0038805646296536933,0.001359163096533722,0.007992632403596822,0.016283342946846968,-0.0017498385459364663
2024-10-11,-0.006505309307011986,0.0011542872145993144,0.007156993194447736,0.011626110360002828,-7.410967664689405e-05,0.005988254999732323
2024-10-14,0.016479879240008266,0.006773730376044451,0.010536549311399135,-0.006779016992029097,0.024258246759703006,0.008178292552483146
2024-10-15,0.01102474767548789,-0.000954381891653866,0.003031270655899032,0.0007998782160802964,-0.046860369431920956,-0.007769660270121936
2024-10-16,-0.0088520170172538,-0.006257010255266371,-0.0018132473202480126,-0.004262363692000948,0.031306901690387745,0.004346221321686938
2024-10-17,0.0015965299868825333,0.0014420372827390615,-0.013502227158541658,0.0034244710350397334,0.008915600418138547,8.589627183375192e-05
2024-10-18,0.012276402988606216,0.003455474473297082,0.0030076426055571925,0.007785456851548744,0.007814002297920508,0.0038465571849544133
2024-10-21,0.006297830526106107,0.0014828183007149498,0.003977541773497295,0.0004233124965837831,0.0413769094871097,-0.001642085586487707
2024-10-22,-0.002621770657822098,0.020846268981536964,0.006521555485668351,0.003332044214411578,-0.0008349857207115008,-0.0005311077877049319
2024-10-23,-0.021622811375157425,-0.006806858719395126,-0.014290954214085438,-0.026304640562205495,-0.02806598777726299,-0.009137467513379516
2024-10-24,-0.0008235300628479658,0.00030605411842832275,-0.0003685257488015292,0.009041189476714617,0.006090512007098647,0.0021627712512073405
2024-10-25,0.003643241901385874,0.008052263771797907,0.015671045813854034,0.007779788122410869,0.008047804988076557,-0.00034561569884383747
2024-10-28,0.008599273597686086,-0.003643573469270911,0.008773562591719575,0.002981406341556969,-0.0072064616454919905,0.0030916663045037485
2024-10-29,0.0011569490745297895,0.012564676794428964,0.017754237729439515,0.012951868195294036,0.005194962716427831,0.0016183129423537057
2024-10-30,-0.015277916147601545,0.0013428283664256302,0.028170614798716853,0.009956473710913016,-0.01352214811073471,-0.0030252079193149317
2024-10-31,-0.018209483484662226,-0.06052756832657802,-0.01920213907680879,-0.03284388507953562,-0.047222418644812914,-0.019603209549842626
2024-11-01,-0.013279761772193255,0.009892656570600566,0.0010520248987309078,0.06185621865256041,0.019885500946898338,0.004220527329819701
2024-11-04,-0.004037497865392092,-0.004654294043843765,-0.011968010787823502,-0.01086239567545566,0.004800544733689183,-0.0021539924147711
2024-11-05,0.006486198401892906,0.007344718953087526,0.002954338630454023,0.0190009257528736,0.028371808324785697,0.012091924532784626
2024-11-06,-0.0032668541178833,0.02119302532365208,0.03988454271982733,0.038045094425516846,0.0407405285127711,0.024865622105604945
2024-11-07,0.021372093619307808,0.012494520206145054,0.02402130390668833,0.01429333510169939,0.022457224634239603,0.00773203309946191
2024-11-08,-0.0011882075591023167,-0.006793140361522121,-0.0132779564448956,-0.008902691496347037,-0.008395944091028062,0.0043316698038256
2024-11-11,-0.012028533840612421,-0.01072083354425779,0.011213990094290027,-0.006436720074140534,-0.016053680780840796,0.0009528510947818258
2024-11-12,0.0,0.012009338239765466,0.007041663116639674,0.010007771034946433,0.02085907689300215,-0.003106437000087281
2024-11-13,0.003969151834468887,0.005129677117819309,-0.015086405280427928,0.024843245179395845,-0.013621910777660617,0.0004859288805161288
2024-11-14,0.01377037338953535,0.00397454732438729,-0.018448060754559736,-0.012237320417028852,0.003350000177818835,-0.006430176239068386
2024-11-15,-0.014109089939319919,-0.02785264031597301,-0.017598716395433422,-0.041942478231440816,-0.032570101617699576,-0.012808665313079781
2024-11-18,0.013422237019465877,0.0018312957964008447,0.01629061886802341,-0.004491405455644082,-0.012889360254019877,0.004097457574268049
2024-11-19,0.0011400757731807598,0.004882730511540645,0.01608655205060794,0.014427385751800914,0.04894757698719143,0.00365552745244746
2024-11-20,0.0031540244681631524,-0.005505131464563551,-0.012014109889086022,-0.00845508881471324,-0.007618540933474249,0.00033861126855150303
2024-11-21,-0.00209602717278079,-0.004316927863434072,-0.04744851039990561,-0.022180598835253806,0.005346569541479829,0.00536836017566289
2024-11-22,0.005907567909522848,0.010003229628053223,-0.017121244968120952,-0.006351495788949668,-0.032180969748734745,0.0030995178960133707
2024-11-25,0.013050956317711693,0.004292481054346098,0.017540729626606577,0.021966324768223133,-0.041775324934702596,0.0033921398614391585
2024-11-26,0.009404468163534574,0.021967944250459226,0.00876825478587362,0.03181932866326265,0.0066167233873304365,0.005221492547420548
2024-11-27,-0.0005531615010579971,-0.011682378780492497,0.0006506355849238421,-0.010199148999145757,-0.011539720356408156,-0.003030127243096703
2024-11-29,0.010215796123973053,0.0011110786854500176,-0.0016547232524392053,0.010450052683389277,0.021501471980371445,0.006212147107364174
2024-12-02,0.009522653709632012,0.017758624846483828,0.015033972412069385,0.01356490130596999,0.00274875040199829,0.00179242540671809
2024-12-03,0.012771733064145918,0.0005103168494076105,-0.0008746103857586451,0.012956175029913197,0.01175782567467576,0.0004637526558710636
2024-12-04,0.0014836197560410547,0.014425007910217502,0.017684191495068946,0.02211394849472459,0.034792436439192054,0.006209419772410518
2024-12-05,0.00012358358756836552,0.011887779665501474,-0.009921547094434935,0.010955259211262725,-0.00048226732051226406,-0.0016456131830735465
2024-12-06,-0.0008230509927993346,0.0021463221787068054,0.011990399136146523,0.029381072944344444,-0.0180614256794418,0.0018956671802545788
2024-12-09,0.016101227207422797,0.0055232758054295505,0.004928076226165867,-0.004140432746599476,-0.025484584305924596,-0.005149618902517306
2024-12-10,0.004133731717977485,-0.006031062873213089,0.0558818293668486,-0.004644181824783544,-0.026943134010747105,-0.00310917266864974
2024-12-11,-0.0051660376061682944,0.012767147056598649,0.05524642523252732,0.02319588240507109,0.0313910005223772,0.007730773625350462
2024-12-12,0.005963678446599063,0.0012695089500243117,-0.017604807662172317,-0.0056023335225716675,-0.01414098263620256,-0.005152688195033672
2024-12-13,0.0006856036498088525,-0.005094031968075119,-0.011148100518082682,-0.006594726378065796,-0.022498991060399653,-0.0001983880967142415
2024-12-16,0.01172780046244215,0.009658576062972601,0.03603408817464149,0.024048121869595374,-0.01675983001316883,0.004269910955676304
2024-12-17,0.009719397272840657,0.0063554623688104606,-0.006305418842238564,-0.00764177579215608,-0.012196871744684534,-0.0041201367115223375
2024-12-18,-0.021421712416383354,-0.037561104854187066,-0.03592269245009194,-0.045987410359975445,-0.011350635383790997,-0.029803379207074987
2024-12-19,0.007014586453605531,-0.0008231154179413336,0.0005839542123848851,0.012561168873593154,0.01373047789648929,-0.00030716989274937045
2024-12-20,0.018815929542988163,-0.0009837808886280497,0.015383928957443116,0.00729994595290151,0.030762075104010744,0.012010900850058848
2024-12-23,0.0030649057153011583,-0.0030920728537601194,0.01682240067997487,0.0006224408269079884,0.0368968506638685,0.005988340412128146
2024-12-24,0.011477981249026215,0.00937372499569955,0.007604226312083462,0.017728630305015702,0.0039379833345492,0.01111486222740532
2024-12-26,0.0031758125846752527,-0.0027768828534014967,-0.0026005553141981164,-0.00873171784917226,-0.0020681909482714866,6.675716661463937e-05
2024-12-27,-0.013242166064433514,-0.01730143488231284,-0.014519489615658077,-0.014534256804240364,-0.020867667802760836,-0.010526540204950474
2024-12-30,-0.01326346701893677,-0.013239636976559943,-0.00788533742240427,-0.010949707031249978,0.0035035885067289385,-0.011411578258592181
2024-12-31,-0.007057731452254856,-0.007838463394348238,-0.010144403190568418,-0.008630834323407832,-0.023274484224637848,-0.0036380710711456654
2025-01-02,-0.026235960014450166,-0.0069275580537688786,0.000686662220807932,0.003783225458606987,0.029935122170117845,-0.00245696071262691
2025-01-03,-0.0020094144543211234,0.011395697852621955,0.012458471222432932,0.018027432561515733,0.0445377268227396,0.012503475553182541
2025-01-06,0.00673894392013108,0.01062954401423677,0.026487364921689238,0.015254909370185477,0.03433227791132332,0.00576051594844551
2025-01-07,-0.01138774926149444,-0.012808446359528491,-0.00700978296359156,-0.02416414035082548,-0.062169580578878336,-0.011304100584961563
2025-01-08,0.002023020207167825,0.005185149971905778,-0.007877599489670706,9.006470850470016e-05,-0.00021407670605266826,0.0014611505238784073
2025-01-10,-0.02410380551139535,-0.013213684483750932,-0.009847949664065436,-0.014360970473526025,-0.02997628273435249,-0.015267648636208109
2025-01-13,-0.010344139066364999,-0.004200871470184664,-0.005363370402798218,-0.0021923619356289947,-0.019719094641636015,0.0015506829641329656
2025-01-14,-0.004778124815995266,-0.0036434282768329496,-0.007067744862429781,-0.003204303696411115,-0.011033467511119777,0.0013758344468568495
2025-01-15,0.01967592630720172,0.0255971852890986,0.031055601548268585,0.025670516796895804,0.034001357792485365,0.018189874310783116
2025-01-16,-0.040400254989198636,-0.0040582419882359,-0.01350042403195717,-0.012043887924316987,-0.019597890974702215,-0.0019229430645703038
2025-01-17,0.0075351463525159534,0.01048107247532748,0.016017864583345753,0.023928209424767255,0.03099502681305988,0.010039796281914537
2025-01-21,-0.03191572116937769,-0.0012354038534619916,0.010459116072977892,0.021111818274402117,0.022656284022364526,0.009153402918024689
2025-01-22,0.005344954452325856,0.041306899628443805,0.001615742128517228,0.018638063663626525,0.04430880623931399,0.005621669506018723
2025-01-23,-0.0007594465433748976,0.0011430045314564374,-0.001966030916281003,0.0017446222360446573,0.0010198424050138488,0.005458065583400229
2025-01-24,-0.003934600300697255,-0.005932266777477713,0.011263958039886113,-0.002421170970448472,-0.031245797851700674,-0.0029193693517148844
2025-01-27,0.03178023749009995,-0.02139334220652689,-0.04195608200360579,0.0024270472668348475,-0.16968172484819855,-0.014145371801854822
2025-01-28,0.036543971704994016,0.0290867801420418,0.018195166722546174,0.011596277923593856,0.08925859476812814,0.008592366591027911
2025-01-29,0.004616791471198534,-0.01089005557239342,0.0005632442681231531,-0.004534900692607424,-0.04101087274817716,-0.004482775021397822
2025-01-30,-0.007394720758962636,-0.061809101988644755,0.027941123799685608,-0.010250170242948609,0.007679948689446325,0.005366965864405326
2025-01-31,-0.006692234021185128,0.00016878248634188964,0.015681799617815573,0.012955989149507907,-0.036742966336713145,-0.005321960616874288
2025-02-03,-0.033855868907864406,-0.009974449868656587,-0.013675091507440063,-0.0010938846972727845,-0.02840015414625452,-0.006729615115073195
2025-02-04,0.0210079349094221,0.0035286426659035808,0.025592682461565985,0.019543422733693472,0.01705810573608657,0.006708370622302784
2025-02-05,-0.001417653466285862,0.0022310702452519315,-0.07292376196779526,-0.024332807771026643,0.05208603904947551,0.004054459755776785
2025-02-06,0.003226297401428546,0.006121597898967712,0.0014111366930276148,0.011263088803542765,0.03084191690733107,0.003475711323454478
2025-02-07,-0.02396879648313288,-0.014597697831278289,-0.03267227559609431,-0.04053095448794508,0.009014545395749307,-0.009153559299522107
2025-02-10,0.001187334914195981,0.006028083084226976,0.00609702269856327,0.017412199866636335,0.02872779532289771,0.006791203486450792
2025-02-11,0.02183177643205636,-0.00189212380108017,-0.006167159607582073,-0.0016299428832775575,-0.005764865155850174,0.0007604748177987286
2025-02-12,0.01827018699047267,-0.0058332337015573055,-0.009227311144819117,-0.01645472556041927,-0.012499873279013807,-0.0032213625730350692
2025-02-13,0.01967325127195485,0.0036670868442465476,0.013779155672911436,0.006290143220533118,0.031645419735433444,0.010557414878431537
2025-02-14,0.012710790550175988,-0.0051395348171249244,-0.0048888122964884095,-0.007336035409240549,0.026313977207693018,-4.899288490622933e-05
2025-02-18,-0.0005315679094166637,0.0029626539113174477,-0.00788215504955092,-0.008877028355405714,0.003961018727740573,0.0029357362526629682
2025-02-19,0.001636183275637082,0.012523045265655952,0.00816251192760542,-8.819331220011328e-05,-0.001219504432556251,0.0023548636412025203
2025-02-20,0.003920450406020182,0.005290601557262464,-0.003832323185629871,-0.016546793977871843,0.006320443091399008,-0.004160320690117292
2025-02-21,-0.0011390669680696464,-0.019032563303684746,-0.026549664620802438,-0.028266344731418536,-0.04053958881264841,-0.01710416601667286
2025-02-24,0.0063124340025493275,-0.010313273082313335,-0.002282090785745594,-0.017868663239768212,-0.030870943582435584,-0.004550296098602136
2025-02-25,-0.0002428712111562925,-0.015099044538306572,-0.021366784769746072,0.000423094048469963,-0.028016671189648235,-0.004973235667949494
2025-02-26,-0.027040139913881323,0.004599249342540412,-0.015334611399897669,0.007283848822975836,0.03672135896918105,0.0005050038000959933
2025-02-27,-0.012730889246679977,-0.01801214764844583,-0.024489025215968074,-0.02617215045770671,-0.08478074287375736,-0.01596208207351102
2025-02-28,0.019131928106158824,0.011362143639570332,0.010563761632976565,0.016958863624485065,0.03970035474087119,0.01560552188516362
2025-03-03,-0.0157542328002358,-0.02141102042825771,-0.01920373191625213,-0.034200087377916355,-0.08693560636839914,-0.017519912848197983
2025-03-04,-0.008822464043871547,0.0003086867176333996,0.023411906352007072,-0.005950644792114046,0.016920825321121713,-0.011836837733235739
2025-03-05,-0.0008053418580530325,0.03193444894495734,0.012286399858190356,0.022374865016246748,0.011294234057385832,0.010747988817991994
2025-03-06,-0.0017391716619414854,-0.010298769170738242,-0.0038723040927891583,-0.03676331176651382,-0.05737434022012877,-0.01775136434213942
2025-03-07,0.015892623751117663,-0.009020107679927558,0.008761158274263492,-0.007224698407026442,0.01917336499792044,0.005605003514265405
2025-03-10,-0.04847952849466852,-0.03343422477658964,-0.04485785343484816,-0.02363867861413893,-0.05066999764865476,-0.026635733977431797
2025-03-11,-0.02918945637691428,0.000762961740481849,-0.011032793467185775,0.010537694677220655,0.016638563794758587,-0.008312662786454483
2025-03-12,-0.01747868225326521,0.0074122268753502585,0.018715053490606648,0.011699491808345508,0.06427597376633831,0.005306342781235651
2025-03-13,-0.03364371171391467,-0.011741224371883963,-0.02603070945572783,-0.025139524437347016,-0.0013823583503980164,-0.01333046625507539
2025-03-14,0.018170638245434745,0.025846943523403665,0.016773053399709914,0.02093969555611075,0.052690677698312705,0.020655733597489956
2025-03-17,0.0023888679143519997,0.00036036101896597117,-0.007251161103820958,-0.01116439246854839,-0.017588530428456872,0.007711467404735828
2025-03-18,-0.006121543135650831,-0.013326489337593173,-0.02203414930614367,-0.014917738259935254,-0.034300927639415946,-0.010808553307510627
2025-03-19,0.011989339120307863,0.011211808554420166,0.0200410599560088,0.014106347155876442,0.01810605409028687,0.010891045944863231
2025-03-20,-0.005296461695394106,-0.0025267832817993385,-0.006650876680959983,-0.003017266841301769,0.008594237059945442,-0.0028918562308621887
2025-03-21,0.019476917327059695,0.011425906959400045,0.007309576409566754,0.006463245885351521,-0.007002377252711467,0.00033005083707338123
2025-03-24,0.01127044431081825,0.004651575711901446,0.0225015009102687,0.03593082692897376,0.0315208925704582,0.017908289122873677
2025-03-25,0.013681886692452627,0.005291495283754388,0.01717562189732469,0.012053587883713357,-0.005930354013186867,0.0024039544954175263
2025-03-26,-0.009921820574241624,-0.01313394738591922,-0.03224694204143386,-0.022264360904062586,-0.057419838731602835,-0.011938221555303774
2025-03-27,0.010472618545503964,0.0015643373521447845,-0.017084444946406707,0.0011435177345771042,-0.020481749741028232,-0.0026558920689462306
2025-03-28,-0.026580406557995873,-0.03016041231852018,-0.04875497675733609,-0.04290822091507418,-0.015794642330693054,-0.02013821856442377
2025-03-31,0.019412745512839225,-0.009001999919142523,0.002008694974090508,-0.012764667384211892,-0.01176259310158212,0.006712943473346611
2025-04-01,0.004771877151222181,0.018114492819780725,0.015713957709342585,0.010038913682617334,0.016331580715021055,0.0028243571101911336
2025-04-02,0.0031364268644220594,-0.00013079348911793076,-0.00019120660444593707,0.01998228846583383,0.002451035023803172,0.006328416675828619
2025-04-03,-0.09245610587226716,-0.02363025992526424,-0.040244435912206944,-0.08979129298487254,-0.07806554483439654,-0.04928094967554508
2025-04-04,-0.07288745718124923,-0.035565919126357426,-0.03397021683591084,-0.041533565999713695,-0.07357544346121658,-0.05854293514288289
2025-04-07,-0.036734280065990776,-0.005502374506228258,0.007898359205453342,0.024912248577988017,0.03530885608191725,-0.0017811908092518758
2025-04-08,-0.04981816434315467,-0.009221421092265425,-0.013969367034178393,-0.026246667744515673,-0.013723833639819327,-0.01566277502796032
2025-04-09,0.15328841455161957,0.10133691043354087,0.09682099527015864,0.11977031526306248,0.18722755707268046,0.10501934487618847
2025-04-10,-0.04239367821616258,-0.023406531341426562,-0.03711174838463138,-0.05170070417193329,-0.05912716321622913,-0.04381896476163283
2025-04-11,0.040594442814472664,0.018618119896501417,0.02826858384916342,0.020141230945248445,0.031235470383954134,0.017842845705135613
2025-04-14,0.02205395653826936,-0.0016475585484189148,0.012282211549296429,-0.014875318183769082,-0.0019832808404687263,0.009701309641358513
2025-04-15,-0.0018763246506349196,-0.005363481416703619,-0.01735103971503249,-0.013891933050343641,0.013458586448408472,-0.0028008419098758397
2025-04-16,-0.0389333870455566,-0.03660594039275766,-0.01906455024462317,-0.029288905919567454,-0.06871658280776227,-0.022227992908980143
2025-04-17,0.013949669697312705,-0.010306565614476848,-0.014152467223189413,-0.009866352335440198,-0.028710894895492833,0.001426718914772973
2025-04-21,-0.019392901137262997,-0.023546576470986236,-0.023088326617113353,-0.030647084568839134,-0.04512755375617805,-0.023802704228313765
2025-04-22,0.03406520676670355,0.021441211179745068,0.02573307693242044,0.03502262189247651,0.020431351149473587,0.026017831494603794
2025-04-23,0.024331406118612176,0.020636857517084106,0.025615828861417445,0.042845673527805994,0.0386286628988366,0.01549547679367791
2025-04-24,0.01842624896870526,0.034482639181828034,0.025297561922021483,0.03289029336584037,0.036218462501278914,0.021048917134121048
2025-04-25,0.0043672179481435425,0.011748122098963476,0.016825742164099156,0.013133978209558528,0.043033082741024575,0.007225434182062562
2025-04-28,0.004109370269468782,-0.001760753431641171,-0.008335424470172548,-0.006825802991833552,-0.020538663469687246,0.0003810926654648217
2025-04-29,0.0050919280928809485,0.007362568802820713,-0.0028017338066524955,-0.0016515586767922308,0.002667138823749138,0.006299488255282926
2025-04-30,0.006107546846962464,0.0030962020553535474,-0.008491609758880525,-0.015849304820837684,-0.0009173170731193725,0.0003969200081936908
2025-05-01,0.003858895845141319,0.07625350922904106,0.015743018211665127,0.031341496782804956,0.02469704604798939,0.007086899272892966
2025-05-02,-0.03736171772830699,0.023225242288881676,0.016925161031678737,-0.0011566836184702112,0.025893794229703726,0.014844110563275503
2025-05-05,-0.03145844940334408,0.00204465106513374,0.00109734581758536,-0.01910722026349243,-0.005938948126288146,-0.005734441495723663
2025-05-06,-0.001910646993918963,-0.006557069525295778,-0.005968148835694742,-0.007190832051464091,-0.0024599684767608876,-0.008358162019163173
2025-05-07,-0.011384822083056023,9.227619069074322e-05,-0.07259693284699886,0.019998985551532122,0.03100230267443549,0.0042054218785201325
2025-05-08,0.006318482562840622,0.011122779350365652,0.019157188619477017,0.01785806262143419,0.002648207663911606,0.0069678158690302805
2025-05-09,0.005266106242241664,0.0012778900291599005,-0.009916954117132337,0.0051020185245573835,-0.006134418005449338,-0.0012742010630860667
2025-05-12,0.06314604265224166,0.024001131074520066,0.037381190914114626,0.08070031092964336,0.05443631657205805,0.033047474409526156
2025-05-13,0.010152396510096473,-0.00026700038163529616,0.00675252860645692,0.01308471882441209,0.05634146493131764,0.006603869472230128
2025-05-14,-0.0028177936917338497,0.008460569906925786,0.036607420600748286,-0.005298742220089303,0.04163770392828914,0.0012779787149457267
2025-05-15,-0.004144398937951266,0.0022560743964663565,-0.008526209256319972,-0.024161720956264898,-0.0037681429050507864,0.004884376342068286
2025-05-16,-0.0008986337113013887,0.0025157750296287418,0.013600799484912773,0.002047074000553817,0.004227596783341392,0.006334010280944824
2025-05-19,-0.011739194775528872,0.01012617933984794,0.002106021533447411,0.0027725440652370814,0.0012554154762043357,0.0010940297531818466
2025-05-20,-0.009196217553118613,-0.001525481238857651,-0.015371564943030047,-0.010137739138364021,-0.008777679547163797,-0.003362261746350459
2025-05-21,-0.02305906406303615,-0.012222495097824582,0.027930129519938562,-0.014455883280997672,-0.01919922354800585,-0.016850754571148485
2025-05-22,-0.003612238958434544,0.00505990777447618,0.01370430771908926,0.00984492359983613,0.007814722449160039,0.00039451721142547136
2025-05-23,-0.03024437104584321,-0.010288869986621041,-0.014045792897027232,-0.010388973643241206,-0.011593818349999951,-0.006825669813543378
2025-05-27,0.025298410086574297,0.023346241435246773,0.026295501364720142,0.025026113945093353,0.032066479807461024,0.020790560959966786
2025-05-28,0.0010488706643525525,-0.007228330828894514,-0.0031230634359957765,-0.006310081665849121,-0.005092241416001175,-0.005785543896860479
2025-05-29,-0.0023451694711033033,0.0028862385879964148,-0.0029009659242571484,0.004787005283780621,0.03249021892651771,0.003947532612645466
2025-05-30,0.004501148119051557,0.0036625906711242884,-0.000698203920146967,-0.0033544115296213484,-0.029168671005820546,-0.0011183390997638876
2025-06-02,0.004232039557867218,0.0034973246380332057,-0.015779614393924835,0.007999607012299847,0.016650623760202876,0.005632906948234373
2025-06-03,0.007783865520053501,0.00216462562623998,-0.016860947925173342,-0.004548692041520419,0.027951421984596214,0.005702480290520562
2025-06-04,-0.0022138530781495858,0.0019439351579599862,0.011252900681513633,0.007388989179248462,0.004956935935277906,-0.0002684505635119905
2025-06-05,-0.010797788552668885,0.008213571870298475,0.0009520445421100643,0.0032814165352026414,-0.01359907095381152,-0.004832782960816684
2025-06-06,0.016398393763357166,0.005773073264969231,0.03251891067787516,0.027223334916139486,0.012358016182824949,0.010269002220969492
2025-06-09,-0.012112568123092138,0.005038545683650586,0.015103396099306554,0.015966607137600786,0.006420923796568001,0.0009012919138797759
2025-06-10,0.0060559900513954545,-0.003871001809714003,0.014254156560157272,0.0029035159702168745,0.009324975586893158,0.00566982884976297
2025-06-11,-0.019193700851736217,0.003609933232596285,-0.0069988375280147785,-0.020265629565462184,-0.007780610211851613,-0.0028522661333135746
2025-06-12,0.00211283244117233,0.01322406765445372,-0.009303762818154593,0.00018765734284498237,0.015192863097272857,0.003974342743545911
2025-06-13,-0.01380513315177001,-0.008164942561839417,-0.005862280888896287,-0.0053460859139069505,-0.020896414811245267,-0.01118017733223875
2025-06-16,0.010027923244132042,0.00880077201257179,0.01202276406542957,0.018859028217320217,0.01915888424422807,0.009514378410018676
2025-06-17,-0.014010547938441476,-0.0022957811579994436,-0.004638862883068029,-0.005923177895162723,-0.0039394422809438945,-0.008545079722505178
2025-06-18,0.004804622644799528,0.004602127794275601,-0.014947343852350303,-0.010706651956707725,0.009436588610226115,-0.0001506719699877479
2025-06-20,0.022484574452693362,-0.0059137607837524975,-0.03854153589596643,-0.013316402099383007,-0.01120425147941495,-0.0023485936531058016
2025-06-23,0.0024875322078592443,0.018014219074507176,-0.008701391555544613,-0.005818118205440093,0.0022245162102580984,0.009877445925917883
2025-06-24,-0.005955415573351663,0.008456776794753651,0.009564836861444714,0.02062648355436747,0.02587220319288308,0.011047302183246677
2025-06-25,0.006290550273497786,0.004407232648144577,0.023445399045187054,-0.0036659245365152637,0.04334008372889908,0.0005603485498484329
2025-06-26,-0.00277820461132372,0.010522694503972696,0.016756439125481082,0.024199205109171285,0.004601055042856794,0.00782377492146935
2025-06-27,0.00039803566576535054,-0.003035458955880199,0.028754277481786383,0.028463559660798277,0.017610671311378168,0.004968425624821915
2025-06-30,0.02034000894880794,0.0029640392813972127,-0.012883034367652146,-0.017510092291414314,0.0015214758286448138,0.004781079152404333
2025-07-01,0.012916188482370305,-0.010775863003698594,-0.002213020467094151,0.00487719279454657,-0.029685428104048728,-0.00032361685086557124
2025-07-02,0.02223077554729791,-0.0019509358548099875,0.015923544415656687,-0.002449462616694653,0.02576637692010819,0.004533304513562708
2025-07-03,0.005224927597359708,0.015781269385974017,0.004982193533168422,0.015869432167251007,0.013290922222789714,0.00788132829242616
2025-07-07,-0.01685774959421371,-0.00224527508048622,-0.01526208875931978,0.0002685535903059755,-0.006903357601449889,-0.007451977060185855
2025-07-08,0.0002856912501358888,-0.0022101410507523456,-0.013745081514984325,-0.018391733064396676,0.011122229689026097,-0.0005477000385931685
2025-07-09,0.005380734022651268,0.013873813101749288,0.01296149752090825,0.014496684294917905,0.018000100954980613,0.005996687665528189
2025-07-10,0.006015010403235488,-0.004031702002207593,0.005661908760630885,-0.0012581953255335065,0.007490145694311945,0.002820223048327186
2025-07-11,-0.005884846675006772,0.0036692040247425783,0.014469220255908244,0.012417933203629827,0.004996947749327463,-0.0035154388382148127
2025-07-14,-0.012028880873765746,-0.0005960926813596279,0.007603050907835085,0.0029775049161142597,-0.005154076464531698,0.0019081608672364414
2025-07-15,0.0023488282206871602,0.0055664211722146195,0.0024234124497870546,0.0029243814744550622,0.04040960688080486,-0.004273130222101407
2025-07-16,0.00502122035869812,-0.00039537008168966103,0.005329723703098255,-0.013960696164789232,0.003924951620251083,0.003343222494186504
2025-07-17,-0.0006661657473783222,0.012024821190221857,0.0033339104925622642,0.0030915472640284936,0.009511730738865687,0.006119571230611909
2025-07-18,0.005523348937936046,-0.003224607503309107,0.008061859833654816,0.010050026580880944,-0.0034104353557070644,-0.0007322815495487411
2025-07-21,0.006155884653850752,1.9577368127299266e-05,0.027234386335594385,0.014018476542235536,-0.00597422454542329,0.0018961202137257605
2025-07-22,0.00903600721368103,-0.009390970877059757,0.006522929488213203,-0.007980819043607368,-0.025382175408732666,0.00014315745726389828
2025-07-23,-0.001165959419978102,0.0011874013586770094,-0.005801316842024784,0.003604836070819184,0.022451076719239182,0.00850754971255041
2025-07-24,-0.0018210743443667354,0.009903746122539081,0.01019820319020548,0.01725876103762447,0.01733224014134338,0.00033097372704604666
2025-07-25,0.0005613417976924051,0.0055394777220709734,0.005255709887364013,-0.00340177109187767,-0.001381360177560742,0.004224296491786017
2025-07-28,0.000794871701126576,-0.002355403873382844,-0.003105788467452797,0.005833005662313484,0.018731992791827023,-0.0002511098453120697
2025-07-29,-0.01298756370559273,0.0001366269899161221,0.01646060563076679,-0.007646371539299812,-0.007015572535573056,-0.002637607015591792
2025-07-30,-0.010507942553397154,0.001307098762648451,0.0039848369374719805,-0.003549595623255297,0.021423320465204787,-0.0012592832087132688
2025-07-31,-0.007079663542340131,0.03947456676419936,-0.023558884706803007,0.017029402351838252,-0.007809453631763663,-0.0037511180467195704
2025-08-01,-0.025003623167530353,-0.017600537196613808,-0.014434519071852003,-0.08269617085933034,-0.02333164092101625,-0.016390694107225157
2025-08-04,0.004793027431132746,0.021999147121134044,0.031248274518674624,-0.01443541840985152,0.03615001519318861,0.015199897548905383
2025-08-05,-0.002114660821478598,-0.014729993841213762,-0.001897061713307946,0.009922070229506863,-0.009666694738044379,-0.00506997011593413
2025-08-06,0.05090671037230354,-0.005324561260076521,0.007294334203620467,0.04004677220394748,0.0065074537061389215,0.007659766552083447
2025-08-07,0.03179367819186929,-0.00781043138845372,0.0021930062590946875,0.0036885760119835798,0.007524316044121848,-0.0008376633299287395
2025-08-08,0.0423579536585692,0.002303928773712993,0.02493375342803472,-0.001971955504762035,0.010676460120619735,0.007797543710129862
2025-08-11,-0.008337396271402842,-0.0005170389055541014,-0.002085180802713693,-0.006241858073597895,-0.003502974179128593,-0.001977460235009665
2025-08-12,0.010872425190982637,0.014316474548207392,0.011641808918622099,0.0007681796954406295,0.006042027521412585,0.010646053664834954
2025-08-13,0.016024393810956772,-0.016362899874589387,-0.0067866266917054885,0.01395221168040428,-0.008571838977268653,0.0034231618938416197
2025-08-14,-0.0023572329302939954,0.003649550771238852,0.004852412392200467,0.02858923333961183,0.0023680104963379467,9.305267750447932e-05
2025-08-15,-0.005112135586565314,-0.004421271937068538,0.004730440351595533,0.00021648217457226338,-0.008625525339712836,-0.0023413520331988513
2025-08-18,-0.0030224932219572453,-0.005901854037240972,-0.001961743191647991,0.0019911124801876845,0.008645134711758207,-0.00021758017007211805
2025-08-19,-0.0014292994582021379,-0.01417512701095458,-0.009483980362819056,-0.01503309388634011,-0.03499807169107183,-0.005425205036764469
2025-08-20,-0.019734536864348118,-0.007944796805588572,-0.011162368547313561,-0.01842023178556884,-0.0013665042641969327,-0.0026570072365471598
2025-08-21,-0.004911271577319298,-0.0012873246603662958,0.0021573144883926254,-0.008310623433453235,-0.0023944585512396532,-0.004011786002919404
2025-08-22,0.012716753873613929,0.005929668117129694,0.031739739821383894,0.031043025385826706,0.017201984433498296,0.015356808979611891
2025-08-25,-0.002634359956168675,-0.005855285294872559,0.011645380055921528,-0.003932852258726194,0.010225316354963043,-0.004401211313363129
2025-08-26,0.009464706476046691,-0.004402531956217981,-0.00647518529880442,0.0033781006590050122,0.010900366569657205,0.004187063309941674
2025-08-27,0.005145881341378056,0.00936181614808329,0.0016414328551950241,0.0017926124405795996,-0.0009353433299080782,0.0022786450217604504
2025-08-28,0.008980917286669499,0.0057228723995941255,0.020050081106891326,0.0108240705271474,-0.007874431593344555,0.003541316007178885
2025-08-29,-0.0018060633679640725,-0.0057884745373048,0.006000781814160527,-0.011226278216735164,-0.03324635455335401,-0.005963766656904346
2025-09-02,-0.01042465018223615,-0.0030985456036856096,-0.007326978620086577,-0.015982548742835667,-0.019520010959736545,-0.007410239855265122
2025-09-03,0.038089811255997974,0.0004553899382946369,0.09136498125266379,0.0028845707190781056,-0.0009369577293325548,0.005419573443143255
2025-09-04,0.005493276796928015,0.00518449144724209,0.00711000175917853,0.042877945692648245,0.006095533447482593,0.008357508586952056
2025-09-05,-0.0003753739607995632,-0.025532960852977182,0.011623000109287851,-0.014214150326010255,-0.02703025175833773,-0.002896333007960439
2025-09-08,-0.0075513833095535166,0.00646465224103121,-0.00319444102364419,0.015107797009308976,0.007723569231558258,0.0024565607117745802
2025-09-09,-0.014839373392023014,0.0004215097311310867,0.02388480781474489,0.010176429751274751,0.014556528499109156,0.0023119047121875624
2025-09-10,-0.032259460089661185,0.003932494998648561,-0.001919730617168769,-0.03320182790348514,0.038475216217063624,0.002890849205147372
2025-09-11,0.014286333633347192,0.0012790915541402992,0.005017402917027569,-0.0016498279850283293,-0.0008461089254183651,0.00831024825646609
2025-09-12,0.017562993503958735,0.017744138041324353,0.0017890118053520698,-0.007827802024989672,0.0036690013287277168,-0.00033461472176832263
2025-09-15,0.011235867571386393,0.010707966556227744,0.04489192754700011,0.014376501718361023,-0.00039378070766982187,0.005323914685996245
2025-09-16,0.00612593276381479,-0.012263226613177358,-0.0017885003350207596,0.011320962964584513,-0.01614620612602058,-0.0013768405847186527
2025-09-17,0.0035272766349128126,0.0019251571435963122,-0.00648985142220182,-0.010382430689534927,-0.026246805015137875,-0.0012423553760646522
2025-09-18,-0.004644658831388204,-0.003078254198823238,0.010018834784040642,-0.0016837898189709932,0.034940562000098874,0.004672464341558991
2025-09-19,0.032032998017618386,0.01864498177269014,0.010673359801395943,0.0010811746080494622,0.00243984378681672,0.00495283642365596
2025-09-22,0.043095660015793014,-0.006719168188079716,-0.008597642682784512,-0.016632067201427403,0.039282297015247325,0.004730992209795115
2025-09-23,-0.006443273998468446,-0.010146751793009723,-0.003445169946733717,-0.030400202172415014,-0.02821196229186118,-0.005443480659860334
2025-09-24,-0.008332291977418138,0.0018066160697352007,-0.017960780446989455,-0.0022654160880354324,-0.008182491487822352,-0.0031816581403536492
2025-09-25,0.01807292613835698,-0.006115917083886702,-0.005462546350707087,-0.00935476479077324,0.004068387491782843,-0.0046134455757694814
2025-09-26,-0.005489118202509746,0.008737178052544703,0.003051478718603118,0.007471945580644679,0.0028140030978049957,0.005729103921045642
2025-09-29,-0.004031963626357271,0.006139175253390583,-0.01009975901835114,0.01087450815780766,0.020539832406133218,0.002810434169152165
2025-09-30,0.000786133425020763,0.006510091239335214,-0.0038926633407248,-0.011702709034319914,0.026010500085076993,0.003766799753069261
2025-10-01,0.0032203144758191637,0.0033978302075765576,0.007404246417791471,0.004827606336181178,0.0035374073593748,0.0034076065490575846
2025-10-02,0.006576613515574703,-0.007638677482916467,0.0032258602549091187,0.008067800117406154,0.008812223009789566,0.0011516391661055003
2025-10-03,0.003461262002619314,0.0031216109813123616,-0.0013837057348194959,-0.013039023009411066,-0.006723587148282584,-1.4749984535544769e-05
2025-10-06,-0.005154634279879056,0.021687525447268374,0.02070503158493464,0.00633228292302257,-0.011086313624222632,0.0035863272632872256
2025-10-07,-0.0008179936161892831,-0.008683822656244566,-0.018647971371826944,0.003983725247293846,-0.0026947807367322385,-0.0037075342375781917
2025-10-08,0.006160336665868016,0.0016601621335761152,-0.00463871894217438,0.015510877718191152,0.021995326917785052,0.005963018112918661
2025-10-09,-0.015577943187819021,-0.004667857197712233,-0.012631778284585948,0.01118907849570383,0.018296261403771608,-0.002896927773588187
2025-10-10,-0.034522040405148724,-0.02189888157301878,-0.020535727123343173,-0.049925397829666096,-0.048865358946569515,-0.02702787419005037
2025-10-13,0.009744389834039024,0.006047449842543573,0.03204123532136949,0.017100394188331425,0.028172128584115885,0.01534405245669701
2025-10-14,0.00044413082231420375,-0.000933744204725584,0.005324607700554651,-0.016721987604375044,-0.044020898547892484,-0.0012216093756775015
2025-10-15,0.0063365317531554055,-0.00027259659520262325,0.02273373503482845,-0.003789417568938358,-0.0011109367543433724,0.0044394680203003745
2025-10-16,-0.007580000400476461,-0.003544781944462505,0.0017129803542337285,-0.00510277898660183,0.011010301712886639,-0.00681016559073544
2025-10-17,0.01955945458120567,0.0038506389665875496,0.007317239660725061,-0.006667636156250767,0.007755442021748715,0.005676293099704743
2025-10-20,0.03943872556830863,0.006250248252764878,0.012830664878362041,0.016147214372026486,-0.0031655906969700887,0.010400419493367341
2025-10-21,0.0020209184094197585,0.001683378598122065,-0.023738063927277175,0.025637486886977978,-0.008103334367036585,-1.4888084340025642e-05
2025-10-22,-0.01644002930028554,0.005563514301789807,0.0049110134214371826,-0.018375903497213075,-0.00485768219622118,-0.005198959693403782
2025-10-23,0.004372033633252448,3.830271677385255e-05,0.005522620967420844,0.014406971477930908,0.01042829092822517,0.005929999418908372
2025-10-24,0.012481988848809689,0.005859027285384677,0.02702711851763695,0.01411194729592502,0.022507568534544387,0.008172552647061071
2025-10-27,0.022791152524401337,0.015106917918201734,0.03597247640867818,0.012309863182682124,0.028079108465005165,0.011797628449856656
2025-10-28,0.0007068182263614275,0.019848543982020406,-0.006684807952955674,0.010045375014470892,0.04981990486196963,0.002656129300611987
2025-10-29,0.0026022098686300232,-0.0009592682225202376,0.026545113193945147,0.0045801659836763875,0.029895883913934496,0.0004803063616483083
2025-10-30,0.0063032339337949495,-0.029156915158355057,0.02516678605161804,-0.03230569840563213,-0.020044337596340278,-0.010998124123417385
2025-10-31,-0.00379504371308903,-0.015121099535017168,-0.0010303694296706079,0.09584492754129248,-0.001971455471800998,0.0032802000099823037
2025-11-03,-0.004882360444995348,-0.0015063165468069961,0.008997474900801272,0.04004585509136338,0.021680051195482886,0.001876696652084675
2025-11-04,0.003679849978061922,-0.005221979194921733,-0.021782042187372896,-0.018425168014886806,-0.03958816719273994,-0.011853550232820531
2025-11-05,0.00037034495392229694,-0.013940508492654935,0.024392776810882255,0.0035295587926045258,-0.01751470682650169,0.0034654935336064785
2025-11-06,-0.0013698257358518706,-0.019836009251469555,0.0015476580976709897,-0.028617121300727022,-0.03652477773914087,-0.010729419520020933
2025-11-07,-0.004818849477972176,-0.0005632566285092011,-0.02079023390678647,0.005636975040415049,0.00037205554630714843,0.0009845249103577203
2025-11-10,0.004548624231703657,0.018477487941063186,0.040418957487220686,0.01632498741700883,0.05793274534380033,0.015604317681877422
2025-11-11,0.021601151019521758,0.005296528169353776,0.004170929865496831,0.0028180846386129943,-0.02959067030875928,0.0022892485351109215
2025-11-12,-0.006466769865795197,0.00483601779874232,-0.015790653915050967,-0.01967085120518708,0.0033133317675848595,0.0005564170786802602
2025-11-13,-0.0019014763772919885,-0.015357846614763582,-0.028390987759088437,-0.027108907452568887,-0.03581005074692667,-0.016594035637111593
2025-11-14,-0.001978531453862953,0.013689913784275864,-0.007754073395533356,-0.012164320933474637,0.01771365618248799,-0.00016358859396425895
2025-11-17,-0.01817110773537789,-0.00527273312822496,0.0311494206051246,-0.007754941860691922,-0.01877257113277342,-0.009316526675455239
2025-11-18,-7.471106952616768e-05,-0.026995476946809926,-0.002596263849111158,-0.04431653833391602,-0.028081548944694945,-0.008397461039591714
2025-11-19,0.004187793953672303,-0.013507829718346964,0.030005626875714952,0.0006290693674619874,0.02845174000170858,0.0038631427043962496
2025-11-20,-0.008601361510023886,-0.01600132392688336,-0.01147502954573243,-0.02492255148822009,-0.0315247152439051,-0.015242276237766972
2025-11-21,0.01968061086817685,-0.01318899894610226,0.03527385295813623,0.016348913427910006,-0.009743161992557425,0.00996119766575232
2025-11-24,0.016317453246910363,0.003982072607125131,0.06313807659119464,0.02532963104830621,0.020516524026680916,0.014718553120582678
2025-11-25,0.003805561683004388,0.006307974250548298,0.015255254678428587,0.0149814363087164,-0.025910592565414503,0.009405944613086525
2025-11-26,0.002093995691360595,0.017841128140260842,-0.010790096291832696,-0.0022205534501759105,0.013721597555772735,0.006903451122352244
2025-11-28,0.00468386682792965,0.01340886450717993,0.000718757937321568,0.01771686809963624,-0.01808492693090802,0.005458464350335035
2025-12-01,0.01524117335723596,-0.010711244753378257,-0.01652185247491411,0.0028299616613276513,0.016497023715908332,-0.0045654326011898005
2025-12-02,0.010914842545035386,0.006697668936617607,0.0029216195963446268,0.0023088475921804186,0.008559511841057521,0.0018521605335179991
2025-12-03,-0.007128103890149506,-0.025040836477469464,0.012095775663122588,-0.008702300580441968,-0.010305266298823113,0.0034628390228845785
2025-12-04,-0.012141504532966252,0.006510015802057678,-0.0062885369485647935,-0.014071797072686909,0.021160362989983916,0.000731151162097321
2025-12-05,-0.006840067419534801,0.004824857333882715,0.011491723883814142,0.0018331725713693903,-0.005289603321452563,0.0018993336917458858
2025-12-08,-0.003192442810390217,0.016267915759461182,-0.022861756704813718,-0.011501761877265149,0.017214000437512533,-0.0030041115903878257
2025-12-09,-0.0025550641485947434,0.002036487781605034,0.010710215128277634,0.004539639393836836,-0.0031258304609961263,-0.0008631857374462593
2025-12-10,0.005772480348263054,-0.02735650265207179,0.00987135369128267,0.016935769749744978,-0.006433411769608655,0.006632175644087246
2025-12-11,-0.0026902620286017864,0.010259907912648192,-0.02429654697596606,-0.006471654188885845,-0.015507708040444768,0.0023269819723950036
2025-12-12,0.0008992097080309236,-0.010217836182271789,-0.01005027486266652,-0.017760970816273702,-0.032664519367996636,-0.01075200956203659
2025-12-15,-0.014985057058964357,-0.007752853394300874,-0.003459468373046448,-0.01613691637948922,0.007256189498619836,-0.001510850004248554
2025-12-16,0.0018241385327160131,0.0033065525131403817,-0.005353395214056977,8.989068511033871e-05,0.008111661183153096,-0.0027322728752857683
2025-12-17,-0.010087037063657212,-0.0005668537354907022,-0.03212967807685918,-0.005796159688549518,-0.038149834245090775,-0.01100356428531768
2025-12-18,0.0012876722074433022,0.016508456832468488,0.019344821602210294,0.024811271877659857,0.018719963394855155,0.0075511768241409705
2025-12-19,0.005437378743868182,0.004008419781918793,0.015539286358039028,0.0026019210221046585,0.039336204513061634,0.009063578290348762
2025-12-22,-0.009865959632689436,-0.0020578619459044045,0.008529808138547423,0.00475032567966549,0.014917941771234178,0.006229818660208997
2025-12-23,0.005129732868573544,0.0039799395643498325,0.01475230289431706,0.016241329216049705,0.030050613628211487,0.004570524308344925
2025-12-24,0.005323766193815027,0.00240321276182498,-0.0008271873044257694,0.001033882544133169,-0.0031710957732357103,0.0035176469336466454
2025-12-26,-0.0014973429371301084,-0.0006352172658270483,-0.00184635729457161,0.000602458846315379,0.010179787555644415,-0.00010139418790333643
2025-12-29,0.0013168127155420706,-0.0012507137670199064,0.00015946315825621227,-0.0019353042317807878,-0.012124095639676424,-0.0035636809822511273
2025-12-30,-0.0024839549498967273,0.000780105758457772,0.0009247388561068881,0.001982123671998126,-0.0036128388270515455,-0.0012212056239845337
2025-12-31,-0.004467617922242262,-0.007918267467680873,-0.002708327041280101,-0.0073538531116630335,-0.005545457451715641,-0.0074088956888227475
2026-01-02,-0.0031265878039100636,-0.022083453247643603,0.006868968807707265,-0.018715913643268745,0.012600613583971798,0.0018330346379591411
2026-01-05,-0.013837078913669698,-0.00019019974544798313,0.004410686746643133,0.028962461627345393,-0.0038656154594166603,0.006660178462529753
2026-01-06,-0.018334281183122636,0.011969925187074626,-0.006950183269426091,0.033768107781812384,-0.004677780623340899,0.0059471682236194034
2026-01-07,-0.0077375221244099235,0.010365466381806243,0.024305041830025242,0.0026148877348795008,0.009987164191344933,-0.0032234143669693793
2026-01-08,-0.004955135191556992,-0.011086568869234759,0.010745897639902413,0.019581038977249277,-0.021521879433025637,-0.00010151182144413351
2026-01-09,0.0012739243260126987,0.0024471442660822795,0.009617775065172474,0.004425724253495522,-0.0009727675505442068,0.006613390447410161
2026-01-12,0.0033928880074423073,-0.004381573056430277,0.01001304803540104,-0.003678565947722645,0.00043278968903170956,0.0015703445496706436
2026-01-13,0.003073939033640505,-0.013642594830881816,0.012384647732168519,-0.0157016882298876,0.00470412795042785,-0.00199942838080458
2026-01-14,-0.004175543256686898,-0.023987115487032695,-0.0003868875077472911,-0.024526018373191683,-0.01436946731018618,-0.004915311552799784
2026-01-15,-0.006731765829002034,-0.005921019072852141,-0.009111444967282112,0.006465239039753046,0.021349825621544527,0.0027232884465351326
2026-01-16,-0.010379107417738509,0.007007364067386224,-0.008353850886545722,0.0039466053837939885,-0.0043838493736371165,-0.0008377644449499844
2026-01-20,-0.03455562870506512,-0.011612163089193217,-0.024242419188384212,-0.033957825706746436,-0.043816759424904705,-0.020356834003122604
2026-01-21,0.0038508189393806624,-0.022903320641961877,0.01981366867186196,0.001341980773133189,0.029482806126936323,0.01154108059120329
2026-01-22,0.002826590224981107,0.015829424735219755,0.006577701961876237,0.01309929882528893,0.008291414334357983,0.005223214802554832
2026-01-23,-0.0012482993138605014,0.03282796772527474,-0.007896222294212496,0.020568436457892858,0.015310547591580459,0.00036274314526618667
2026-01-26,0.029713001117360305,0.00929284452750978,0.0162535302697584,-0.003094185824689788,-0.00639415348837058,0.005078168996109245
2026-01-27,0.011197552619307993,0.021901801392504305,0.0038707918167637523,0.026256163723313408,0.010993712336374806,0.0039842915730679
2026-01-28,-0.007085412268719393,0.002184892240207237,0.004364126585170824,-0.0068252338521122,0.015913429851231564,-0.00010064921396324422
2026-01-29,0.007175113386098886,-0.09993145889009569,0.006666485273135514,-0.005267268047532414,0.00516915900963677,-0.001984439728138443
2026-01-30,0.0046461370951069725,-0.007404831808259016,-0.0007390896812468073,-0.010052507834071855,-0.007168415497976421,-0.0029825340247910948
2026-02-02,0.040581232988504023,-0.016082172281265295,0.01683423524759764,0.015294624385431943,-0.028880930847569264,0.004971300173138626
2026-02-03,-0.0019629018353019,-0.028721998448953512,-0.011580164993975184,-0.017863069956986388,-0.028392832113479094,-0.008455418456572827
2026-02-04,0.026012817340576033,0.007246902312043613,-0.01963428459303118,-0.023593955826118118,-0.03410221088304122,-0.004843928082311488
2026-02-05,-0.002097520770734884,-0.04954245008532909,-0.005374743799686166,-0.04420791797466184,-0.013261403525100302,-0.01248919245872293
2026-02-06,0.008009669408572728,0.018975296244727158,-0.025328414807381017,-0.05554804877440456,0.07871770419569057,0.0191847683064843
2026-02-09,-0.011660418612306933,0.03106144763809282,0.004522141246049882,-0.00760748406141476,0.02497157596478594,0.00482176499257525
2026-02-10,-0.003423017398520134,-0.0007978522959694034,-0.017698649483792517,-0.008432323191560842,-0.007893035105149604,-0.002637135289800363
2026-02-11,0.0066501563343039916,-0.021535581637642576,-0.02391869976286498,-0.013915755650289796,0.008008964809924857,-0.0002310739544192364
2026-02-12,-0.04998167896983208,-0.006256691514144208,-0.006302906275108211,-0.021952154485218922,-0.016364103125372176,-0.015448908452140975
2026-02-13,-0.022733490073462592,-0.0012939755658649688,-0.0106149488197399,-0.004058180323715632,-0.02209274727292232,0.0007046233276368774
2026-02-17,0.03166790145686926,-0.011113329498388835,-0.012102656999636863,0.011871828009746066,0.011815606660472211,0.0016134293041962788
2026-02-18,0.001781167564954833,0.006904251842566822,0.004337589254474139,0.018095945812067304,0.016272839831405816,0.005037695790158558
2026-02-19,-0.01426159138112626,-0.0005769491188826192,-0.0015824245833258033,0.00034184934085601526,-0.00042552512892679584,-0.002637440014283343
2026-02-20,0.015350431056632585,-0.0030868870817751803,0.040052917243255104,0.025627257563010764,0.010218253015392254,0.0072319245695726675
2026-02-23,0.006047273769737682,-0.03212251686356349,-0.011080233451801424,-0.023035535309270605,0.009113849147715847,-0.01021138412746736
2026-02-24,0.02239105106810335,0.011782540280649512,-0.0018940645152043523,0.016027637831418806,0.006786827395534711,0.007268496179203332
2026-02-25,0.007679856169661159,0.029820000385969436,0.006432960076288019,0.00997315810991184,0.014052296937936859,0.008438229885944226
2026-02-26,-0.004667689785084916,0.002795803754952919,-0.01764149849103913,-0.012913032798065993,-0.054561210045126374,-0.005554395000458845
2026-02-27,-0.03213048968015897,-0.022353879899142948,0.014249544797641844,0.01000385652833935,-0.04164637217148226,-0.004801996508287942
2026-03-02,0.002044037948768729,0.014793449697371397,-0.01680780484896016,-0.007666669573102691,0.029854862425945372,0.0005686794289856412
2026-03-03,-0.003664094667077511,0.013498988042953908,-0.009591655363578977,0.0016315386481426941,-0.013316469827987176,-0.008814360718000014
2026-03-04,-0.004663640952734749,0.0031441550485353797,-0.0014821126677574403,0.03875826073047883,0.01660639760928495,0.007055426061514547
2026-03-05,-0.008494536639458317,0.013524118716237599,-0.007422571638382558,0.009777672934109694,0.0016389944136319112,-0.0055756895160732345
2026-03-06,-0.010872576884936036,-0.004188140027264309,-0.007843725085987518,-0.026171534044230005,-0.030107816435017698,-0.013107084633170007
2026-03-09,0.009399602442343502,0.0011003457480245338,0.026985186387012305,0.0013132534612816382,0.02716221787178097,0.008759940630667318
2026-03-10,0.003655516130785408,-0.008915233433622216,0.0022197474139682427,0.00393459326562029,0.01160690076858506,-0.0016071064194473905
2026-03-11,-7.677293916819039e-05,-0.002168810809014765,0.005406512455140566,-0.007838417021498345,0.006873706730786022,-0.0012551629681688548
2026-03-12,-0.01936268410362818,-0.0074590042350434205,-0.01668304802062759,-0.014671973697334195,-0.015535120518506584,-0.015184930829711507
2026-03-13,-0.02205188879408504,-0.015702020587114007,-0.004183744527350486,-0.008877013416636048,-0.015780185389578927,-0.005660061445393549
2026-03-16,0.010794880344667579,0.011123808473237462,0.010850879105583244,0.0195984367511175,0.016477026622857327,0.01017678036768932
2026-03-17,0.0055770205952525576,-0.001350222245784849,0.017541575480853666,0.016340754535353108,-0.007040662858024294,0.002630641382033616
2026-03-18,-0.01687444762321122,-0.019078035958764117,-0.010388572511273009,-0.024767666852414494,-0.008409877322820725,-0.013953630828001051
2026-03-19,-0.003920887726655109,-0.007070190974616031,-0.0018199794357318666,-0.005288991452693126,-0.010199621354571309,-0.002464455575723834
2026-03-20,-0.003896289131202657,-0.018379473087377307,-0.019958977540516787,-0.01623874055782004,-0.03281800569058757,-0.014335681872974515
2026-03-23,0.01411350980480508,0.0029591709988243675,0.0035216915163900353,0.02322639327005427,0.01702370190686442,0.010499959707213291
2026-03-24,0.0005963911769359953,-0.02678861083223305,-0.0384692341618752,-0.013800294588880768,-0.0025051173356209766,-0.0033568197458091475
2026-03-25,0.003894460372950048,-0.00456075708567627,0.0016870504569690414,0.021569200454641724,0.019862999468737152,0.005572720875308912
2026-03-26,0.001068847476965784,-0.013664275998505948,-0.034406871354718094,-0.019696817795534227,-0.04163861015929882,-0.01785871391108962
2026-03-27,-0.016173054004998577,-0.025138767672072238,-0.02342300480911985,-0.039510442389467326,-0.021723900917334227,-0.017051920414101196
2026-03-30,-0.008721878071757172,0.006138384709554412,-0.003061891848424425,0.008076656164990315,-0.01402823229793726,-0.003343373094761515
2026-03-31,0.029031288584213888,0.031229219885810622,0.05140764466768588,0.03642700888472339,0.055881746998466264,0.029067828330166412
2026-04-01,0.007250123353044202,-0.002161202585198585,0.0341842370683445,0.011043371606930696,0.007740841074583615,0.007534524709556623
2026-04-02,0.0011344770271390914,0.011072891697944343,-0.005447454345885783,-0.0037992260242744047,0.009331530522419529,0.0009004486514896382
2026-04-06,0.011487808933839494,-0.0015530665248895126,0.014267777049570496,0.014396667550949482,0.0014092692603508983,0.004726890756302504
2026-04-07,-0.02070604577917201,-0.0015821890251598303,0.01823395304878561,0.00460553135602737,0.0025895233556876285,0.00043997599961653755
2026-04-08,0.02130171641798695,0.005479523310443213,0.03882678971266329,0.03499085736091123,0.02234704465123949,0.0254696046172882
2026-04-09,0.00614133139171158,-0.0033659290381612417,0.0036870273257929576,0.056045170153601775,0.01005057963567002,0.005769005826991691
2026-04-10,-3.8260530741629495e-05,-0.005897045998749295,-0.0039247458830414805,0.020244002182271403,0.02566468527863064,-0.0006617045143784139
2026-04-13,-0.004913966848681062,0.036400848374358086,0.012829449259571968,0.006334400855383171,0.0036048719201053903,0.009772427509418202
2026-04-14,-0.0014276386309766131,0.02273847493355685,0.03610221801008451,0.038059130876826774,0.038032848706683,0.01218482451098879
2026-04-15,0.02936300351797594,0.04606858430342653,0.012646026536261568,-0.00208820280916866,0.012009626504063453,0.00789104262604634
2026-04-16,-0.011372688335946068,0.021983356619898142,-0.003263010758028928,0.004828961562342915,-0.0026147732496876186,0.0024573146961406334
2026-04-17,0.02593029133391722,0.006020124096113744,0.016844318677508463,0.003444135445984209,0.01678841329925218,0.012085709684531931
2026-04-20,0.010435424419368289,-0.011163955067039488,-0.01246774030993092,-0.009099612075002872,0.00188418170800575,-0.0019997769579219726
2026-04-21,-0.025196714096157535,0.01456696139394631,-0.015203641151253944,0.0065651880571397925,-0.010788749382758311,-0.006546877598048839
2026-04-22,0.026299050276339386,0.020652574215955788,0.021156251284484062,0.021807838295304194,0.013107807107300529,0.010126679110719516
2026-04-23,0.0009516199250387825,-0.03966099561975667,-0.0012672598075310626,-0.001096486445127054,-0.01412349352662512,-0.0038807172806204493
2026-04-24,-0.008667687188198547,0.021335007823376717,0.016258873193466084,0.03493017225717909,0.04322782178848117,0.007749329558953688
2026-04-27,-0.012727786010601316,0.00047099862243538126,0.017247407734162667,-0.010871605831113018,0.040044191332756496,0.0017227696705925943
2026-04-28,0.011584039752220443,0.01042792082725752,-0.001598417124858642,-0.005438047398549362,-0.015881097300298186,-0.0048659811570929135
2026-04-29,-0.001994732136373578,-0.011159054466330809,0.0004574841551232556,0.012860978748156615,-0.01838906179589994,-0.00015454822141547364
2026-04-30,0.0043676927881808325,-0.039296904321054704,0.0996169612773592,0.0076793983730687465,-0.046260473695112214,0.009949685183250345
2026-05-01,0.03239351501021104,0.016332331545263257,0.0023130178860466533,0.012072784412985094,-0.005611994980225576,0.00276905737155686
2026-05-04,-0.0118155353844559,-0.001978624467840806,-0.006326413831408972,0.014128002271583506,0.00015104855440362108,-0.0036633809509297732
2026-05-05,0.026550617415383337,-0.005415520021193054,0.013515986132895508,0.005513692583370089,-0.009975789648880573,0.008022242913074518
2026-05-06,0.011717918777652159,0.006271482596838851,0.024740674488222147,0.005264129064761924,0.05765907262779835,0.013899418730159985
2026-05-07,-0.0002435044652232543,0.01645090871192756,-0.0001256638613763572,-0.01389133038400725,0.017658692123978526,-0.0030660889376450395
2026-05-08,0.020456485310924144,-0.01342776676792301,0.007060478784974844,0.0055683857848436435,0.017494074517685476,0.008256054754597786
2026-05-11,-0.0012626131025762488,-0.005926002472735337,-0.03033930483185243,-0.013532354923427414,0.019702606404692125,0.0022775635209937306
2026-05-12,0.007243374589372076,-0.011849964945150004,-0.0033192396552670367,-0.011784761609137218,0.006106455043874748,-0.0015148976832113359
2026-05-13,0.013805987391627639,-0.006278011135810724,0.03942167522813045,0.016213969753363422,0.02287344570440064,0.005594852718878274
2026-05-14,-0.002208293097152536,0.010414365037775042,-0.003849747892246569,-0.010772604336833247,0.043882590852662995,0.007894249484761584
2026-05-15,0.006773819369938039,0.03050579128821007,-0.010696420381563931,-0.011526033074604314,-0.04420125203837699,-0.012029288059682064
2026-05-18,-0.007960661114649215,0.003839669976186011,0.00040329353046164584,0.0027257161474880665,-0.013314354489436409,-0.0007035134425675826
2026-05-19,0.0037939903054091673,-0.014449655577149945,-0.02337890090968886,-0.020841158796957915,-0.00769168486710603,-0.006660801173054454
2026-05-20,0.010971059357449242,0.008720151997975822,0.0032245338869663076,0.021863243262898013,0.012964088201498525,0.0102489448693448
2026-05-21,0.00906524661379593,-0.00252292199325177,-0.0032141696878892345,0.01301830709151064,-0.017720518937572316,0.0019831294549137457
2026-05-22,0.012557860054279724,-0.0012406856469829863,-0.01209818946087382,-0.007971333528174807,-0.019042430153974776,0.003931565762728351
2026-05-26,-0.001586735786880733,-0.0060683286131975045,0.015431941657051196,-0.003867523096163561,-0.0021826484173934624,0.006638589859918387
2026-05-27,0.008173140408717527,-0.008076296243599512,-0.00012862386139989024,0.024727646527565872,-0.010518506254522997,-0.0001731819956434233
2026-05-28,0.00534019523725493,0.0347007693508532,0.003343471852936597,0.007908750591183455,0.0077610683237732125,0.005516544483684438
2026-05-29,-0.0014399642515899869,0.054450962018909976,-0.02509425559733902,-0.01226272026117703,-0.014515741840623653,0.002491413132097442
2026-06-01,-0.01842597822736758,0.022832260484241695,-0.010437966055943604,-0.03465860321873382,0.06261247606516585,0.002723144858072235
2026-06-02,0.029022935295418106,-0.04171374717707821,-0.038579065603051466,-0.0181429249589532,-0.006864017859425142,0.0013579151752256546
2026-06-03,-0.01567264307615801,-0.03165569625585285,-0.007903880383817063,-0.02533909644314114,-0.0362175484022057,-0.00701716271996522
2026-06-04,0.00312645238815068,0.001661400069229213,0.03676993669997208,0.01507874949703436,0.019393936372648524,0.003778634283035931
2026-06-05,-0.012498826008526143,-0.02658566754383418,-0.009833744266495192,-0.03057644001781823,-0.06201409311178463,-0.025809369612244448
2026-06-08,-0.018871545388655542,-0.011831927529251218,-0.013575540397461894,-0.0032922715222234444,0.017259863209897475,0.002264222440912178
2026-06-09,-0.036446341189923515,-0.02023117288064602,0.002614880105099582,-0.004200304926880172,-0.0021568077897530236,-0.002935520049857532
2026-06-10,0.0035450055495178656,-0.014997232475331246,-0.021632900626697316,-0.025349123139844942,-0.03732170883628583,-0.0157655110158077
2026-06-11,0.01388983748609407,-0.017666513340103496,0.003900222778065343,0.01474787607914263,0.022203355415576276,0.016996857394830034
2026-06-12,-0.015221633631081977,0.001024702842441938,0.00533865329404315,-0.012256186172015071,0.001562034792462752,0.005408207317551872
2026-06-15,0.018170538868479413,0.02308448313772371,0.026885093191168385,0.031314194613874635,0.035381798294886524,0.017634009390668393
2026-06-16,0.009513514092780229,-0.014833966272172594,0.01055908072426437,-8.13115686266741e-05,-0.02372321070531347,-0.005961575485861181
2026-06-17,-0.010994537435617069,-0.03788437231212749,-0.02534492914880393,-0.03455284552845528,-0.013307036154839746,-0.01248789492983049
2026-06-18,0.006960644246616354,0.0012931709583141604,0.011654985044087018,0.029010523745888195,0.02951387968799768,0.010396979807429707
2026-06-22,-0.003355513813629196,-0.031786989559602685,-0.049860021606623395,-0.047465142323687703,-0.009682543514892727,-0.0031469282666526377
2026-06-23,-0.009124398732296202,0.017966969581451497,-0.01015216723427581,0.005670378290686617,-0.041265258841880814,-0.014522012225013592
2026-06-24,-0.004145480706800209,-0.022677392646850314,-0.0024267951640898344,0.0006834550497296643,-0.005198940555783627,-0.0004635003677893046
2026-06-25,-0.06117774105404383,-0.0345592514347155,-0.004575935941672493,-0.03098992458796157,-0.016381866490950747,0.0014456368287247834
2026-06-26,0.03136469225316163,0.057081360705363515,-0.01838753016981809,0.025020959746330673,-0.01639934947644628,-0.007231332133985857
2026-06-29,-0.007188654692930396,-0.011797171738171075,0.04819344609319609,0.03201683299701785,0.012673341139074923,0.01647481275894025
2026-06-30,0.027046212958856453,0.012073639219654542,0.010518904349803737,-0.00749564027789118,0.02626042914387461,0.007786815227913024
2026-07-01,0.017348672275670385,0.030186099320729687,0.010745141025489735,0.014097510539473834,-0.012544317296997454,-0.0013525036475483532
2026-07-02,0.04840675364798175,0.016160017478718647,-0.003599011406831276,0.004013244654325954,-0.01391836946126257,-0.0013140507435593918
2026-07-06,0.01305778143996239,-0.009603310738029669,0.01819894951236445,0.006140048231783268,0.003695515201847188,0.008727392224116226
2026-07-07,-0.006396770744445224,0.005430044263193601,0.0015554420597831964,0.007454095831143315,0.007056972054506172,-0.004751890339538711
2026-07-08,0.008787785980344909,-0.014144606893393474,-0.013922491618141852,-0.009594278605344897,0.03651042281166639,-0.0030894091522385425
2026-07-09,0.00903022957872146,0.0026607787100694225,-0.008371993499371455,0.01403824906613349,-0.006564759723208469,0.008465256756416295
2026-07-10,-0.002846043762522954,0.001925297686118821,-0.004764751559533376,-0.006881464517662805,0.040339338414540515,0.004310118179872147
2026-07-13,0.006310939222858858,0.015294738983264056,-0.013074617861873139,0.008029678202122303,-0.035220001821865354,-0.007656140611366324
2026-07-14,-0.007721115748007379,-0.015499120378526965,0.019857621884558307,0.0007278635572653958,0.04063291145890924,0.0035506379166867497
2026-07-15,0.04014486379221993,0.02779727786697772,0.03173766571699632,0.030183041960898382,0.00330493787563535,0.003963630921285599
2026-07-16,0.017587781993612772,0.013826036185691448,-0.04437624006915575,-0.019885500434225545,-0.023999998849817294,-0.005418616825605738
2026-07-17,0.0014402172368908062,-0.01815010181385157,-0.021694968522032898,-0.010644698341695902,-0.0221311464542836,-0.009897199757215702
2026-07-20,-0.02142383591993391,0.02150732979277281,0.015053198140839052,0.011163733419575328,0.002317478251045113,-0.0016143534967409945
2026-07-21,0.0035212601306020552,-0.011285452294400034,-0.013750369905294657,-0.009760399967161826,0.019726438214064723,0.008341327043244195
2026-07-22,-0.005644666001250687,-0.01862974366480019,-0.014575869467767011,-0.010906875035172847,0.023011291345846452,-0.001162766737217713
2026-07-23,-0.012979820539962161,-0.022442026195170772,-0.07132620819602653,-0.0457014586990675,-0.01556169986942113,-0.012349253784127878
2026-07-24,0.03531672413627751,0.0003145803337292197,0.006452807304242247,-0.006633583101364859,-0.009197129548412897,0.0010159657563921787
2026-07-27,0.011681009513348384,0.019386905446111324,0.021329811059824122,-0.0031019827616639573,-0.049941969592287916,0.00021661654234961247
2026-07-28,0.009408945533389002,0.01092261618510415,0.02189493319708058,-0.002290499938177426,0.002544370625660486,0.0023947666975516757
2026-07-29,-0.005557412706758247,-0.007143759919297832,0.008989854945811171,-0.0182361894773313,-0.03553117296548236,-0.015387445003102407
2026-07-30,-0.014074993355015719,0.15506739165511707,-0.009058221734254301,0.0390470167299346,0.0264722403535389,0.01676574369337569
2026-07-31,-0.07353858440208272,0.030192821938052727,0.06734400185679612,0.15320588778032107,0.029276102311320384,0.007199869193782904
2026-08-03,-0.017772135672998512,0.04934151053480518,0.04880240147375625,0.04580603526208682,0.029340005860757135,0.014242990614400597
2026-08-04,0.019642637836096544,0.010581411460949042,0.011084009453113497,-0.023237715094833633,0.02564842761888375,0.01802895214665101
2026-08-05,0.005236336596166957,-0.010856147912626679,-0.04030189976684506,-0.017194215631067156,0.03434935770955749,-0.0019965624761277834
2026-08-06,0.004533755277783991,0.025437939328646575,-0.012912777267041098,-0.001430347110176089,-0.00104914421161717,-0.0015978064697251826
2026-08-07,0.0029447910342259576,0.00026008287542045316,-0.0096436926248602,0.00815397466052481,0.022695108877927694,0.0061153280785064545
2026-08-10,-0.015332485243728322,0.012140302810139891,0.009088414275721046,0.013152088338200807,-0.028621234049048927,-0.0002974431285415191
2026-08-11,-0.010867469011185404,-0.0044461452724045,-0.03837554632895135,-0.02092850300572191,-0.00022982257177850407,-0.003195199981383512
2026-08-12,-0.008723897642456846,-0.022587870511558972,-0.0007561464545453589,-0.0183273604720513,0.030298814143524755,0.0025046088948632583
2026-08-13,0.009958675816790663,0.00903684159579754,0.008208615054656532,-0.00804397600383,0.0053996895745995754,0.006977515074108265
2026-08-14,0.002194794236790587,-0.002978616125570266,-0.0013281334171028059,-0.009353943124710828,-0.0006214082568850587,-0.0019797506799419384
2026-08-17,-0.0011113534012042736,-0.03037944449604746,-0.005492898932390022,-0.005101832739500267,-0.000666232778611997,-0.004727362317670902
2026-08-18,0.014529279409058127,0.002664708914413838,0.0005814494887728117,-0.007117926481727599,-0.02342113486745523,-0.00675574496080833
2026-08-19,0.021933322000267097,0.0055644226358424476,0.00151071272583847,0.02462896060980113,-0.009920829543159648,0.0020977847370853286
2026-08-20,-0.017454152112068244,-0.004654530468367835,-0.011748652105159185,-0.021554360010767937,-0.0032634287304743603,-0.008399827926766523
2026-08-21,-0.006263995393247401,0.004343752186226402,0.012181890414259655,-0.005689825658748426,-0.00982248158901089,0.004091229991858514
2026-08-24,0.0032002269754076718,0.00842233136012771,0.00939619568316985,0.01330086369122152,-0.029061133472992107,-0.0029384361156037375
2026-08-25,-0.0014178077160482694,0.009029147603226262,-0.003160405632474217,-0.003853969311243932,0.021920585148795357,0.003195939766817757
2026-08-26,0.011455367474878742,0.00947713844154241,-0.014295607012993039,-0.002987814244201914,-0.01591177757196449,0.00022200767959623668
2026-08-27,0.003604958753321119,0.017507106648045223,-0.003947334232365041,-0.01544486334918349,0.08737952570943941,0.006552844629756693
2026-08-28,0.01627575132974779,0.01677034764032892,0.017437262045876256,0.03968618794425893,-0.04574959711400217,-0.0022694869107554583
2026-08-31,-0.008914626195478559,-0.012151228547426784,-0.020889241240744538,-0.02499719943397638,0.014847184139841207,-0.002989548034258882
2026-09-01,0.02613223487390992,-0.012359832493516909,-0.012759750619967591,-0.018670327789371055,-0.015128141366563597,-0.006870413937474118
2026-09-02,-0.000522909067699362,-0.008382862523551915,0.006268319514482146,0.0002353583831189443,0.03205479246106968,0.004436916429827686
2026-09-03,0.010001231183714099,0.026770233881280303,0.015899414220665653,0.015373747880732092,0.01800272774996836,0.010468417941536634
2026-09-04,-0.025105848234065142,-0.020426532992031676,-0.01110272366657461,-0.001506311858065601,0.008360701613143284,-0.0038542322600894074
2026-09-08,-0.011719848691107093,-0.01150690386138653,-0.00029547392909179404,-0.005957249184734059,-0.020099006637865124,-0.005492178930014524
2026-09-09,-0.0027828881140200545,-0.004656378689556262,-0.022786357101497345,-0.01778420555905169,-0.009125929338658634,-0.004647717444469568
2026-09-10,0.03561239017170226,0.001606851530009834,0.0058975116982513676,-0.002020580503837466,-0.0226479169280428,-0.005994275703456675
2026-09-11,0.017454088133066703,0.006477951477521948,0.01773900718043908,0.01941323356027369,-0.00032060507429509943,0.008524301461116268
2026-09-14,0.0024377692400032736,0.019732459058061425,0.032171387439992705,-0.012617826577485336,-0.03357912317427003,-0.004461653484890693
2026-09-15,-0.005223941108804753,-0.01640254147099185,-0.012622008292214049,-0.020194033496756192,0.005735643802473378,-0.004586752409134642
2026-09-16,0.0032293334219983816,-0.013719036432262244,-0.006116342402297192,-0.00990255000889717,0.008153818836165172,-0.0044098804847823025
2026-09-17,0.01380823768034456,0.015194803982285787,0.013007820802615866,0.02126360214985379,0.025432457207263504,0.011338753705953053
2026-09-18,-0.0025815878848294282,-0.007975893964245362,0.006362888486728613,0.010032263418002785,0.013358292985729214,0.0012869590529585029
2026-09-21,0.0084788803799567,0.015857237214189634,0.015534681418546192,0.018682769176344705,0.022990059441793553,0.015504992215651825
2026-09-22,0.002271487960105567,-0.007196797226898033,-0.010733294491060086,-0.013426257750425385,0.006552863938686704,-0.00015513266604716414
2026-09-23,-0.008035352424806796,0.005200795859218177,-0.03795995258808027,-0.022393880111205244,-0.014680826154739757,-0.007202161019229769
2026-09-24,-0.0032638289175568325,-0.00531373715329686,0.013409108010984161,0.0004412910035951345,-0.004123953254555501,-0.000820521854125067
2026-09-25,0.015331012415526368,0.03663163597829633,0.0045566892829778105,0.0011628570071970934,0.0021818750074313886,0.005435468794763754
2026-09-28,-0.007828344241351815,-0.013464521222774861,-0.0034019928531441312,-0.014098627381248452,0.0168391752023771,-0.007441486246259066
2026-09-29,-0.026595745160542417,-0.0005106039923838956,-0.005339129313685298,0.0021125504178547416,-0.007209621131189281,-0.0018416336927525867
2026-09-30,0.01098966358306952,0.0077413412156819295,0.00926895758556312,0.010053900944372307,0.00514941302923666,-0.002054445562863161
2026-10-01,-0.008107566448037673,-0.00019504117046598157,-0.016972787043119886,-0.0036925474271837233,0.010859075551783226,0.0017832832997064507
2026-10-02,0.010202213134125282,0.009223950110185841,0.015551117305733664,0.013253871818670326,0.013384719439145876,0.0073954168068735004
